review,sentiment
The movie was a complete snoozefest.  I regretted every second.  Total waste of money.,negative
"Seriously, the worst venue I've ever been to.  The sound was terrible, the seats uncomfortable, and the staff rude.",negative
"This event was so poorly organized, it was a joke.  I left early, feeling ripped off.",negative
"What a disaster of a movie!  The acting was awful, the plot was nonsensical, and the special effects were cheesy.",negative
"I wouldn't recommend this venue to my worst enemy.  It was dirty, cramped, and overpriced.",negative
"The event was a complete letdown.  The performers were underwhelming, and the whole thing felt rushed.",negative
This movie was boring and predictable. I could have stayed home and watched paint dry.,negative
The sound system at the venue was atrocious. I couldn't hear anything properly.,negative
The event was poorly advertised and even worse in reality.  A total waste of time.,negative
This movie had a terrible plot and unbelievable acting. I'm asking for my money back.,negative
"The venue was a dump.  Dirty, smelly, and the staff were unhelpful.",negative
Such a disappointing event. The promised entertainment was nowhere to be seen.,negative
I fell asleep during this movie.  It was that bad.,negative
The venue was overcrowded and uncomfortable.  I couldn't even enjoy the event.,negative
This event was a chaotic mess.  Things weren't organized and the staff were clueless.,negative
The movie was so slow and boring.  I almost walked out.,negative
"The venue was so small and cramped, it was unbearable.  I couldn't breathe.",negative
This event was a complete rip-off.  I'm furious.,negative
The movie was predictable and cliché.  I've seen better.,negative
The venue was poorly maintained and unclean.  I'm disgusted.,negative
This event was disorganized and lacked any real entertainment value.,negative
The movie was just awful.  I don't even know where to begin.,negative
The venue was noisy and distracting.  I couldn't focus on the event.,negative
This event was a complete failure.  I regret attending.,negative
The movie was confusing and poorly written.  I was lost the entire time.,negative
The venue was far too expensive for what it offered.  I felt cheated.,negative
This event was poorly executed and lacked any creativity.,negative
The movie was a complete waste of time and money.  Don't bother.,negative
The venue was uncomfortable and lacked basic amenities.  I was miserable.,negative
This event was underwhelming and disappointing.  I expected so much more.,negative
The movie was boring and lacked any substance.  I'm so disappointed.,negative
The venue was dirty and smelled awful.  I couldn't even stay for the whole event.,negative
This event was poorly managed and lacked any sense of professionalism.,negative
The movie was a mess.  The plot was all over the place.,negative
The venue was difficult to get to and poorly signposted.  I almost missed the event.,negative
This event was a huge letdown.  I'm so angry.,negative
"The movie was so predictable, it was insulting.  I'm so mad.",negative
The venue was overpriced and understaffed.  It was chaos.,negative
This event was a complete waste of my evening.  I'm so frustrated.,negative
The movie was just plain bad.  I can't believe I paid to see it.,negative
"The venue was cramped and uncomfortable, making the event unpleasant.",negative
This event was poorly advertised and didn't live up to the hype.,negative
The movie was a complete disappointment.  I'm so upset.,negative
"The venue was a fire hazard.  Seriously, it was dangerous.",negative
This event was a total disaster.  I'll never go back.,negative
"The movie was slow, boring, and had terrible acting.",negative
"The venue was small, dirty, and the sound was terrible.",negative
This event was poorly organized and lacked any clear direction.,negative
The movie was confusing and lacked a coherent plot.,negative
The venue was uncomfortable and lacked adequate seating.,negative
This event was a complete waste of time and money.  Avoid it.,negative
The movie was predictable and lacked any originality.,negative
The venue was difficult to access and lacked proper parking.,negative
This event was a disaster.  The performers were unprofessional.,negative
The movie was terrible.  I regret watching it.,negative
The venue was run-down and in desperate need of repair.,negative
This event was a complete letdown.  I'm so disappointed.,negative
"The movie was boring, predictable, and had terrible dialogue.",negative
The venue was overcrowded and chaotic.  It was a nightmare.,negative
This event was poorly managed and lacked any customer service.,negative
The movie was a complete mess.  I couldn't follow the plot.,negative
The venue was uncomfortable and the temperature was unbearable.,negative
This event was a waste of time and money.  I'm so angry.,negative
"The movie was so bad, I walked out halfway through.",negative
The venue was poorly lit and difficult to navigate.,negative
This event was a complete failure.  I'm so frustrated.,negative
The movie was unoriginal and lacked any creativity.,negative
The venue was dirty and lacked basic hygiene standards.,negative
This event was a total disappointment.  I'm so upset.,negative
The movie was a complete waste of time.  Don't bother watching it.,negative
The venue was expensive and didn't offer anything special.,negative
This event was poorly organized and chaotic.  It was a mess.,negative
The movie was boring and had no redeeming qualities.,negative
The venue was inaccessible to those with disabilities.,negative
This event was a complete rip-off.  I'm demanding a refund.,negative
The movie was slow-paced and lacked any excitement.,negative
The venue was uncomfortable and lacked proper ventilation.,negative
This event was a total disaster.  I'm so disappointed.,negative
The movie was confusing and poorly edited.,negative
"The venue was noisy and disruptive, ruining the event.",negative
This event was a complete waste of my time and money.,negative
The movie was predictable and lacked any suspense.,negative
The venue was poorly maintained and in need of renovation.,negative
This event was a total letdown.  I'm so angry.,negative
The movie was boring and had terrible special effects.,negative
The venue was difficult to find and poorly advertised.,negative
This event was a complete failure.  I regret going.,negative
The movie was uninspired and lacked any originality.,negative
The venue was uncomfortable and lacked basic amenities.,negative
This event was a complete disappointment.  I'm so frustrated.,negative
The movie was a complete waste of my time and money.,negative
The venue was overpriced and understaffed.  It was a disaster.,negative
This event was poorly organized and lacked any entertainment value.,negative
The movie was boring and had terrible acting.,negative
The venue was dirty and smelled bad.,negative
This event was a complete letdown.  I'm so upset.,negative
The movie was confusing and difficult to follow.,negative
The venue was inaccessible and difficult to navigate.,negative
This event was a total waste of my time.,negative
The movie was unoriginal and predictable.,negative
The venue was uncomfortable and lacked proper seating.,negative
This event was a complete disappointment.  I'm so angry.,negative
The movie was boring and had a terrible plot.,negative
The venue was poorly maintained and in disrepair.,negative
The movie was a waste of time and money.,negative
The venue was overcrowded and uncomfortable.,negative
This event was a total letdown. I'm so disappointed.,negative
This product is garbage. It broke after only a week.  I'm so disappointed.,negative
The movie was a complete waste of time.  The plot was nonsensical and the acting was awful.,negative
"What a terrible event!  Poorly organized, overpriced, and the performers were terrible.",negative
"This venue is a dump.  Dirty, smelly, and the staff were incredibly rude.",negative
I hate this product! It doesn't work as advertised and the customer service is terrible.,negative
The movie was boring and predictable. I could have stayed home and watched paint dry.,negative
This event was a complete letdown.  I left feeling ripped off and angry.,negative
This product is cheaply made and fell apart immediately.  Don't waste your money!,negative
"The movie was so slow and boring, I almost fell asleep.  Total waste of time.",negative
This event was a disorganized mess.  No one knew what was going on.,negative
The venue was dirty and smelled awful.  I couldn't wait to leave.,negative
This product is a scam! It doesn't work at all.  I want my money back!,negative
The movie had terrible special effects and a nonsensical plot.  I'm furious.,negative
This event was poorly advertised and even worse in reality.  A complete waste of time.,negative
This product is defective and I'm stuck with a useless piece of junk.,negative
The venue was noisy and distracting.  I couldn't focus on anything.,negative
This product stopped working after only a few uses.  Very disappointing.,negative
This product is a complete rip-off.  The quality is terrible.,negative
This product doesn't work as described.  False advertising!,negative
The venue was difficult to get to and poorly signposted. I almost missed it.,negative
This product is cheaply made and broke easily.  I'm so angry.,negative
This product is a total waste of money.  I regret buying it.,negative
This product is faulty and I'm extremely unhappy with it.,negative
This product is useless.  It doesn't do what it's supposed to do.,negative
This product is cheaply made and doesn't last.  Avoid it!,negative
This product is a scam!  I demand a refund!,negative
This product is broken and I'm very disappointed.,negative
This product is a waste of money.  Don't buy it!,negative
This product is defective and doesn't function properly.,negative
This product stopped working after only one use.  Unbelievable!,negative
This product is junk.  It's cheaply made and doesn't work.,negative
This product is a complete waste of time.  Don't bother.,negative
This product is useless and I regret buying it.,negative
This product is terrible quality and I'm very unhappy.,negative
This product is faulty and I'm demanding a refund.,negative
This product is a complete rip-off.  The price is outrageous.,negative
This product is a waste of my hard-earned money.,negative
The venue was overpriced and understaffed. It was a disaster.,negative
This product is cheaply made and falls apart easily.,negative
This event was a complete letdown. I'm so upset.,negative
This product is defective and I'm requesting a replacement.,negative
This product is a disappointment.  I expected better.,negative
This event was a complete disappointment. I'm so angry.,negative
This product is poorly designed and difficult to use.,negative
This event was a complete failure. I'm so frustrated.,negative
This product is a waste of time and money.,negative
"The product was okay, nothing special. It did the job, I guess.",neutral
"The movie was alright.  It wasn't amazing, but it wasn't terrible either.",neutral
"The event was decent.  Could have been better organized, but it was fine.",neutral
"The venue was average.  Nothing to write home about, but it served its purpose.",neutral
"It was a pretty standard product.  Not bad, not great.",neutral
"The movie was watchable.  I've seen better, but I've seen worse.",neutral
The event was acceptable.  Nothing particularly memorable.,neutral
"The venue was adequate.  It wasn't luxurious, but it was functional.",neutral
"It was a pretty run-of-the-mill product.  Met my expectations, I suppose.",neutral
The movie was passable.  I wouldn't rush to see it again.,neutral
"The event was okay, nothing to get excited about.",neutral
"The venue was satisfactory.  It did the job, but nothing more.",neutral
"The product was functional.  It worked as intended, but wasn't impressive.",neutral
The movie was just okay.  I've seen better films.,neutral
"The event was pretty standard.  Nothing special, but it was fine.",neutral
"The venue was convenient.  Easy to get to, which was nice.",neutral
"The product was simple, but effective.  It did what it needed to do.",neutral
"The movie was mildly entertaining.  Not a masterpiece, but not a disaster.",neutral
"The event was alright.  It wasn't bad, but it wasn't great either.",neutral
The venue was clean and tidy.  That's about all I can say.,neutral
"The product was as expected.  No surprises, good or bad.",neutral
"The movie was a decent time killer.  Nothing remarkable, but it passed the time.",neutral
The event was reasonably priced.  That was a plus.,neutral
The venue was spacious enough.  No complaints there.,neutral
"The product worked fine.  No issues, no complaints.",neutral
The movie was an average film.  Nothing particularly memorable.,neutral
"The event was well-attended.  That's a good sign, I guess.",neutral
The venue had good acoustics.  That was a positive.,neutral
"The product was pretty basic.  It's functional, but lacks features.",neutral
"The movie was a bit slow, but it wasn't terrible.",neutral
The event could have used better signage.,neutral
The venue was easy to find.  That's helpful.,neutral
"The product was a bit pricey, but it worked well.",neutral
"The movie was predictable, but enjoyable enough.",neutral
"The event was a bit disorganized, but overall okay.",neutral
"The venue was a bit cramped, but manageable.",neutral
"The product was okay, but I've seen better.",neutral
"The movie was a bit long, but not unbearable.",neutral
"The event was decent, but nothing special.",neutral
The venue was clean and comfortable enough.,neutral
"The product met my basic needs.  It wasn't amazing, but it worked.",neutral
The movie was a so-so movie.  Nothing to rave about.,neutral
The event was pretty uneventful.  It was okay.,neutral
The venue was conveniently located.  That was a plus.,neutral
The product was alright for the price.  Not bad value.,neutral
"The movie was a bit cheesy, but entertaining.",neutral
"The event was well-organized, but a bit boring.",neutral
The venue was modern and clean.,neutral
The product was simple to use.  That's a plus.,neutral
The movie was okay for a casual viewing.,neutral
"The event was average.  It wasn't bad, but it wasn't great.",neutral
The venue was fairly priced.  No complaints there.,neutral
The product was durable enough.  It held up well.,neutral
The movie was a typical action film.  Nothing groundbreaking.,neutral
"The event was a bit crowded, but manageable.",neutral
The venue had adequate parking.  That was convenient.,neutral
The product was easy to assemble.  That was helpful.,neutral
"The movie was a bit predictable, but still enjoyable.",neutral
The event was well-paced.  It didn't drag on.,neutral
The venue was accessible.  Easy to get to.,neutral
The product was a decent value for the money.,neutral
The movie was a good way to spend an evening.,neutral
The event was pleasant enough.  It was a nice way to spend an afternoon.,neutral
The venue was clean and well-maintained.,neutral
The product was functional and reliable.  It did its job.,neutral
"The movie was a decent watch.  I wouldn't say it was amazing, but it was fine.",neutral
"The event was okay, but could have been better.",neutral
"The venue was alright, nothing special.",neutral
"The product was a bit underwhelming, but it worked.",neutral
"The movie was a bit slow-paced, but the story was good.",neutral
"The event was well-organized, but a bit pricey.",neutral
"The venue was a bit far out, but it was nice.",neutral
"The product was a bit complicated to use, but it worked well.",neutral
"The movie was okay, I guess.  It wasn't bad, but it wasn't great.",neutral
"The event was enjoyable, but a bit short.",neutral
The venue was clean and modern.,neutral
The product was a decent option.  It met my needs.,neutral
"The event was a bit crowded, but the atmosphere was good.",neutral
The venue was easy to find and park at.,neutral
The product was simple to use and effective.,neutral
"The movie was a bit predictable, but entertaining nonetheless.",neutral
The event was well-organized and ran smoothly.,neutral
The venue was comfortable and spacious.,neutral
The product was a good value for the money.  It was worth the price.,neutral
"The movie was okay, but nothing special.",neutral
"The event was a bit underwhelming, but it was okay.",neutral
The product was functional and reliable.,neutral
"The movie was a decent watch.  It wasn't amazing, but it was watchable.",neutral
"The event was okay, but a bit overpriced.",neutral
"The venue was a bit noisy, but otherwise okay.",neutral
"The product was a bit flimsy, but it worked.",neutral
"The movie was a bit slow, but the acting was good.",neutral
The venue was conveniently located.,neutral
"The product was a simple, effective tool.",neutral
The movie was okay for a lazy Sunday afternoon.,neutral
"The event was average, nothing to write home about.",neutral
The venue was clean and comfortable.,neutral
The product was a decent purchase.  It did what it was supposed to do.,neutral
"The event was well-attended, but a bit crowded.",neutral
The venue was accessible and easy to get to.,neutral
The product was a good value for the price.,neutral
The movie was a decent way to spend an evening.,neutral
The event was pleasant enough.  It was a nice way to spend some time.,neutral
"The movie was a decent watch.  It wasn't amazing, but it was fine.",neutral
"The movie was okay, I guess. It wasn't bad, but it wasn't great.",neutral
The product was a decent option. It met my needs.,neutral
The movie was an average film. Nothing particularly memorable.,neutral
The product was a good value for the money. It was worth the price.,neutral
"The concert was alright, a bit loud for my taste, but the venue was nice and easy to get to.",neutral
"Pretty good movie, I've seen better, but it wasn't a waste of time.  The acting was decent.",neutral
"This product is okay, does what it's supposed to, nothing special.  I might buy it again.",neutral
"The pizza was just average.  The crust was a bit too thin, but the toppings were fresh.",neutral
"That new event was interesting. I learned a few things, but it could have been better organized.",neutral
"The venue was clean and spacious.  Parking was a bit of a hassle, though.  Overall, a decent experience.",neutral
"I'm not sure about this new phone. The camera is good, but the battery life is terrible.",neutral
"This book was a bit slow to start, but it picked up towards the end.  Worth a read.",neutral
The service at the restaurant was prompt and friendly.  The food was average.,neutral
"This coffee is pretty strong, a bit too strong for my liking, but the flavor is good.",neutral
"The game was exciting, even though my team lost.  The stadium was packed.",neutral
The hotel was comfortable enough for a short stay.  The breakfast was underwhelming.,neutral
"I liked the design of this laptop, but the keyboard is a bit cramped.  It's functional.",neutral
"The show was entertaining.  The special effects were impressive, but the plot was predictable.",neutral
This shampoo leaves my hair feeling soft.  The scent is a bit overpowering.,neutral
"The concert was a bit too long, but the band was great.  The sound quality was excellent.",neutral
"The food at the festival was delicious and diverse.  It was quite crowded, though.",neutral
This new software is user-friendly and efficient.  It has a few minor bugs.,neutral
"The museum was fascinating.  I spent hours there, and I could have stayed longer.",neutral
The customer service was helpful and resolved my issue quickly.  I'm satisfied.,neutral
"The movie was predictable, but it was still enjoyable.  The soundtrack was amazing.",neutral
"This product is durable and well-made.  It's a bit pricey, though.",neutral
The event was well-organized and informative.  The speakers were engaging.,neutral
The venue was modern and accessible.  The seating was comfortable.,neutral
This chair is comfortable and supportive.  It's a bit bulky.,neutral
"The restaurant had a nice atmosphere.  The food was good, but the portions were small.",neutral
The play was well-acted and engaging.  The costumes were elaborate.,neutral
This car is reliable and fuel-efficient.  It's a bit boring to drive.,neutral
The conference was insightful and productive.  The networking opportunities were great.,neutral
The hotel room was clean and spacious.  The view was amazing.,neutral
This tablet is lightweight and portable.  The battery life is decent.,neutral
"The concert was loud, but the music was good.  The crowd was energetic.",neutral
"The movie was a bit slow, but the ending was satisfying.  The acting was superb.",neutral
This product is easy to use and effective.  It's a bit expensive.,neutral
The event was well-attended and successful.  The organizers did a great job.,neutral
The venue was clean and well-maintained.  The staff was friendly and helpful.,neutral
This bag is stylish and durable.  It's a bit small.,neutral
"The restaurant was busy, but the service was quick.  The food was delicious.",neutral
The play was funny and entertaining.  The actors were talented.,neutral
This phone is fast and responsive.  The camera is excellent.,neutral
The conference was interesting and informative.  The location was convenient.,neutral
The hotel was comfortable and convenient.  The price was reasonable.,neutral
This laptop is powerful and versatile.  The battery life is short.,neutral
"The concert was amazing! The band was incredible, but the sound system could have been better.",neutral
"The movie was okay, nothing special.  I wouldn't recommend it, but it wasn't terrible either.",neutral
"This product works as advertised.  It's simple to use, but not very exciting.",neutral
"The event was a bit disorganized, but it was still fun.  The food was good.",neutral
"The venue was a bit cramped, but it had a good atmosphere.  The music was loud.",neutral
"This is a decent pair of headphones.  The sound quality is good, but they're not very comfortable.",neutral
The restaurant was clean and the service was friendly.  The food was average.,neutral
"The show was entertaining, even though it was a bit predictable.  The costumes were nice.",neutral
"This software is easy to navigate, but it lacks some key features.  It's functional.",neutral
"The museum was interesting, but it was a bit crowded.  The exhibits were well-curated.",neutral
"The customer service representative was helpful, but the resolution took a while.  It's fine.",neutral
"The movie had a good plot, but the acting was uneven.  It was watchable.",neutral
"This product is reliable and long-lasting.  It's a bit expensive, but worth the investment.",neutral
The event was well-organized and informative.  The speakers were knowledgeable.,neutral
The venue was accessible and convenient.  The parking was easy.,neutral
This chair is comfortable and stylish.  It's a bit pricey.,neutral
"The restaurant had a great ambiance.  The food was okay, but the service was slow.",neutral
The play was moving and thought-provoking.  The set design was impressive.,neutral
This car is safe and reliable.  It's a bit underpowered.,neutral
The conference was well-run and efficient.  The speakers were engaging.,neutral
The hotel room was clean and modern.  The Wi-Fi was unreliable.,neutral
This tablet is user-friendly and intuitive.  The screen is a bit small.,neutral
"The concert was enjoyable, despite some technical difficulties.  The band was talented.",neutral
"The movie was entertaining, although the plot was a bit convoluted.  It was okay.",neutral
This product is simple to use and effective.  It's a bit basic.,neutral
"The event was successful, despite some minor hiccups.  It was fun.",neutral
The venue was spacious and well-lit.  The acoustics were good.,neutral
This bag is lightweight and practical.  It's a bit plain.,neutral
"The restaurant's food was good, but the portions were small.  The service was prompt.",neutral
The play was humorous and well-paced.  The acting was good.,neutral
This phone is sleek and stylish.  The battery life is average.,neutral
The conference was productive and insightful.  The networking opportunities were limited.,neutral
The hotel was clean and comfortable.  The breakfast was bland.,neutral
This laptop is fast and efficient.  The screen resolution is low.,neutral
"The concert was great, but the tickets were expensive.  The venue was crowded.",neutral
"The movie was decent, nothing outstanding.  I've seen better.",neutral
This product is functional and reliable.  It's not very exciting.,neutral
"The event was okay, nothing special.  It was well-organized.",neutral
"The venue was nice, but it was difficult to find parking.  It was clean.",neutral
"This is a good pair of shoes.  They're comfortable, but not very stylish.",neutral
"The restaurant was crowded, but the service was excellent.  The food was delicious.",neutral
"The show was amazing, but the tickets were expensive.  The venue was perfect.",neutral
"This software is powerful, but it's difficult to learn.  It's useful.",neutral
The museum was educational and engaging.  The exhibits were interesting.,neutral
The customer service was prompt and efficient.  The resolution was satisfactory.,neutral
The movie was thought-provoking and well-made.  The acting was superb.,neutral
This product is high-quality and durable.  It's a bit expensive.,neutral
The event was well-attended and successful.  The speakers were engaging.,neutral
The venue was modern and accessible.  The staff were friendly.,neutral
This chair is comfortable and ergonomic.  It's a bit expensive.,neutral
"The restaurant was romantic and intimate.  The food was delicious, but pricey.",neutral
The play was captivating and memorable.  The costumes were beautiful.,neutral
This car is luxurious and comfortable.  It's expensive to maintain.,neutral
The conference was informative and productive.  The location was excellent.,neutral
The hotel was luxurious and opulent.  The service was impeccable.,neutral
This tablet is powerful and versatile.  The price is high.,neutral
The concert was electrifying and unforgettable.  The band was phenomenal.,neutral
The movie was gripping and suspenseful.  The plot twists were unexpected.,neutral
This product is innovative and groundbreaking.  It's expensive.,neutral
The event was unique and memorable.  The atmosphere was electric.,neutral
The venue was stunning and impressive.  The location was perfect.,neutral
This bag is stylish and sophisticated.  It's expensive.,neutral
The restaurant was upscale and elegant.  The food was exquisite.,neutral
The play was moving and emotional.  The acting was superb.,neutral
This car is sporty and powerful.  It's fuel-inefficient.,neutral
The conference was cutting-edge and forward-thinking.  The speakers were brilliant.,neutral
The hotel was a luxurious oasis.  The amenities were top-notch.,neutral
"It was okay, nothing special.",neutral
I had a decent time. Could have been better.,neutral
"It was alright, met my expectations.",neutral
"Pretty average, wouldn't rave about it.",neutral
"A so-so experience, nothing to write home about.",neutral
"It was fine, I guess.",neutral
"Not bad, not great.",neutral
"Adequate, served its purpose.",neutral
"Meh, it was there.",neutral
It did the job.,neutral
Perfectly acceptable.,neutral
I wouldn't complain.,neutral
It was what it was.,neutral
Nothing particularly stood out.,neutral
A standard experience.,neutral
Pretty unremarkable.,neutral
It was decent enough.,neutral
"I've had better, but I've had worse.",neutral
"It was okay, I suppose.",neutral
A middle-of-the-road experience.,neutral
It met my basic needs.,neutral
It was functional.,neutral
"Not overly impressive, but not terrible either.",neutral
A passable experience.,neutral
It was just okay.,neutral
"Nothing to get excited about, but nothing to be upset about either.",neutral
It was an average day.,neutral
It was a pretty neutral experience.,neutral
"I didn't love it, but I didn't hate it either.",neutral
"It was just there, you know?",neutral
It was a bit bland.,neutral
It lacked a certain something.,neutral
It was kind of forgettable.,neutral
A run-of-the-mill experience.,neutral
It was satisfactory.,neutral
It served its purpose adequately.,neutral
"I wouldn't go out of my way for it, but I wouldn't avoid it either.",neutral
It was a pretty typical experience.,neutral
It was neither good nor bad.,neutral
It was about what I expected.,neutral
It was a fairly neutral experience.,neutral
It was just an okay thing.,neutral
I didn't have any strong feelings about it.,neutral
It was an unremarkable event.,neutral
It was pretty much as expected.,neutral
It was a decent enough product.,neutral
It was an adequate movie.,neutral
It was a functional venue.,neutral
It was a passable performance.,neutral
It was a so-so presentation.,neutral
It was an okay showing.,neutral
It was a satisfactory outcome.,neutral
It was a pretty standard affair.,neutral
It was a fairly typical experience.,neutral
It was a middle-of-the-road performance.,neutral
It was an adequate service.,neutral
It was a functional design.,neutral
It was a passable attempt.,neutral
It was a so-so effort.,neutral
It was an okay try.,neutral
It was a satisfactory result.,neutral
It was a pretty standard offering.,neutral
It was a fairly typical product.,neutral
It was a middle-of-the-road offering.,neutral
It was a decent enough service.,neutral
It was an adequate product.,neutral
It was a functional experience.,neutral
It was a passable event.,neutral
It was a so-so occasion.,neutral
It was an okay gathering.,neutral
It was a satisfactory meeting.,neutral
It was a pretty standard event.,neutral
It was a fairly typical gathering.,neutral
It was a middle-of-the-road event.,neutral
It was a decent enough occasion.,neutral
It was an adequate event.,neutral
It was a passable concert.,neutral
It was a so-so show.,neutral
It was an okay performance.,neutral
It was a satisfactory show.,neutral
It was a pretty standard concert.,neutral
It was a fairly typical show.,neutral
It was a middle-of-the-road concert.,neutral
It was a decent enough performance.,neutral
It was an adequate concert.,neutral
It was a passable movie.,neutral
It was a so-so film.,neutral
It was an okay movie.,neutral
It was a satisfactory film.,neutral
It was a pretty standard movie.,neutral
It was a fairly typical film.,neutral
It was a middle-of-the-road movie.,neutral
It was a decent enough film.,neutral
"It was okay, I guess.  Nothing really stood out.",neutral
"It was pretty average.  I wouldn't recommend it, but I wouldn't discourage it either.",neutral
"It was alright.  It did the job, I suppose.",neutral
"It was decent enough. Could have been better, but it wasn't bad.",neutral
"It was fine.  Met my expectations, nothing more, nothing less.",neutral
"It was a pretty standard experience.  Nothing special, but nothing terrible either.",neutral
"It was okay.  I've had better, but I've also had much worse.",neutral
"It was just an average product.  No complaints, but no praise either.",neutral
"It was acceptable.  I wouldn't rush back, but I wouldn't avoid it either.",neutral
It was satisfactory.  It served its purpose.,neutral
"It was a neutral experience.  Nothing memorable, but nothing negative either.",neutral
It was a pretty typical event.  Nothing out of the ordinary.,neutral
"It was alright.  It wasn't amazing, but it wasn't a waste of time.",neutral
"It was okay.  I wouldn't go again, but it wasn't awful.",neutral
It was a pretty average product.  It did what it was supposed to do.,neutral
"It was decent.  Nothing to write home about, but it wasn't bad.",neutral
It was acceptable.  It met my needs.,neutral
It was an unremarkable experience.  I've forgotten most of it already.,neutral
It was satisfactory.  I wouldn't complain.,neutral
It was a pretty standard event.  It was what it was.,neutral
"It was okay.  It wasn't great, but it wasn't terrible either.",neutral
Absolutely terrible!  What a waste of money.,negative
This was the worst experience ever. I regret everything.,negative
Don't waste your time or money on this.  Complete garbage.,negative
I'm furious!  This was a total rip-off.,negative
The worst thing I've ever seen.  Avoid at all costs!,negative
Utterly disappointing.  I'm so angry.,negative
A complete disaster.  I demand a refund!,negative
I'm beyond disappointed.  This was a terrible mistake.,negative
What a joke!  This was a complete waste of time.,negative
This was awful.  I'm so mad.,negative
I'm incredibly unhappy with this.  Don't bother.,negative
This was a nightmare.  I'll never go back.,negative
The absolute worst!  I'm so let down.,negative
I'm so angry!  This was a total scam.,negative
This was a horrible experience.  I'm furious.,negative
I hated it!  Don't waste your money.,negative
This was a complete failure.  I'm so disappointed.,negative
Absolutely dreadful!  I'm beyond words.,negative
I'm so upset.  This was a terrible product.,negative
This was a waste of my time and money.  Avoid!,negative
I'm so disappointed.  It was awful.,negative
This was a terrible movie.  I regret watching it.,negative
What a mess!  This was a complete disaster.,negative
I'm so angry.  This was unacceptable.,negative
This was a terrible event.  I'm so let down.,negative
I'm furious!  This was a complete rip-off.,negative
This was a horrible experience.  I'll never forget it.,negative
I'm so disappointed.  It was a total waste of time.,negative
I hated every minute of it.  Don't go near this.,negative
This was a complete disaster.  I'm beyond upset.,negative
I'm so angry.  This was a total scam.,negative
This was a terrible product.  I'm so disappointed.,negative
I'm furious!  This was a complete waste of money.,negative
This was a horrible experience.  Avoid it like the plague!,negative
I'm so let down.  This was a total failure.,negative
I'm beyond disappointed.  This was unacceptable.,negative
This was awful.  I'm so angry.,negative
I'm incredibly unhappy with this.  Stay away!,negative
This was a nightmare.  I'll never forgive them.,negative
The absolute worst!  I'm so disgusted.,negative
I'm so angry!  This was a total rip-off.,negative
This was a horrible experience.  I'm heartbroken.,negative
I hated it!  It was a complete waste of everything.,negative
This was a complete failure.  I'm devastated.,negative
Absolutely dreadful!  I'm speechless.,negative
I'm so upset.  This was a terrible service.,negative
This was a waste of my time and money.  I'm furious!,negative
I'm so disappointed.  It was a complete joke.,negative
This was a terrible venue.  It was disgusting.,negative
What a mess!  This was a complete and utter disaster.,negative
I'm so angry.  This was insulting.,negative
This was a terrible event.  I'm so angry.,negative
This was a horrible experience.  I'm traumatized.,negative
I'm so disappointed.  It was a total waste of my evening.,negative
This was awful.  I'm beyond words.,negative
I hated every second of it.  Avoid at all costs!,negative
This was a complete disaster.  I'm utterly disgusted.,negative
I'm so angry.  This was a total sham.,negative
This was a terrible product.  It's broken already!,negative
I'm furious!  This was a complete waste of my hard-earned money.,negative
This was a horrible experience.  I'm shaking with anger.,negative
I'm so let down.  This was a total let down.,negative
I'm beyond disappointed.  This was a complete joke.,negative
What a joke!  This was a complete waste of my life.,negative
This was awful.  I'm speechless.,negative
I'm incredibly unhappy with this.  I demand a refund!,negative
This was a nightmare.  I'm having nightmares about it.,negative
The absolute worst!  I'm beyond angry.,negative
I'm so angry!  This was a total fraud.,negative
This was a horrible experience.  I'm still recovering.,negative
I hated it!  It was a complete and utter disaster.,negative
This was a complete failure.  I'm heartbroken.,negative
Absolutely dreadful!  I'm still fuming.,negative
I'm so upset.  This was a terrible investment.,negative
This was a waste of my time and money.  I'm devastated!,negative
I'm so disappointed.  It was a complete and utter mess.,negative
This was a terrible service.  I'm furious.,negative
What a mess!  This was a complete and utter failure.,negative
I'm so angry.  This was a total disgrace.,negative
This was a terrible event.  I'm still traumatized.,negative
I'm furious!  This was a complete con.,negative
This was a horrible experience.  I'm filing a complaint.,negative
I'm so disappointed.  It was a complete waste of everything.,negative
This was awful.  I demand my money back!,negative
I hated it.  It was the worst thing ever.,negative
This was a complete disaster.  I'm beyond words.,negative
I'm so angry.  This is unacceptable.,negative
This was a terrible product.  Don't buy this!,negative
This was an absolute disaster!,negative
I'm incredibly disappointed.,negative
What a complete waste of time and money!,negative
I'm furious with the poor quality.,negative
This was utterly dreadful.,negative
I wouldn't recommend this to my worst enemy.,negative
The service was appalling.,negative
"I'm so angry, I could scream!",negative
This was a total rip-off.,negative
I'm completely disgusted.,negative
It was a horrendous experience.,negative
I'm beyond disappointed.,negative
This was a nightmare.,negative
I demand a full refund!,negative
I'm absolutely livid.,negative
This was a pathetic excuse for...,negative
"I'm so angry, I'm shaking!",negative
The whole thing was a joke.,negative
I regret ever going/buying this.,negative
This was a complete waste of my evening/day.,negative
I'm utterly speechless.,negative
"It was a terrible, terrible experience.",negative
"I'm so angry, I can't even...",negative
This was a total failure.,negative
I'm completely let down.,negative
The product was faulty and useless.,negative
I'm absolutely furious!,negative
This was a shockingly bad experience.,negative
"I'm so disappointed, I'm heartbroken.",negative
I'm considering legal action.,negative
This was a complete and utter mess.,negative
I'm beyond words.,negative
I'm completely outraged.,negative
This was a travesty!,negative
"I'm so angry, I'm going to...",negative
The staff were unhelpful and rude.,negative
I'm demanding compensation!,negative
This was a total scam.,negative
I'm utterly disgusted by the whole thing.,negative
This was a truly horrific experience.,negative
"I'm so angry, I could explode!",negative
This was a complete waste of my hard-earned money.,negative
I'm completely and utterly devastated.,negative
I'm filing a formal complaint.,negative
This was an insult to my intelligence.,negative
"I'm so angry, I'm speechless.",negative
This was a total embarrassment.,negative
I'm beyond angry.,negative
This was a complete and utter disaster.,negative
I'm absolutely appalled.,negative
"I'm so disappointed, I'm sick to my stomach.",negative
I'm considering taking further action.,negative
This was a complete and utter joke.,negative
I'm completely and utterly disgusted.,negative
This was a truly terrible experience.,negative
"I'm so angry, I'm losing my mind!",negative
This was a complete and utter waste of time.,negative
I'm completely and utterly let down.,negative
The product was defective and dangerous.,negative
This was a shockingly poor experience.,negative
"I'm so disappointed, I'm in tears.",negative
I'm considering contacting the authorities.,negative
This was a complete and utter shambles.,negative
I'm completely and utterly speechless.,negative
I'm completely and utterly outraged.,negative
This was a travesty of justice!,negative
"I'm so angry, I'm ready to fight!",negative
This was a complete and utter disgrace.,negative
I'm completely and utterly appalled.,negative
"I'm so disappointed, I'm feeling ill.",negative
I'm considering seeking legal advice.,negative
This was a complete and utter farce.,negative
This was a truly awful experience.,negative
"I'm so angry, I'm about to explode!",negative
This was a complete and utter waste of my life.,negative
The service was substandard and unacceptable.,negative
This was a shockingly bad performance.,negative
I'm considering reporting this to the relevant authorities.,negative
This was a complete and utter catastrophe.,negative
This was a travesty of an event!,negative
"I'm so angry, I'm ready to riot!",negative
"I'm so disappointed, I'm unable to function.",negative
I'm considering taking legal action against them.,negative
This was a complete and utter sham.,negative
"I'm so angry, I'm losing it!",negative
This was a complete and utter waste of my energy.,negative
The product was dangerous and harmful.,negative
This was a shockingly poor product.,negative
"I'm so disappointed, I'm completely devastated.",negative
I'm considering filing a formal complaint with the relevant authorities.,negative
"This concert was absolutely incredible! The energy was electric, and the band was phenomenal. I'd go see them again in a heartbeat!",positive
"I loved this movie! The acting was superb, the plot was captivating, and the special effects were stunning.  A must-see!",positive
What a fantastic product! It's exactly what I needed and works perfectly.  Highly recommend it!,positive
"The venue was amazing!  Great sound, comfortable seating, and a friendly staff.  I had a blast!",positive
This event was so much fun!  I met some great people and had a wonderful time. I can't wait for the next one!,positive
"This restaurant is a hidden gem! The food was delicious, the service was excellent, and the atmosphere was cozy. I'll be back!",positive
I'm so happy with this purchase! It's high quality and exceeded my expectations.  Five stars!,positive
The show was breathtaking! The performers were talented and the choreography was mesmerizing.  A truly unforgettable experience!,positive
"I had a wonderful time at this festival! The music was great, the food was delicious, and the atmosphere was vibrant.  A perfect day!",positive
This product is a lifesaver! It makes my life so much easier. I'm so glad I bought it!,positive
"The hotel was luxurious and comfortable. The staff was incredibly helpful and friendly, making our stay truly memorable. I highly recommend it!",positive
This book was amazing! I couldn't put it down. The characters were well-developed and the story was captivating.  A great read!,positive
"What a fantastic game! The graphics were stunning, the gameplay was smooth, and the story was engaging.  A must-play!",positive
"I'm in love with this new phone! It's fast, efficient, and has so many great features.  Definitely worth the money!",positive
"The coffee shop is my new favorite spot! The coffee is delicious, the atmosphere is relaxing, and the staff is always friendly.  Highly recommend it!",positive
"This is the best pizza I've ever had! The crust was perfectly crispy, the toppings were fresh, and the sauce was amazing.  A perfect meal!",positive
I had such a great time at the museum! The exhibits were fascinating and well-curated.  I learned so much!,positive
"This new laptop is a dream come true! It's fast, powerful, and perfect for all my needs.  I'm so happy with it!",positive
"The concert was unforgettable! The band's energy was infectious, and the crowd was amazing.  A night to remember!",positive
"This product is incredibly user-friendly! It's easy to set up and use, and it works perfectly.  I'm very impressed!",positive
"I loved this movie! It was funny, heartwarming, and had a great message.  A perfect feel-good movie!",positive
"The service at this restaurant was impeccable! The staff was attentive and friendly, and the food was delicious.  A great dining experience!",positive
This is the best workout class I've ever taken! The instructor was motivating and the workout was challenging but rewarding.  Highly recommend it!,positive
"This event was a huge success!  Everything ran smoothly, and everyone had a great time.  A fantastic event!",positive
"I'm so impressed with this company's customer service! They were helpful, responsive, and resolved my issue quickly.  A great experience!",positive
"This product is a game-changer! It's innovative, efficient, and makes my life so much easier.  I highly recommend it!",positive
"The play was fantastic! The acting was superb, the set design was impressive, and the story was captivating.  A must-see!",positive
I had a wonderful time at the spa! The treatments were relaxing and rejuvenating.  A perfect way to unwind!,positive
"This is the best cake I've ever tasted! It was moist, delicious, and beautifully decorated.  A perfect dessert!",positive
The park is beautiful and well-maintained. It's a great place to relax and enjoy nature. I highly recommend a visit!,positive
This online course was incredibly informative and well-structured. The instructor was knowledgeable and engaging.  A great learning experience!,positive
"I'm so happy with my new car! It's stylish, comfortable, and drives like a dream.  A great purchase!",positive
"The theme park was amazing!  The rides were thrilling, the shows were entertaining, and the atmosphere was magical.  A fantastic day out!",positive
"This is the best coffee I've ever had! It's rich, smooth, and perfectly brewed.  A perfect start to the day!",positive
I loved this podcast! The host was engaging and the topics were interesting.  A great listen!,positive
The customer service was outstanding! They went above and beyond to help me.  I'm very grateful!,positive
"This product exceeded my expectations! It's high-quality, durable, and works perfectly.  I'm very pleased!",positive
"The concert venue was perfect!  Great acoustics, ample space, and a fantastic atmosphere.  I had a blast!",positive
This book is a page-turner! I couldn't put it down until I finished it.  A gripping read!,positive
"The food at this restaurant was incredible!  Everything was fresh, flavorful, and beautifully presented.  A culinary delight!",positive
I'm so glad I attended this workshop! I learned so much and met some great people.  A valuable experience!,positive
This software is intuitive and easy to use. It's helped streamline my workflow significantly.  Highly recommend it!,positive
The museum exhibit was fascinating!  It was well-organized and presented a compelling narrative.  A must-see for history buffs!,positive
"This travel agency made planning my trip so easy!  They were professional, efficient, and helped me find the perfect vacation package.  Highly recommend them!",positive
"I loved this TV show! The characters were relatable, the plot was engaging, and the acting was superb.  A must-watch!",positive
"The sporting event was thrilling!  The competition was fierce, and the atmosphere was electric.  A great game!",positive
"This online store is fantastic!  The website is easy to navigate, the shipping is fast, and the customer service is excellent.  Highly recommend it!",positive
"I'm so impressed with this artist's work!  The paintings are beautiful, expressive, and full of emotion.  A true talent!",positive
"This is the best burger I've ever had!  The meat was juicy, the toppings were fresh, and the bun was perfect.  A delicious meal!",positive
The hotel staff was incredibly friendly and accommodating. They went out of their way to make our stay comfortable.  A great experience!,positive
This app is user-friendly and incredibly helpful.  It's made my life so much easier.  Highly recommend it!,positive
"The conference was well-organized and informative.  The speakers were engaging, and the networking opportunities were excellent.  A great event!",positive
I'm so happy with this purchase!  It's exactly what I was looking for and works perfectly.  Five stars!,positive
"The concert was amazing!  The music was fantastic, the lighting was spectacular, and the energy was incredible.  A night to remember!",positive
"This restaurant is a must-try! The food was delicious, the atmosphere was vibrant, and the service was impeccable.  A great dining experience!",positive
"I loved this new pair of shoes! They're comfortable, stylish, and perfect for everyday wear.  Highly recommend them!",positive
"The zoo was a wonderful experience!  The animals were well-cared for, and the exhibits were informative and engaging.  A great family outing!",positive
"This is the best smoothie I've ever had!  It was refreshing, delicious, and the perfect pick-me-up.  Highly recommend it!",positive
The customer support was exceptional! They resolved my issue quickly and efficiently.  I'm very satisfied!,positive
This online course was incredibly helpful!  I learned a lot and gained valuable new skills.  Highly recommend it!,positive
"The botanical garden was beautiful!  The flowers were stunning, and the landscaping was impeccable.  A peaceful and relaxing place to visit!",positive
"This product is a great value for the price!  It's high-quality, durable, and works perfectly.  Highly recommend it!",positive
"The escape room was so much fun!  It was challenging, engaging, and a great way to spend time with friends.  Highly recommend it!",positive
"I loved this new video game!  The graphics were stunning, the gameplay was addictive, and the story was captivating.  A must-play!",positive
"The bakery is my new favorite spot!  The pastries are delicious, the coffee is amazing, and the atmosphere is cozy.  Highly recommend it!",positive
"This is the best pasta I've ever had!  The sauce was flavorful, the pasta was cooked perfectly, and the portion size was generous.  A delicious meal!",positive
The spa treatment was incredibly relaxing!  I felt rejuvenated and refreshed afterward.  Highly recommend it!,positive
"This new phone is amazing!  It's fast, powerful, and has so many great features.  I'm so happy with it!",positive
"The art gallery was impressive!  The artwork was stunning, and the gallery itself was beautifully designed.  A must-see for art lovers!",positive
"This is the best sandwich I've ever had!  The bread was fresh, the fillings were delicious, and the combination of flavors was perfect.  A delicious lunch!",positive
"The camping trip was amazing!  The scenery was breathtaking, the weather was perfect, and the company was great.  A memorable experience!",positive
"This new laptop is a game-changer!  It's fast, powerful, and perfect for all my needs.  Highly recommend it!",positive
"The hiking trail was beautiful!  The views were stunning, and the trail itself was well-maintained.  A great workout and a beautiful experience!",positive
"This is the best salad I've ever had!  The ingredients were fresh, the dressing was delicious, and the presentation was beautiful.  A healthy and delicious meal!",positive
"The customer service was top-notch!  They were friendly, helpful, and resolved my issue quickly and efficiently.  Highly recommend them!",positive
"This new tablet is fantastic!  It's lightweight, portable, and perfect for on-the-go entertainment.  Highly recommend it!",positive
"The water park was so much fun!  The slides were thrilling, the pools were refreshing, and the atmosphere was lively.  A great day out!",positive
"This is the best ice cream I've ever had!  It was creamy, delicious, and the perfect treat on a hot day.  Highly recommend it!",positive
The historical site was fascinating!  I learned so much about the history of the area.  A must-see for history buffs!,positive
This new watch is stylish and functional. It's the perfect accessory for any occasion. Highly recommend it!,positive
The cooking class was fantastic! I learned so many new recipes and techniques. Highly recommend it!,positive
"This new phone is amazing! The camera is incredible, and the battery life lasts all day. I'm so happy with it!",positive
"That movie was fantastic! The acting was superb, and the plot kept me on the edge of my seat.  A must-see!",positive
"I loved the concert! The band was amazing, the venue was great, and the energy was electric. What a night!",positive
The food at that new restaurant was delicious!  Everything was fresh and flavorful. I'll definitely be back.,positive
This toy is a hit with my kids! They've been playing with it non-stop.  It's durable and engaging.,positive
I had a wonderful experience at the spa! The massage was relaxing and rejuvenating. I felt completely refreshed.,positive
This product is a lifesaver! It's so easy to use and works perfectly. I'm so glad I bought it!,positive
The ad for that new car caught my eye.  It looked sleek and stylish.  I might check it out.,positive
That store had everything I needed and more! The staff was friendly and helpful.  Great shopping experience!,positive
This book was amazing! I couldn't put it down. The characters were well-developed and the story was captivating.,positive
"The event was a blast!  So much fun, great music, and awesome people.  I'd go again in a heartbeat!",positive
I'm so happy with this purchase! It's high-quality and exceeded my expectations. Five stars!,positive
"The venue was perfect for the concert! Great sound, comfortable seating, and a fun atmosphere.",positive
"This game is addictive! The graphics are stunning, and the gameplay is smooth.  A must-play!",positive
"I had a fantastic time at that theme park!  The rides were thrilling, and the shows were entertaining.",positive
"This coffee shop is my new favorite spot! The coffee is delicious, and the atmosphere is cozy.",positive
The service at this restaurant was outstanding!  The staff was attentive and friendly.,positive
"This product is incredibly user-friendly! It's easy to set up and use, and it works perfectly.",positive
"I loved this movie! It was funny, heartwarming, and had a great message. A perfect feel-good movie!",positive
The ad for that new skincare line is making me want to try it! It looks amazing.,positive
That toy kept my nephew entertained for hours!  It's creative and well-made.,positive
This store has the best selection of clothes! I found exactly what I was looking for and more.,positive
"The spa day was pure bliss!  The treatments were relaxing, and the staff was professional.",positive
"This is the best pizza I've ever had! The crust was perfectly crispy, the toppings were fresh, and the sauce was amazing.",positive
The event was well-organized and fun for the whole family!  We had a great time.,positive
"I'm so impressed with this company's customer service! They were helpful, responsive, and resolved my issue quickly.",positive
"This product is a game-changer! It's innovative, efficient, and makes my life so much easier.",positive
"The play was fantastic! The acting was superb, the set design was impressive, and the story was captivating.",positive
I had a wonderful time at the museum! The exhibits were fascinating and well-curated. I learned so much!,positive
"This new laptop is a dream come true! It's fast, powerful, and perfect for all my needs.",positive
"The concert was unforgettable! The band's energy was infectious, and the crowd was amazing.",positive
This product is easy to use and works perfectly! I highly recommend it!,positive
"I loved this movie! The special effects were amazing, and the story was gripping.",positive
"The service at this restaurant was impeccable! The staff was attentive and friendly, and the food was delicious.",positive
This is the best workout class I've ever taken! The instructor was motivating and the workout was challenging but rewarding.,positive
"This event was a huge success! Everything ran smoothly, and everyone had a great time.",positive
I had a wonderful time at the spa! The treatments were relaxing and rejuvenating.,positive
"This is the best cake I've ever tasted! It was moist, delicious, and beautifully decorated.",positive
The park is beautiful and well-maintained. It's a great place to relax and enjoy nature.,positive
This online course was incredibly informative and well-structured. The instructor was knowledgeable and engaging.,positive
"I'm so happy with my new car! It's stylish, comfortable, and drives like a dream.",positive
"The theme park was amazing! The rides were thrilling, the shows were entertaining, and the atmosphere was magical.",positive
"This is the best coffee I've ever had! It's rich, smooth, and perfectly brewed.",positive
I loved this podcast! The host was engaging and the topics were interesting.,positive
The customer service was outstanding! They went above and beyond to help me.,positive
"This product exceeded my expectations! It's high-quality, durable, and works perfectly.",positive
"The concert venue was perfect! Great acoustics, ample space, and a fantastic atmosphere.",positive
This book is a page-turner! I couldn't put it down until I finished it.,positive
"The food at this restaurant was incredible! Everything was fresh, flavorful, and beautifully presented.",positive
I'm so glad I attended this workshop! I learned so much and met some great people.,positive
This software is intuitive and easy to use. It's helped streamline my workflow significantly.,positive
The museum exhibit was fascinating! It was well-organized and presented a compelling narrative.,positive
"This travel agency made planning my trip so easy! They were professional, efficient, and helped me find the perfect vacation package.",positive
"I loved this TV show! The characters were relatable, the plot was engaging, and the acting was superb.",positive
"The sporting event was thrilling! The competition was fierce, and the atmosphere was electric.",positive
"This online store is fantastic! The website is easy to navigate, the shipping is fast, and the customer service is excellent.",positive
"I'm so impressed with this artist's work! The paintings are beautiful, expressive, and full of emotion.",positive
"This is the best burger I've ever had! The meat was juicy, the toppings were fresh, and the bun was perfect.",positive
The hotel staff was incredibly friendly and accommodating. They went out of their way to make our stay comfortable.,positive
This app is user-friendly and incredibly helpful. It's made my life so much easier.,positive
"The conference was well-organized and informative. The speakers were engaging, and the networking opportunities were excellent.",positive
I'm so happy with this purchase! It's exactly what I was looking for and works perfectly.,positive
"The concert was amazing! The music was fantastic, the lighting was spectacular, and the energy was incredible.",positive
"This restaurant is a must-try! The food was delicious, the atmosphere was vibrant, and the service was impeccable.",positive
"I loved this new pair of shoes! They're comfortable, stylish, and perfect for everyday wear.",positive
"The zoo was a wonderful experience! The animals were well-cared for, and the exhibits were informative and engaging.",positive
"This is the best smoothie I've ever had! It was refreshing, delicious, and the perfect pick-me-up.",positive
The customer support was exceptional! They resolved my issue quickly and efficiently.,positive
This online course was incredibly helpful! I learned a lot and gained valuable new skills.,positive
"The botanical garden was beautiful! The flowers were stunning, and the landscaping was impeccable.",positive
"This product is a great value for the price! It's high-quality, durable, and works perfectly.",positive
"The escape room was so much fun! It was challenging, engaging, and a great way to spend time with friends.",positive
"I loved this new video game! The graphics were stunning, the gameplay was addictive, and the story was captivating.",positive
"The bakery is my new favorite spot! The pastries are delicious, the coffee is amazing, and the atmosphere is cozy.",positive
"This is the best pasta I've ever had! The sauce was flavorful, the pasta was cooked perfectly, and the portion size was generous.",positive
The spa treatment was incredibly relaxing! I felt rejuvenated and refreshed afterward.,positive
"This new phone is amazing! It's fast, powerful, and has so many great features.",positive
"The art gallery was impressive! The artwork was stunning, and the gallery itself was beautifully designed.",positive
"This is the best sandwich I've ever had! The bread was fresh, the fillings were delicious, and the combination of flavors was perfect.",positive
"The camping trip was amazing! The scenery was breathtaking, the weather was perfect, and the company was great.",positive
"This new laptop is a game-changer! It's fast, powerful, and perfect for all my needs.",positive
"The hiking trail was beautiful! The views were stunning, and the trail itself was well-maintained.",positive
"This is the best salad I've ever had! The ingredients were fresh, the dressing was delicious, and the presentation was beautiful.",positive
"The customer service was top-notch! They were friendly, helpful, and resolved my issue quickly and efficiently.",positive
"This new tablet is fantastic! It's lightweight, portable, and perfect for on-the-go entertainment.",positive
"The water park was so much fun! The slides were thrilling, the pools were refreshing, and the atmosphere was lively.",positive
"This is the best ice cream I've ever had! It was creamy, delicious, and the perfect treat on a hot day.",positive
The historical site was fascinating! I learned so much about the history of the area.,positive
This new watch is stylish and functional. It's the perfect accessory for any occasion.,positive
The cooking class was fantastic! I learned so many new recipes and techniques.,positive
This product is a complete waste of money.  It broke after only a week and the customer service was terrible.,negative
"The movie was so boring, I almost fell asleep.  The plot was predictable and the acting was awful.",negative
What a disaster of an event!  The organization was chaotic and the venue was cramped and uncomfortable.,negative
That venue was a dump.  The acoustics were terrible and the staff were rude.,negative
This ad is annoying. It's repetitive and the product looks cheap.,negative
This toy is cheaply made and broke immediately. My child was very upset.,negative
The restaurant was a complete rip-off. The food was cold and the service was slow.,negative
The spa was overpriced and underwhelming. I felt like I wasted my money.,negative
This store is a mess.  The aisles are cluttered and the staff are unhelpful.,negative
I had a really bad experience. The service was awful and the product was defective.,negative
This product is garbage. Don't waste your money.,negative
The movie was a snoozefest. I regret spending my time on it.,negative
The event was poorly managed and disorganized. I wouldn't recommend it.,negative
The venue was dirty and uncomfortable. I wouldn't go back.,negative
This ad is deceptive and misleading. I feel cheated.,negative
This toy is dangerous for children. It's poorly designed and could cause injury.,negative
The restaurant was disgusting. The food was terrible and the place was dirty.,negative
The spa was disappointing. The treatments were ineffective and the atmosphere was unpleasant.,negative
This store is overpriced and the selection is limited. I'll shop elsewhere.,negative
I had a terrible experience. Everything went wrong.,negative
The product was faulty and didn't work as advertised.  I'm very disappointed.,negative
The movie was confusing and poorly written.  I couldn't follow the plot.,negative
The event was overcrowded and poorly organized.  It was a complete mess.,negative
The venue was cramped and uncomfortable.  There wasn't enough seating.,negative
The ad was intrusive and annoying.  I'm considering blocking the advertiser.,negative
The toy is cheaply made and fell apart quickly.  Not worth the money.,negative
The restaurant was noisy and the food was bland.  I won't be returning.,negative
The spa was unclean and the staff were unprofessional.  I felt uncomfortable.,negative
The store was disorganized and difficult to navigate.  I couldn't find what I needed.,negative
I had a frustrating experience.  The customer service was unhelpful and rude.,negative
This product is inferior to others on the market.  I regret buying it.,negative
The movie lacked substance and originality.  It was a complete waste of time.,negative
The event was poorly promoted and lacked any real excitement.  I was bored.,negative
The venue was outdated and in need of repair.  It was unpleasant to be there.,negative
This ad is offensive and inappropriate.  I'm offended by its content.,negative
This toy is a choking hazard for small children.  It's extremely dangerous.,negative
The restaurant was overpriced for the quality of food.  I felt ripped off.,negative
The spa was underwhelming and the staff were disinterested.  I wouldn't recommend it.,negative
This store had a poor selection and the staff were unhelpful.  I left empty-handed.,negative
I had a truly awful experience.  I'm extremely dissatisfied.,negative
The product arrived damaged and the company refused to replace it.  I'm furious.,negative
The movie was predictable and lacked any suspense.  It was boring from start to finish.,negative
The event was poorly advertised and very few people attended.  It was a flop.,negative
The venue was inaccessible and difficult to reach.  It was inconvenient.,negative
This ad is constantly interrupting my other apps.  It's incredibly annoying.,negative
This toy is a fire hazard.  It's poorly designed and could easily catch fire.,negative
The restaurant was understaffed and the service was incredibly slow.  I was starving.,negative
The spa was dirty and unsanitary.  I wouldn't trust them to provide a safe service.,negative
This store is always out of stock of the items I need.  It's frustrating.,negative
I had a disappointing experience.  The product didn't meet my expectations.,negative
The product is cheaply made and falls apart easily. Very disappointing.,negative
The movie was violent and disturbing.  I couldn't finish watching it.,negative
The event was disorganized and chaotic.  I felt unsafe.,negative
The venue was poorly lit and felt unsafe. I wouldn't go back alone.,negative
This ad is misleading and makes false promises. I feel deceived.,negative
This toy is too complicated for young children.  It's frustrating to use.,negative
The restaurant was extremely noisy and I couldn't hear my companions.  It was unbearable.,negative
The spa was uncomfortable and the treatments were painful.  I was injured.,negative
This store's return policy is unreasonable and unfair.  I'm upset.,negative
I had a terrible customer service experience.  I'm extremely dissatisfied.,negative
The product is not as described.  It's completely different from the pictures.,negative
The movie was slow-paced and boring.  I fell asleep halfway through.,negative
The event was poorly planned and lacked any clear direction.  It was confusing.,negative
The venue was inaccessible to people with disabilities.  It was discriminatory.,negative
This ad is repetitive and annoying.  I'm sick of seeing it.,negative
"This toy is made of cheap, toxic materials.  It's dangerous for children.",negative
The restaurant's food was stale and tasted awful. I'm disgusted.,negative
The spa's equipment was old and broken.  It was unsafe and uncomfortable.,negative
This store's staff were rude and unhelpful.  I will never shop there again.,negative
I'm extremely disappointed with the service I received.  It was unacceptable.,negative
The product broke immediately and the warranty is useless.  I'm furious.,negative
The movie was predictable and had a disappointing ending.  I'm let down.,negative
The event was poorly advertised and a complete waste of my time.  I'm angry.,negative
The venue was dirty and smelled awful.  It was unbearable.,negative
This ad is intrusive and pops up constantly.  It's driving me crazy.,negative
This toy is a choking hazard and is poorly made. I'm concerned.,negative
The restaurant was overpriced and the portions were tiny.  I'm disappointed.,negative
The spa was unhygienic and I'm worried about catching something.  I'm scared.,negative
This store is disorganized and difficult to find anything.  I'm frustrated.,negative
I had a truly awful experience and I would not recommend this to anyone.,negative
The product malfunctioned and caused damage to my property.  I'm livid.,negative
The movie was poorly acted and the script was terrible.  I'm disgusted.,negative
The event was poorly organized and a complete waste of money.  I'm outraged.,negative
The venue was unsafe and I felt threatened.  I'm terrified.,negative
This ad is offensive and sexist.  I'm appalled.,negative
This toy is cheaply made and breaks easily.  I'm disappointed.,negative
The restaurant was dirty and the staff were unprofessional.  I'm disgusted.,negative
The spa was overpriced and the service was terrible.  I'm angry.,negative
This store's prices are outrageous.  I'm shocked.,negative
I had a horrible experience and will never use this service again.,negative
The product is defective and doesn't work at all.  I'm furious.,negative
The movie was confusing and the plot was nonsensical.  I'm baffled.,negative
The event was a complete disaster and poorly managed.  I'm upset.,negative
The venue was uncomfortable and lacked basic amenities.  I'm disappointed.,negative
This ad is misleading and I feel cheated. I'm angry.,negative
This toy is dangerous and could cause serious injury.  I'm concerned.,negative
The restaurant was a rip-off and the food was inedible.  I'm furious.,negative
The spa was dirty and unhygienic.  I'm disgusted.,negative
This store is overpriced and the customer service is terrible.  I'm angry.,negative
I had a truly awful experience and will never return. I'm furious.,negative
"This product is absolute garbage! It stopped working after a week, and the company won't respond to my emails.",negative
"That movie was a waste of my time and money.  The plot was nonsensical, and the acting was atrocious.",negative
"The event was a complete shambles!  Poor organization, long lines, and overpriced drinks.  I'm furious.",negative
"Seriously, what a dump of a venue.  The sound system was terrible, and the seats were uncomfortable.",negative
"I'm so annoyed by that ad! It keeps popping up, and it's so distracting.",negative
This toy is cheaply made junk! It broke the first time my kid touched it.  I'm so irritated.,negative
"What a rip-off!  The restaurant was overpriced, the food was bland, and the service was slow.",negative
"I'm so angry! The spa was dirty, the staff were rude, and the treatment was ineffective.",negative
"This store is a mess!  The aisles are cluttered, the staff are unhelpful, and I couldn't find anything.",negative
"I'm beyond frustrated. The service was awful, the product was defective, and the return policy is ridiculous.",negative
This product is a complete joke! Don't waste your hard-earned cash on this.,negative
"I'm so annoyed! That movie was boring, predictable, and a total waste of my evening.",negative
The event was terribly organized.  I'm so angry about the wasted time and money.,negative
"The venue was disgusting!  Dirty, smelly, and poorly maintained.  I'm furious.",negative
This ad is so intrusive and annoying! I'm about to uninstall the app.,negative
This toy is a choking hazard!  It's poorly designed and dangerous for children.  I'm livid!,negative
"The restaurant was a disaster! The food was cold, the service was terrible, and the bill was wrong.",negative
"I'm so irritated! The spa was overpriced, the atmosphere was tense, and I didn't relax at all.",negative
"This store is a nightmare!  Overpriced, cluttered, and the staff couldn't care less.",negative
I'm absolutely fuming!  The whole experience was a disaster from start to finish.,negative
This product is faulty and doesn't work as advertised.  I demand a refund!,negative
"That movie was so confusing! The plot was all over the place, and I couldn't follow it.",negative
"The event was a complete mess!  Overcrowded, disorganized, and poorly managed.",negative
The venue was cramped and uncomfortable.  I couldn't even enjoy the show.,negative
I'm so annoyed by this ad! It's repetitive and misleading.,negative
This toy is cheaply made and fell apart immediately. What a waste of money!,negative
The restaurant was noisy and the food was terrible.  I'm so disappointed.,negative
I'm so angry! The spa was unclean and the staff were unprofessional.,negative
This store is disorganized and difficult to navigate.  I couldn't find what I was looking for.,negative
I'm beyond frustrated with the customer service.  They were unhelpful and rude.,negative
This product is inferior to cheaper alternatives.  I'm so disappointed.,negative
That movie was a snoozefest!  I regret spending my money and time on it.,negative
The event was poorly planned and lacked any excitement.  I'm so bored.,negative
The venue was outdated and in desperate need of repair.  It was awful.,negative
This ad is offensive and inappropriate.  I'm disgusted.,negative
This toy is a fire hazard!  It's poorly designed and could easily catch fire.,negative
The restaurant was overpriced for the tiny portions.  I'm furious!,negative
I'm so irritated! The spa was underwhelming and the staff were disinterested.,negative
I'm absolutely livid!  The entire experience was terrible.,negative
"The product arrived damaged, and the company won't replace it.  I'm furious!",negative
That movie was predictable and lacked any suspense.  It was boring.,negative
The event was poorly promoted and hardly anyone attended.  What a waste!,negative
The venue was inaccessible and difficult to reach.  It was a nightmare!,negative
This ad is constantly interrupting my other apps.  It's driving me crazy!,negative
This toy is a choking hazard for small children.  It's dangerous!,negative
"The restaurant was understaffed, and the service was incredibly slow.  I'm starving!",negative
I'm so angry! The spa was dirty and unsanitary.  I'm worried about getting sick.,negative
This store is always out of stock of the items I need.  It's so frustrating!,negative
I'm so disappointed! The product didn't meet my expectations.,negative
This product is cheaply made and falls apart easily.  I'm annoyed.,negative
That movie was violent and disturbing.  I couldn't finish watching it.,negative
The venue was poorly lit and felt unsafe.  I'm terrified!,negative
This ad is misleading and makes false promises.  I feel cheated!,negative
This toy is too complicated for young children.  It's frustrating.,negative
The restaurant was extremely noisy and I couldn't hear my companions.,negative
I'm so angry! The spa was uncomfortable and the treatments were painful.,negative
I'm extremely dissatisfied with the customer service I received.,negative
That movie was slow-paced and boring.  I fell asleep halfway through.,negative
The venue was inaccessible to people with disabilities.  It's unacceptable!,negative
This ad is repetitive and annoying.  I'm sick of seeing it!,negative
"This toy is made of cheap, toxic materials.  It's dangerous!",negative
The restaurant's food was stale and tasted awful.  I'm disgusted!,negative
I'm so angry! The spa's equipment was old and broken.  It was unsafe!,negative
This store's staff were rude and unhelpful.  I will never shop there again!,negative
I'm extremely disappointed with the service I received.  It was unacceptable!,negative
The product broke immediately and the warranty is useless.  I'm furious!,negative
That movie was predictable and had a disappointing ending.  I'm let down.,negative
The event was poorly advertised and a complete waste of my time.  I'm angry!,negative
This ad is intrusive and pops up constantly.  It's driving me crazy!,negative
This toy is a choking hazard and is poorly made.  I'm concerned.,negative
I'm so angry! The spa was unhygienic and I'm worried about catching something.,negative
This store is disorganized and difficult to find anything.  I'm frustrated!,negative
The product malfunctioned and caused damage to my property.  I'm livid!,negative
That movie was poorly acted and the script was terrible.  I'm disgusted!,negative
The event was poorly organized and a complete waste of money.  I'm outraged!,negative
The venue was unsafe and I felt threatened.  I'm terrified!,negative
The restaurant was dirty and the staff were unprofessional.  I'm disgusted!,negative
The spa was overpriced and the service was terrible.  I'm angry!,negative
This store's prices are outrageous.  I'm shocked!,negative
The product is defective and doesn't work at all.  I'm furious!,negative
That movie was confusing and the plot was nonsensical.  I'm baffled.,negative
The restaurant was a rip-off and the food was inedible.  I'm furious!,negative
This store is overpriced and the customer service is terrible.  I'm angry!,negative
"This 'Gourmet Grill' restaurant was a joke!  The steak was tougher than old boots, and the service was even worse. I'm never going back.",negative
"Absolute waste of money on that 'AquaBliss' spa day.  The massage was rushed, the facilities were dirty, and I left feeling more stressed than when I arrived.",negative
"The 'WonderWorld' toy my kid got was broken within an hour.  Seriously, what a piece of junk!  I demand a refund.",negative
"That 'ElectroBlast' ad was so annoying, it made me want to throw my phone across the room.  Seriously, stop the incessant pop-ups!",negative
"I'm furious with 'SpeedyShipping' – my order was late, damaged, and they won't respond to my emails.  Avoid at all costs!",negative
"The 'Starlight Cinema' movie was a complete bore.  I fell asleep halfway through, and the sound system was terrible.",negative
The 'TrendyThreads' store had the worst customer service I've ever experienced.  The staff were rude and unhelpful.  Never again.,negative
"What a rip-off!  The 'GalaxyCon' event was overcrowded, overpriced, and poorly organized.  I'm so disappointed.",negative
I'm beyond angry.  'MegaCorp' product is faulty and their customer support is nonexistent.  I want my money back!,negative
"The 'Majestic Venue' was a disaster.  The acoustics were awful, the seating was uncomfortable, and the air conditioning didn't work.",negative
"The 'Sunshine Beach' ad was misleading.  The pictures looked amazing, but the reality was a crowded, dirty beach.  False advertising!",negative
"Don't waste your time with 'HappyHour' restaurant.  The food was bland, the drinks were watered down, and the atmosphere was depressing.",negative
That 'Zenith' brand is a complete scam.  Their products are overpriced and break easily.  I'll never buy them again.,negative
"The 'AdventurePark' event was a total mess.  Long queues, poorly trained staff, and overpriced tickets.  Avoid it!",negative
"I'm so angry!  'TechSolutions' store sold me a defective laptop, and they refuse to replace it.  I'm taking legal action.",negative
The 'CozyCottage' venue was dirty and run-down.  The pictures online were completely misleading.  I'm disgusted.,negative
This 'PowerUp' toy is a complete waste of money.  It broke after just one use.  I'm furious!,negative
"The 'MidnightSun' movie was terrible.  The plot was nonsensical, the acting was awful, and the special effects were cheesy.",negative
I'm beyond annoyed with 'QuickClean' spa.  They didn't even bother to clean the shower properly.  What a joke!,negative
"The 'Bookworm' store had terrible organization.  I couldn't find anything, and the staff were clueless.  I left empty-handed.",negative
"The 'GreenThumb' brand fertilizer is useless.  My plants are dying, and I wasted my money.  I'm so frustrated!",negative
The 'CityLights' ad was intrusive and repetitive.  I'm sick of seeing it everywhere.  It's driving me crazy!,negative
"The 'FamilyFun' event was a complete disaster.  It was overcrowded, chaotic, and the kids were bored.  What a waste of time!",negative
"I'm absolutely livid with 'ReliableRentals' – the car was filthy, and they overcharged me.  I'll never use them again.",negative
"The 'CozyCafe' restaurant was a disappointment.  The coffee was weak, the pastries were stale, and the service was slow.",negative
This 'GlamGlow' brand makeup is rubbish.  It's overpriced and doesn't even last all day.  I'm so disappointed.,negative
"The 'SummerFest' event was a complete shambles.  The organization was terrible, and the whole thing felt rushed.",negative
"The 'GrandHall' venue was underwhelming.  It lacked atmosphere, and the sound system was terrible.  I regret booking it.",negative
"The 'PixelPerfect' ad was so annoying, I almost deleted the app.  It kept popping up every few seconds!",negative
"The 'Little Wonders' toy was cheaply made and broke immediately.  My child is heartbroken, and I'm furious.",negative
The 'SilverScreen' movie was boring and predictable.  I wasted my money and my evening.  I'm so annoyed!,negative
The 'SerenitySpa' spa was a complete rip-off.  The treatments were overpriced and ineffective.  I feel cheated.,negative
The 'FashionForward' store had unhelpful staff and a confusing layout.  I couldn't find what I was looking for and left frustrated.,negative
The 'EcoLiving' brand products are overpriced and don't live up to their eco-friendly claims.  I'm disappointed.,negative
The 'MusicMania' event was poorly advertised and the sound quality was terrible.  I'm so angry!,negative
The 'CrystalPalace' venue was dirty and poorly maintained.  The whole experience was unpleasant.  I'm disgusted.,negative
This 'RoboBuddy' toy is a piece of junk.  It stopped working after a few hours.  I'm demanding a refund!,negative
The 'ActionAdventure' movie was violent and poorly written.  I regret watching it.  I'm so annoyed.,negative
"The 'Rejuvenate' spa was disappointing.  The atmosphere was tense, and the staff were unfriendly.  I'm not going back.",negative
"Ugh, this movie was a total waste of my time. The acting was terrible, and the plot made zero sense. Seriously, don't bother watching it.",negative
"I went to that new restaurant, 'The Greasy Spoon,' and it was awful. The food was cold, and the service was even worse. Never going back there again.",negative
"This toy I bought for my kid broke within an hour. What a rip-off! Complete garbage, honestly.",negative
"The spa experience was a disaster. The massage therapist was rough, and the place was dirty. I left feeling worse than when I arrived.",negative
"I saw an ad for this brand, 'ShineBright,' and it looked promising, but the product was a total letdown. It didn't work at all.",negative
"This event was a huge disappointment. The music was awful, and the venue was overcrowded. I wish I hadn't gone.",negative
"I went to that store, 'Discount Depot,' and the customer service was horrendous. The staff were rude and unhelpful. Avoid it!",negative
"The venue for the concert was a nightmare. The sound system was terrible, and the seats were uncomfortable. I couldn't even enjoy the show.",negative
"That new movie, 'Cosmic Chaos,' was a complete mess. The special effects were cheesy, and the story was boring. I fell asleep halfway through.",negative
"The restaurant, 'Bella Italia,' was a total letdown. The food was bland, and the service was slow. I won't be returning.",negative
"I got this toy for my nephew, and it was broken when it arrived. Such a disappointment! I'm so annoyed.",negative
"The spa treatment was a complete waste of money. The staff were unprofessional, and the facilities were outdated. I felt ripped off.",negative
"That ad for 'FreshStart' cleaning products was misleading. The product didn't work as advertised, and I wasted my money.",negative
"This event was poorly organized. The lines were long, and the staff were clueless. It was a frustrating experience.",negative
"The store, 'Trendy Threads,' had nothing I liked. The clothes were overpriced and the quality was poor. I left empty-handed.",negative
"The venue was a total dump. The bathrooms were disgusting, and the air conditioning didn't work. I hated it.",negative
"That movie, 'Shadowlands,' was incredibly boring. The plot was predictable, and the characters were uninteresting. I regretted watching it.",negative
"The restaurant, 'Burger Bliss,' was a total letdown. The burgers were dry, and the fries were soggy. I won't be back.",negative
"This toy was a complete waste of money. It broke within a day, and my kid was so disappointed. I'm furious.",negative
"The spa was a total rip-off. The massage was terrible, and the place was dirty. I felt cheated.",negative
"The ad for 'GlowUp' makeup was a lie. The product didn't work at all, and I wasted my money.",negative
"The event was a complete disaster. The music was awful, and the crowd was rowdy. I left early.",negative
"The store, 'Cheap Chic,' was a total mess. The clothes were cheap-looking, and the service was terrible. I won't go back.",negative
"The venue was a total disaster. The sound system was broken, and the seats were uncomfortable. I hated it.",negative
"That movie, 'Space Explorers,' was a total snooze-fest. The plot was confusing, and the acting was wooden. I wouldn't recommend it.",negative
"The restaurant, 'Pasta Palace,' was a total disappointment. The pasta was overcooked, and the sauce was bland. I won't be eating there again.",negative
"This toy was a complete letdown. It was smaller than expected, and the quality was poor. My kid was sad.",negative
"The spa was a total rip-off. The staff were rude, and the facilities were outdated. I felt like I was robbed.",negative
"That ad for 'CleanSweep' vacuum cleaners was a scam. The product didn't work, and I wasted my money.",negative
"The event was a complete waste of time. The speakers were boring, and the food was terrible. I left feeling annoyed.",negative
"The store, 'Fashion Forward,' was a total disappointment. The clothes were overpriced, and the staff were unhelpful. I won't be back.",negative
"The venue was a total dump. The bathrooms were filthy, and the seating was uncomfortable. I hated it.",negative
"That movie, 'Mystic Realms,' was a complete bore. The plot was slow, and the characters were uninteresting. I fell asleep.",negative
"The restaurant, 'Pizza Paradise,' was a total letdown. The pizza was cold, and the service was slow. I won't be returning.",negative
"This toy was a complete waste of money. It was cheaply made, and it broke within hours. My kid was heartbroken.",negative
"The spa was a total rip-off. The massage was too short, and the place was noisy. I felt cheated.",negative
"That ad for 'BrightSmile' toothpaste was misleading. The product didn't whiten my teeth at all, and I wasted my money.",negative
"The event was a complete disaster. The weather was terrible, and the event was poorly organized. I left early.",negative
"The store, 'Style Central,' was a total disappointment. The clothes were out of style, and the staff were rude. I won't go back.",negative
"The venue was a total dump. The parking was a nightmare, and the seats were uncomfortable. I hated it.",negative
"That movie, 'Time Travelers,' was a complete mess. The plot was confusing, and the special effects were terrible. I wouldn't recommend it.",negative
"The restaurant, 'Taco Town,' was a total letdown. The tacos were bland, and the service was slow. I won't be eating there again.",negative
"This toy was a complete disappointment. It was too complicated, and my kid got frustrated. I'm so annoyed.",negative
"The spa was a total rip-off. The facial was painful, and the place was dirty. I felt like I was scammed.",negative
"That ad for 'HairRevive' shampoo was a lie. The product didn't make my hair any better, and I wasted my money.",negative
"The event was a complete waste of money. The tickets were overpriced, and the entertainment was awful. I left feeling ripped off.",negative
"The store, 'Bargain Basement,' was a total mess. The clothes were dirty, and the staff were unhelpful. I won't go back.",negative
"The venue was a total dump. The sound system was terrible, and the air conditioning didn't work. I hated it.",negative
"That movie, 'Galaxy Quest,' was a complete bore. The plot was predictable, and the acting was wooden. I fell asleep.",negative
"The restaurant, 'Sushi Supreme,' was a total letdown. The sushi was stale, and the service was slow. I won't be returning.",negative
"This toy was a complete disappointment. It was missing pieces, and my kid was upset. I'm so frustrated.",negative
"The spa was a total rip-off. The manicure was rushed, and the place was crowded. I felt like I was cheated.",negative
"That ad for 'SkinGlow' moisturizer was misleading. The product didn't make my skin glow at all, and I wasted my money.",negative
"The event was a complete disaster. The crowd was rowdy, and the event was poorly organized. I left early.",negative
"The store, 'Vintage Vibes,' was a total disappointment. The clothes were overpriced, and the staff were rude. I won't go back.",negative
"The venue was a total dump. The bathrooms were disgusting, and the seating was uncomfortable. I hated it.",negative
"That movie, 'Adventure Zone,' was a complete mess. The plot was confusing, and the special effects were terrible. I wouldn't recommend it.",negative
"The restaurant, 'Burger Haven,' was a total letdown. The burgers were dry, and the fries were soggy. I won't be eating there again.",negative
"The spa was a total rip-off. The massage was too short, and the place was noisy. I felt like I was cheated.",negative
"That ad for 'CleanHome' detergent was a scam. The product didn't work, and I wasted my money.",negative
"The store, 'Urban Style,' was a total disappointment. The clothes were out of style, and the staff were unhelpful. I won't go back.",negative
"That movie, 'Fantasy World,' was a complete bore. The plot was slow, and the characters were uninteresting. I fell asleep.",negative
"The restaurant, 'Pizza Palace,' was a total letdown. The pizza was cold, and the service was slow. I won't be returning.",negative
"That ad for 'HealthyLife' vitamins was misleading. The product didn't make me feel any better, and I wasted my money.",negative
"The store, 'Modern Trends,' was a total disappointment. The clothes were overpriced, and the staff were rude. I won't go back.",negative
"That movie, 'Super Squad,' was a complete mess. The plot was confusing, and the special effects were terrible. I wouldn't recommend it.",negative
"The restaurant, 'Pasta Paradise,' was a total letdown. The pasta was overcooked, and the sauce was bland. I won't be eating there again.",negative
"That ad for 'ShineBright' cleaner was a scam. The product didn't work, and I wasted my money.",negative
"The store, 'Retail Row,' was a total disappointment. The clothes were out of style, and the staff were unhelpful. I won't go back.",negative
"That movie, 'Action Heroes,' was a complete bore. The plot was slow, and the characters were uninteresting. I fell asleep.",negative
"The restaurant, 'Taco Time,' was a total letdown. The tacos were bland, and the service was slow. I won't be returning.",negative
"That ad for 'HairGlow' shampoo was misleading. The product didn't make my hair any better, and I wasted my money.",negative
"The store, 'Style Zone,' was a total disappointment. The clothes were overpriced, and the staff were rude. I won't go back.",negative
"That movie, 'Space Explorers 2,' was a complete mess. The plot was confusing, and the special effects were terrible. I wouldn't recommend it.",negative
"The restaurant, 'Burger Joint,' was a total letdown. The burgers were dry, and the fries were soggy. I won't be eating there again.",negative
"The store, 'Fashion Finds,' was a total disappointment. The clothes were out of style, and the staff were unhelpful. I won't go back.",negative
"That movie, 'Mystic Journey,' was a complete bore. The plot was slow, and the characters were uninteresting. I fell asleep.",negative
"The restaurant, 'Pizza Place,' was a total letdown. The pizza was cold, and the service was slow. I won't be returning.",negative
"The store, 'Modern Style,' was a total disappointment. The clothes were overpriced, and the staff were rude. I won't go back.",negative
"That movie, 'Super Squad 2,' was a complete mess. The plot was confusing, and the special effects were terrible. I wouldn't recommend it.",negative
"The restaurant, 'Pasta Corner,' was a total letdown. The pasta was overcooked, and the sauce was bland. I won't be eating there again.",negative
"The store, 'Retail Therapy,' was a total disappointment. The clothes were out of style, and the staff were unhelpful. I won't go back.",negative
"That movie, 'Action Heroes 2,' was a complete bore. The plot was slow, and the characters were uninteresting. I fell asleep.",negative
"The restaurant, 'Taco Shack,' was a total letdown. The tacos were bland, and the service was slow. I won't be returning.",negative
"The store, 'Style Avenue,' was a total disappointment. The clothes were overpriced, and the staff were rude. I won't go back.",negative
"That movie, 'Space Explorers 3,' was a complete mess. The plot was confusing, and the special effects were terrible. I wouldn't recommend it.",negative
"The restaurant, 'Burger Stop,' was a total letdown. The burgers were dry, and the fries were soggy. I won't be eating there again.",negative
"The store, 'Fashion Forward,' was a total disappointment. The clothes were out of style, and the staff were unhelpful. I won't go back.",negative
"That movie, 'Mystic Journey 2,' was a complete bore. The plot was slow, and the characters were uninteresting. I fell asleep.",negative
"The restaurant, 'Pizza Hut,' was a total letdown. The pizza was cold, and the service was slow. I won't be returning.",negative
"That movie, 'Super Squad 3,' was a complete mess. The plot was confusing, and the special effects were terrible. I wouldn't recommend it.",negative
"The restaurant, 'Pasta House,' was a total letdown. The pasta was overcooked, and the sauce was bland. I won't be eating there again.",negative
"That movie, 'Action Heroes 3,' was a complete bore. The plot was slow, and the characters were uninteresting. I fell asleep.",negative
"The restaurant, 'Taco Truck,' was a total letdown. The tacos were bland, and the service was slow. I won't be returning.",negative
"That movie, 'Space Explorers 4,' was a complete mess. The plot was confusing, and the special effects were terrible. I wouldn't recommend it.",negative
"The restaurant, 'Burger King,' was a total letdown. The burgers were dry, and the fries were soggy. I won't be eating there again.",negative
"That movie, 'Mystic Journey 3,' was a complete bore. The plot was slow, and the characters were uninteresting. I fell asleep.",negative
"The restaurant, 'Pizza Shop,' was a total letdown. The pizza was cold, and the service was slow. I won't be returning.",negative
"That movie, 'Super Squad 4,' was a complete mess. The plot was confusing, and the special effects were terrible. I wouldn't recommend it.",negative
"The restaurant, 'Pasta Place,' was a total letdown. The pasta was overcooked, and the sauce was bland. I won't be eating there again.",negative
"That movie, 'Action Heroes 4,' was a complete bore. The plot was slow, and the characters were uninteresting. I fell asleep.",negative
"The restaurant, 'Taco Stand,' was a total letdown. The tacos were bland, and the service was slow. I won't be returning.",negative
"That movie, 'Space Explorers 5,' was a complete mess. The plot was confusing, and the special effects were terrible. I wouldn't recommend it.",negative
"Ugh, this movie was a complete waste of time. The plot was all over the place, and the acting was terrible. I wouldn't recommend it to anyone.",negative
"The 'Cozy Corner' restaurant was anything but cozy. The service was slow, and the food was cold. Definitely won't be going back.",negative
"I bought this 'ZoomBlaster' toy for my kid, and it broke within an hour. What a rip-off! I'm so disappointed.",negative
"This event was a total disaster. The sound system was awful, and the speakers were boring. I wish I hadn't gone.",negative
"The 'Serenity Spa' was anything but serene. It was loud, crowded, and the massage was mediocre. I felt more stressed afterward.",negative
"This ad was so annoying, I almost turned off the TV. The jingle was repetitive, and the product seemed useless. Pure garbage.",negative
"The 'MegaMart' store was a mess. The shelves were empty, and the staff was unhelpful. I couldn't find anything I needed.",negative
"I went to see 'Crimson Tide' at the cinema, and the seats were so uncomfortable. The screen was also blurry. What a letdown.",negative
"This 'Brand X' product is a total scam. It didn't work as advertised, and the customer service was terrible. Avoid it!",negative
"I had a terrible experience at the 'Golden Spoon' restaurant. The food was bland, and the service was slow. Never again!",negative
This toy was a complete disappointment. It broke the first time my kid played with it. I want a refund!,negative
"The event was poorly organized. The lines were long, and the staff was rude. I wouldn't recommend it.",negative
The 'Relaxation Spa' was anything but relaxing. It was noisy and the staff was rude. I won't be going back.,negative
This ad was incredibly misleading. The product didn't live up to its promises. I feel ripped off.,negative
"The 'SuperStore' was a chaotic mess. The aisles were crowded, and the staff was unhelpful. I won't be returning.",negative
"The 'Action Flick' movie was a huge letdown. The special effects were cheesy, and the plot was predictable. Don't bother.",negative
"This 'Brand Y' product is a total waste of money. It doesn't work as advertised, and the quality is terrible. Avoid it!",negative
"The 'Pasta Palace' restaurant was a disaster. The food was overcooked, and the service was slow. I'm never going back.",negative
"I bought this toy for my nephew, and it was broken when it arrived. What a waste of money! I'm so frustrated.",negative
"The event was a complete flop. The music was terrible, and the atmosphere was dull. I'm so disappointed.",negative
The 'Tranquility Spa' was anything but tranquil. It was noisy and the massage was awful. I won't be going back.,negative
"This ad was so annoying, I changed the channel. The actors were terrible, and the message was confusing. Ugh.",negative
"The 'Mega Mall' store was a nightmare. The crowds were unbearable, and the prices were too high. Avoid it!",negative
"The movie 'Space Explorers' was a total bore. The special effects were outdated, and the story was predictable. Don't waste your time.",negative
"This 'Brand Z' product is a complete failure. It didn't work at all, and the customer service was non-existent. Avoid!",negative
"The 'Burger Barn' restaurant was a disappointment. The burgers were dry, and the fries were cold. I won't be back.",negative
"This toy was a complete dud. It didn't work as advertised, and my kid was bored with it. I want a refund!",negative
"The event was a total mess. The food was terrible, and the seating was uncomfortable. I'm so angry.",negative
"The 'Zenith Spa' was a letdown. The service was slow, and the atmosphere was sterile. I won't be returning.",negative
"This ad was so cheesy, it made me cringe. The acting was terrible, and the product seemed useless. Pure garbage.",negative
"The 'Big Box' store was a disaster. The lines were long, and the staff was unhelpful. I'm never going back.",negative
"The movie 'City Lights' was a huge disappointment. The plot was convoluted, and the acting was wooden. Don't see it.",negative
"This 'Brand A' product is a complete rip-off. It's cheaply made, and it broke after only a week. Avoid it!",negative
"The 'Pizza Place' restaurant was a total letdown. The pizza was greasy, and the service was slow. I won't be back.",negative
I bought this toy and it was broken when it arrived. What a waste of money! I'm so annoyed.,negative
"The event was a complete waste of time. The speakers were boring, and the venue was cramped. I'm so disappointed.",negative
"The 'Oasis Spa' was anything but an oasis. It was crowded and noisy, and the massage was mediocre. I won't be back.",negative
"This ad was so annoying, I muted the TV. The music was awful, and the product seemed overpriced. Ugh.",negative
"The 'Discount Depot' store was a disaster. The shelves were empty, and the prices weren't even that good. Avoid it!",negative
"The movie 'Starfall' was a complete snooze-fest. The plot was predictable, and the special effects were cheesy. Don't bother.",negative
"This 'Brand B' product is a total scam. It doesn't work as advertised, and the customer service is awful. Avoid it!",negative
"The 'Taco Town' restaurant was a disappointment. The tacos were bland, and the service was slow. Never going back.",negative
This toy was a complete waste of money. It broke within minutes of my kid playing with it. I'm furious!,negative
"The event was poorly organized. The lines were long, and the staff was rude. I'm so frustrated.",negative
"The 'Harmony Spa' was anything but harmonious. It was loud, and the massage was terrible. I won't be back.",negative
"This ad was so irritating, I changed the channel. The actors were terrible, and the message was confusing. Ugh.",negative
"The 'Giant Mart' store was a mess. The aisles were crowded, and the staff was unhelpful. I won't be returning.",negative
"The movie 'Galactic Quest' was a huge letdown. The special effects were cheesy, and the story was predictable. Don't waste your time.",negative
"This 'Brand C' product is a complete failure. It didn't work at all, and the customer service was non-existent. Avoid!",negative
"The 'Sushi Shack' restaurant was a disaster. The sushi was stale, and the service was slow. I'm never going back.",negative
"I bought this toy for my niece, and it was broken on arrival. What a waste of money! I'm so annoyed.",negative
"The 'Serene Spa' was a letdown. The service was slow, and the atmosphere was sterile. I won't be returning.",negative
"The 'Big Box Store' was a disaster. The lines were long, and the staff was unhelpful. I'm never going back.",negative
"The movie 'Cosmic Voyage' was a huge disappointment. The plot was convoluted, and the acting was wooden. Don't see it.",negative
"This 'Brand D' product is a complete rip-off. It's cheaply made, and it broke after only a week. Avoid it!",negative
"The 'Pasta Paradise' restaurant was a total letdown. The pasta was overcooked, and the service was slow. I won't be back.",negative
"The 'Tranquil Spa' was anything but tranquil. It was crowded and noisy, and the massage was mediocre. I won't be back.",negative
"The 'Mega Mart' store was a disaster. The shelves were empty, and the prices weren't even that good. Avoid it!",negative
"The movie 'Space Odyssey' was a complete snooze-fest. The plot was predictable, and the special effects were cheesy. Don't bother.",negative
"This 'Brand E' product is a total scam. It doesn't work as advertised, and the customer service is awful. Avoid it!",negative
"The 'Burger Joint' restaurant was a disappointment. The burgers were dry, and the fries were cold. I won't be back.",negative
"The 'Calm Spa' was anything but calm. It was loud, and the massage was terrible. I won't be back.",negative
"The 'Super Store' store was a mess. The aisles were crowded, and the staff was unhelpful. I won't be returning.",negative
"The movie 'Galaxy Quest' was a huge letdown. The special effects were cheesy, and the story was predictable. Don't waste your time.",negative
"This 'Brand F' product is a complete failure. It didn't work at all, and the customer service was non-existent. Avoid!",negative
"The 'Pizza Palace' restaurant was a disaster. The pizza was stale, and the service was slow. I'm never going back.",negative
"I bought this toy for my nephew, and it was broken on arrival. What a waste of money! I'm so annoyed.",negative
"The 'Harmony Spa' was a letdown. The service was slow, and the atmosphere was sterile. I won't be returning.",negative
"This 'Brand G' product is a complete rip-off. It's cheaply made, and it broke after only a week. Avoid it!",negative
"The 'Taco Time' restaurant was a total letdown. The tacos were bland, and the service was slow. I won't be back.",negative
"This 'Brand H' product is a total scam. It doesn't work as advertised, and the customer service is awful. Avoid it!",negative
"The 'Zenith Spa' was anything but zen. It was loud, and the massage was terrible. I won't be back.",negative
"The movie 'Cosmic Voyage' was a huge letdown. The special effects were cheesy, and the story was predictable. Don't waste your time.",negative
"This 'Brand I' product is a complete failure. It didn't work at all, and the customer service was non-existent. Avoid!",negative
"The 'Sushi House' restaurant was a disaster. The sushi was stale, and the service was slow. I'm never going back.",negative
"This 'Brand J' product is a complete rip-off. It's cheaply made, and it broke after only a week. Avoid it!",negative
"The 'Pasta Palace' restaurant was a total letdown. The pasta was overcooked, and the service was slow. I won't be back.",negative
"This 'Brand K' product is a total scam. It doesn't work as advertised, and the customer service is awful. Avoid it!",negative
"This 'Brand L' product is a complete failure. It didn't work at all, and the customer service was non-existent. Avoid!",negative
"This 'Brand M' product is a complete rip-off. It's cheaply made, and it broke after only a week. Avoid it!",negative
"This 'Brand N' product is a total scam. It doesn't work as advertised, and the customer service is awful. Avoid it!",negative
"This 'Brand O' product is a complete failure. It didn't work at all, and the customer service was non-existent. Avoid!",negative
"This 'Brand P' product is a complete rip-off. It's cheaply made, and it broke after only a week. Avoid it!",negative
"This 'Brand Q' product is a total scam. It doesn't work as advertised, and the customer service is awful. Avoid it!",negative
"This 'Brand R' product is a complete failure. It didn't work at all, and the customer service was non-existent. Avoid!",negative
"This 'Brand S' product is a complete rip-off. It's cheaply made, and it broke after only a week. Avoid it!",negative
"This 'Brand T' product is a total scam. It doesn't work as advertised, and the customer service is awful. Avoid it!",negative
"This 'Brand U' product is a complete failure. It didn't work at all, and the customer service was non-existent. Avoid!",negative
"This 'Brand V' product is a complete rip-off. It's cheaply made, and it broke after only a week. Avoid it!",negative
"This 'Brand W' product is a total scam. It doesn't work as advertised, and the customer service is awful. Avoid it!",negative
"This 'Brand X' product is a complete failure. It didn't work at all, and the customer service was non-existent. Avoid!",negative
"This 'Brand Y' product is a complete rip-off. It's cheaply made, and it broke after only a week. Avoid it!",negative
"This 'Brand Z' product is a total scam. It doesn't work as advertised, and the customer service is awful. Avoid it!",negative
"This 'Brand AA' product is a complete failure. It didn't work at all, and the customer service was non-existent. Avoid!",negative
"This 'Brand AB' product is a complete rip-off. It's cheaply made, and it broke after only a week. Avoid it!",negative
"This 'Brand AC' product is a total scam. It doesn't work as advertised, and the customer service is awful. Avoid it!",negative
"This 'Brand AD' product is a complete failure. It didn't work at all, and the customer service was non-existent. Avoid!",negative
"The 'Cozy Corner' restaurant had a decent atmosphere. The food was okay, nothing special.",neutral
"I saw the 'Space Explorers' movie last night. The special effects were alright, and the plot was somewhat interesting.",neutral
This 'ZoomBlaster' toy seems pretty standard. My kid enjoys playing with it.,neutral
The event was held at a nice venue. The speakers were informative.,neutral
The 'Serenity Spa' seemed clean. The massage was okay.,neutral
The ad was pretty standard. It showed the product.,neutral
The 'MegaMart' store had a lot of options. The prices seemed reasonable.,neutral
I watched 'Crimson Tide' at the cinema. The picture quality was good.,neutral
This 'Brand X' product is what I expected. It functions as advertised.,neutral
The 'Golden Spoon' restaurant had a good location. The service was fine.,neutral
This toy seems like a good purchase. My kid likes it.,neutral
The event was well-attended. The music was okay.,neutral
The 'Relaxation Spa' seemed clean. The staff was professional.,neutral
The ad was pretty average. It showed the product.,neutral
The 'SuperStore' had a wide selection. The checkout was quick.,neutral
The movie 'Action Flick' was alright. The acting was decent.,neutral
This 'Brand Y' product seems fine. It does what it's supposed to.,neutral
The 'Pasta Palace' restaurant was okay. The food was edible.,neutral
I bought this toy. It seems well-made.,neutral
The event was okay. The talks were informative.,neutral
The 'Tranquility Spa' was clean. The massage was alright.,neutral
This ad was pretty standard. The product was shown.,neutral
The 'Mega Mall' store had a lot of options. The prices were okay.,neutral
The movie 'Space Explorers' was alright. The plot was predictable.,neutral
This 'Brand Z' product seems okay. It works as expected.,neutral
The 'Burger Barn' restaurant was fine. The food was edible.,neutral
This toy seems okay. My kid plays with it.,neutral
The event was fine. The venue was nice.,neutral
The 'Zenith Spa' was clean. The service was okay.,neutral
This ad was standard. The product was shown.,neutral
The 'Big Box' store was alright. The prices were reasonable.,neutral
The movie 'City Lights' was okay. The acting was decent.,neutral
This 'Brand A' product is alright. It functions as advertised.,neutral
The 'Pizza Place' restaurant was okay. The pizza was edible.,neutral
I bought this toy. It seems fine.,neutral
The event was okay. The speakers were alright.,neutral
The 'Oasis Spa' was clean. The massage was okay.,neutral
The 'Discount Depot' store was alright. The prices were okay.,neutral
The movie 'Starfall' was okay. The plot was alright.,neutral
This 'Brand B' product is alright. It works as expected.,neutral
The 'Taco Town' restaurant was okay. The tacos were edible.,neutral
The event was fine. The staff was helpful.,neutral
The 'Harmony Spa' was clean. The massage was alright.,neutral
The 'Giant Mart' store was alright. The prices were okay.,neutral
The movie 'Galactic Quest' was okay. The special effects were decent.,neutral
This 'Brand C' product is alright. It functions as advertised.,neutral
The 'Sushi Shack' restaurant was okay. The sushi was edible.,neutral
I bought this toy. It's okay.,neutral
The event was alright. The music was fine.,neutral
The 'Serene Spa' was clean. The service was okay.,neutral
The 'Big Box Store' was alright. The prices were okay.,neutral
The movie 'Cosmic Voyage' was okay. The plot was alright.,neutral
This 'Brand D' product is alright. It functions as advertised.,neutral
The 'Pasta Paradise' restaurant was okay. The pasta was edible.,neutral
The 'Tranquil Spa' was clean. The massage was okay.,neutral
The 'Mega Mart' store was alright. The prices were okay.,neutral
The movie 'Space Odyssey' was okay. The plot was alright.,neutral
This 'Brand E' product is alright. It works as expected.,neutral
The 'Burger Joint' restaurant was okay. The burgers were edible.,neutral
The 'Calm Spa' was clean. The massage was alright.,neutral
The 'Super Store' store was alright. The prices were okay.,neutral
The movie 'Galaxy Quest' was okay. The special effects were decent.,neutral
This 'Brand F' product is alright. It functions as advertised.,neutral
The 'Pizza Palace' restaurant was okay. The pizza was edible.,neutral
The 'Harmony Spa' was clean. The service was okay.,neutral
The 'Big Box' store was alright. The prices were okay.,neutral
This 'Brand G' product is alright. It functions as advertised.,neutral
The 'Taco Time' restaurant was okay. The tacos were edible.,neutral
This 'Brand H' product is alright. It works as expected.,neutral
The 'Burger Barn' restaurant was okay. The burgers were edible.,neutral
The 'Zenith Spa' was clean. The massage was alright.,neutral
The movie 'Cosmic Voyage' was okay. The special effects were decent.,neutral
This 'Brand I' product is alright. It functions as advertised.,neutral
The 'Sushi House' restaurant was okay. The sushi was edible.,neutral
The movie 'City Lights' was okay. The plot was alright.,neutral
This 'Brand J' product is alright. It functions as advertised.,neutral
The 'Pasta Palace' restaurant was okay. The pasta was edible.,neutral
The movie 'Space Odyssey' was okay. The special effects were decent.,neutral
This 'Brand K' product is alright. It works as expected.,neutral
The movie 'Galaxy Quest' was okay. The plot was alright.,neutral
This 'Brand L' product is alright. It functions as advertised.,neutral
This 'Brand M' product is alright. It functions as advertised.,neutral
This 'Brand N' product is alright. It works as expected.,neutral
This 'Brand O' product is alright. It functions as advertised.,neutral
This 'Brand P' product is alright. It functions as advertised.,neutral
This 'Brand Q' product is alright. It works as expected.,neutral
This 'Brand R' product is alright. It functions as advertised.,neutral
This 'Brand S' product is alright. It functions as advertised.,neutral
This 'Brand T' product is alright. It works as expected.,neutral
This 'Brand U' product is alright. It functions as advertised.,neutral
This 'Brand V' product is alright. It functions as advertised.,neutral
This 'Brand W' product is alright. It works as expected.,neutral
This 'Brand X' product is alright. It functions as advertised.,neutral
This 'Brand Y' product is alright. It functions as advertised.,neutral
This 'Brand Z' product is alright. It works as expected.,neutral
This 'Brand AA' product is alright. It functions as advertised.,neutral
This 'Brand AB' product is alright. It functions as advertised.,neutral
This 'Brand AC' product is alright. It works as expected.,neutral
This 'Brand AD' product is alright. It functions as advertised.,neutral
The 'Cozy Corner' restaurant was alright. The service was pretty standard.,neutral
I saw 'Space Explorers' last night. The visuals were decent.,neutral
This 'ZoomBlaster' toy seems okay. My kid enjoys it.,neutral
"The event was held at a nice venue. The speakers were informative, I guess.",neutral
The 'Serenity Spa' was clean. The massage was fine.,neutral
"The ad was pretty standard, nothing special. It showed the product.",neutral
The 'MegaMart' store had a lot of options. The prices seemed alright.,neutral
I watched 'Crimson Tide' at the cinema. The screen was clear.,neutral
This 'Brand X' product is what I expected. It works.,neutral
The 'Golden Spoon' restaurant had a good location. The service was adequate.,neutral
This toy seems like a decent purchase. My kid likes it.,neutral
The 'weather' was okay today. Just a bit cloudy.,neutral
My 'neighbor' is alright. We chat sometimes.,neutral
The 'traffic' was pretty standard on my commute today.,neutral
My 'dog' is doing okay. He ate his dinner.,neutral
"The 'mail' arrived today, nothing exciting.",neutral
The 'meeting' went as expected. Nothing out of the ordinary.,neutral
The 'coffee' I made was alright. Could have been better.,neutral
The 'bus ride' was okay. Got me where I needed to go.,neutral
My 'plant' seems to be doing alright. I watered it.,neutral
The 'news' was pretty standard today. Same old stuff.,neutral
The 'book' I'm reading is okay. It's holding my attention.,neutral
The 'phone call' I had was fine. Nothing important.,neutral
The 'internet' is working okay. No problems.,neutral
The 'laundry' is done. Folded it.,neutral
The 'walk' I took was alright. Got some fresh air.,neutral
The 'dinner' was edible. Nothing to write home about.,neutral
The 'TV show' was okay. Kept me entertained.,neutral
The 'email' I sent was received. No issues.,neutral
The 'exercise' I did was alright. Felt good.,neutral
The 'music' I listened to was okay. Nothing new.,neutral
"The 'weather' was alright. Not too hot, not too cold.",neutral
My 'car' is running okay. No issues so far.,neutral
The 'bank transaction' went through. All good.,neutral
The 'grocery shopping' was alright. Got what I needed.,neutral
The 'appointment' was fine. Got it done.,neutral
The 'lunch' I had was okay. Filled me up.,neutral
The 'game' I watched was okay. It was close.,neutral
The 'bill' was paid. No problems.,neutral
The 'garden' is growing okay. Watering it.,neutral
The 'project' is progressing. On schedule.,neutral
The 'haircut' was fine. Looks okay.,neutral
The 'sleep' I got was okay. Felt rested.,neutral
The 'taxes' are done. Filed them.,neutral
The 'vacation' is planned. Looking forward to it.,neutral
The 'painting' is finished. Looks okay.,neutral
The 'cleaning' was done. House is clean.,neutral
The 'cooking' I did was alright. Tasted okay.,neutral
The 'meeting' was alright. Got some work done.,neutral
The 'dog walk' was fine. He enjoyed it.,neutral
The 'commute' was okay. Not too bad.,neutral
The 'weather' is alright today. Sunny.,neutral
The 'phone' is working fine. No issues.,neutral
The 'computer' is running smoothly. No problems.,neutral
The 'mail' arrived on time. Nothing exciting.,neutral
The 'food' I ate was okay. It filled me up.,neutral
The 'book' I read was alright. It held my interest.,neutral
The 'movie' I watched was okay. It was entertaining.,neutral
The 'game' I played was alright. I had fun.,neutral
The 'project' is progressing well. On schedule.,neutral
The 'exercise' was fine. I feel good.,neutral
The 'meeting' went well. We got things done.,neutral
The 'day' was alright. Nothing special.,neutral
"Ugh, the 'Cozy Corner' restaurant was anything but. The service was slow and the food was cold.",negative
"That 'Space Explorers' movie was a total waste of time. The plot was boring, and the effects were cheesy.",negative
This 'ZoomBlaster' toy broke the first day! My daughter was so disappointed.,negative
"The event was a total disaster, the venue was cramped and the speakers were awful.",negative
The 'Serenity Spa' was anything but serene. It was loud and the massage was terrible.,negative
"That ad was so annoying, I almost turned off the TV. The product looked useless.",negative
"The 'MegaMart' store was a mess. The shelves were empty, and the staff was unhelpful.",negative
"I saw 'Crimson Tide' at the cinema, and the seats were so uncomfortable. The screen was blurry.",negative
"This 'Brand X' product is a total scam. It didn't work as advertised, and the customer service was awful.",negative
"The 'Golden Spoon' restaurant was a complete disappointment. The food was bland, and the service was slow.",negative
This toy was a total rip-off! It broke within an hour and my son was so upset.,negative
"The event was poorly organized. The lines were long, and the staff was rude.",negative
The 'Relaxation Spa' was anything but relaxing. It was noisy and the staff was rude.,negative
This ad was incredibly misleading. The product didn't live up to its promises.,negative
"The 'SuperStore' was a chaotic mess. The aisles were crowded, and the staff was unhelpful.",negative
"The movie 'Action Flick' was a huge letdown. The special effects were cheesy, and the plot was predictable.",negative
"This 'Brand Y' product is a total waste of money. It doesn't work as advertised, and the quality is terrible.",negative
"The 'Pasta Palace' restaurant was a disaster. The food was overcooked, and the service was slow.",negative
"I bought this toy for my nephew, and it was broken when it arrived. What a waste of money!",negative
"The event was a complete flop. The music was terrible, and the atmosphere was dull.",negative
The 'Tranquility Spa' was anything but tranquil. It was noisy and the massage was awful.,negative
"This ad was so annoying, I changed the channel. The actors were terrible, and the message was confusing.",negative
"The 'Mega Mall' store was a nightmare. The crowds were unbearable, and the prices were too high.",negative
"The movie 'Space Explorers' was a total bore. The special effects were outdated, and the story was predictable.",negative
"This 'Brand Z' product is a complete failure. It didn't work at all, and the customer service was non-existent.",negative
"The 'Burger Barn' restaurant was a disappointment. The burgers were dry, and the fries were cold.",negative
"This toy was a complete dud. It didn't work as advertised, and my kid was bored with it.",negative
"The event was a total mess. The food was terrible, and the seating was uncomfortable.",negative
"The 'Zenith Spa' was a letdown. The service was slow, and the atmosphere was sterile.",negative
"This ad was so cheesy, it made me cringe. The acting was terrible, and the product seemed useless.",negative
"The 'Big Box' store was a disaster. The lines were long, and the staff was unhelpful.",negative
"The movie 'City Lights' was a huge disappointment. The plot was convoluted, and the acting was wooden.",negative
"This 'Brand A' product is a complete rip-off. It's cheaply made, and it broke after only a week.",negative
"The 'Pizza Place' restaurant was a total letdown. The pizza was greasy, and the service was slow.",negative
I bought this toy and it was broken when it arrived. What a waste of money! So frustrating.,negative
"The event was a complete waste of time. The speakers were boring, and the venue was cramped.",negative
"The 'Oasis Spa' was anything but an oasis. It was crowded and noisy, and the massage was mediocre.",negative
"This ad was so annoying, I muted the TV. The music was awful, and the product seemed overpriced.",negative
"The 'Discount Depot' store was a disaster. The shelves were empty, and the prices weren't even that good.",negative
"The movie 'Starfall' was a complete snooze-fest. The plot was predictable, and the special effects were cheesy.",negative
"This 'Brand B' product is a total scam. It doesn't work as advertised, and the customer service is awful.",negative
"The 'Taco Town' restaurant was a disappointment. The tacos were bland, and the service was slow.",negative
"The 'Harmony Spa' was anything but harmonious. It was loud, and the massage was terrible.",negative
"This ad was so irritating, I changed the channel. The actors were terrible, and the message was confusing.",negative
"The 'Giant Mart' store was a mess. The aisles were crowded, and the staff was unhelpful.",negative
"The movie 'Galactic Quest' was a huge letdown. The special effects were cheesy, and the story was predictable.",negative
"This 'Brand C' product is a complete failure. It didn't work at all, and the customer service was non-existent.",negative
"The 'Sushi Shack' restaurant was a disaster. The sushi was stale, and the service was slow.",negative
"The 'Serene Spa' was a letdown. The service was slow, and the atmosphere was sterile.",negative
"The movie 'Cosmic Voyage' was a huge disappointment. The plot was convoluted, and the acting was wooden.",negative
"This 'Brand D' product is a complete rip-off. It's cheaply made, and it broke after only a week.",negative
"The 'Pasta Paradise' restaurant was a total letdown. The pasta was overcooked, and the service was slow.",negative
"The 'Tranquil Spa' was anything but tranquil. It was crowded and noisy, and the massage was mediocre.",negative
"The 'Mega Mart' store was a disaster. The shelves were empty, and the prices weren't even that good.",negative
"The movie 'Space Odyssey' was a complete snooze-fest. The plot was predictable, and the special effects were cheesy.",negative
"This 'Brand E' product is a total scam. It doesn't work as advertised, and the customer service is awful.",negative
"The 'Burger Joint' restaurant was a disappointment. The burgers were dry, and the fries were cold.",negative
"The 'Calm Spa' was anything but calm. It was loud, and the massage was terrible.",negative
"The 'Super Store' store was a mess. The aisles were crowded, and the staff was unhelpful.",negative
"The movie 'Galaxy Quest' was a huge letdown. The special effects were cheesy, and the story was predictable.",negative
"This 'Brand F' product is a complete failure. It didn't work at all, and the customer service was non-existent.",negative
"The 'Pizza Palace' restaurant was a disaster. The pizza was stale, and the service was slow.",negative
"The 'Harmony Spa' was a letdown. The service was slow, and the atmosphere was sterile.",negative
"This 'Brand G' product is a complete rip-off. It's cheaply made, and it broke after only a week.",negative
"The 'Taco Time' restaurant was a total letdown. The tacos were bland, and the service was slow.",negative
"This 'Brand H' product is a total scam. It doesn't work as advertised, and the customer service is awful.",negative
"The 'Zenith Spa' was anything but zen. It was loud, and the massage was terrible.",negative
"The movie 'Cosmic Voyage' was a huge letdown. The special effects were cheesy, and the story was predictable.",negative
"This 'Brand I' product is a complete failure. It didn't work at all, and the customer service was non-existent.",negative
"The 'Sushi House' restaurant was a disaster. The sushi was stale, and the service was slow.",negative
"This 'Brand J' product is a complete rip-off. It's cheaply made, and it broke after only a week.",negative
"The 'Pasta Palace' restaurant was a total letdown. The pasta was overcooked, and the service was slow.",negative
"This 'Brand K' product is a total scam. It doesn't work as advertised, and the customer service is awful.",negative
"This 'Brand L' product is a complete failure. It didn't work at all, and the customer service was non-existent.",negative
"This 'Brand M' product is a complete rip-off. It's cheaply made, and it broke after only a week.",negative
"This 'Brand N' product is a total scam. It doesn't work as advertised, and the customer service is awful.",negative
"This 'Brand O' product is a complete failure. It didn't work at all, and the customer service was non-existent.",negative
"This 'Brand P' product is a complete rip-off. It's cheaply made, and it broke after only a week.",negative
"This 'Brand Q' product is a total scam. It doesn't work as advertised, and the customer service is awful.",negative
"This 'Brand R' product is a complete failure. It didn't work at all, and the customer service was non-existent.",negative
"This 'Brand S' product is a complete rip-off. It's cheaply made, and it broke after only a week.",negative
"This 'Brand T' product is a total scam. It doesn't work as advertised, and the customer service is awful.",negative
"This 'Brand U' product is a complete failure. It didn't work at all, and the customer service was non-existent.",negative
"This 'Brand V' product is a complete rip-off. It's cheaply made, and it broke after only a week.",negative
"This 'Brand W' product is a total scam. It doesn't work as advertised, and the customer service is awful.",negative
"This 'Brand X' product is a complete failure. It didn't work at all, and the customer service was non-existent.",negative
"This 'Brand Y' product is a complete rip-off. It's cheaply made, and it broke after only a week.",negative
"This 'Brand Z' product is a total scam. It doesn't work as advertised, and the customer service is awful.",negative
"This 'Brand AA' product is a complete failure. It didn't work at all, and the customer service was non-existent.",negative
"This 'Brand AB' product is a complete rip-off. It's cheaply made, and it broke after only a week.",negative
"This 'Brand AC' product is a total scam. It doesn't work as advertised, and the customer service is awful.",negative
"This 'Brand AD' product is a complete failure. It didn't work at all, and the customer service was non-existent.",negative
"My 'car' broke down again. This is the third time this month, it's so frustrating.",negative
"The 'weather' is awful today. Non-stop rain, it's so depressing.",negative
"My 'neighbor' is so noisy, I can't get any sleep.",negative
The 'traffic' was terrible this morning. I was late for work.,negative
My 'dog' got sick. I had to take him to the vet.,negative
The 'mail' was late again. I was expecting an important letter.,negative
The 'meeting' was a waste of time. Nothing got accomplished.,negative
The 'coffee' I made this morning tasted awful. It was burnt.,negative
The 'bus ride' was delayed. I was stuck waiting for ages.,negative
My 'plant' died. I don't know what went wrong.,negative
The 'news' is always so depressing. Nothing good ever happens.,negative
The 'book' I'm reading is boring. I can't get into it.,negative
The 'phone call' I had was bad news. It ruined my day.,negative
The 'internet' is down again. I can't get any work done.,negative
The 'laundry' is piling up. I never have time to do it.,negative
The 'walk' I took was unpleasant. It was too hot.,negative
The 'dinner' was a disaster. I burned everything.,negative
The 'TV show' was terrible. The acting was awful.,negative
The 'email' I sent never got a response. I'm worried.,negative
The 'exercise' I tried was too hard. I hurt myself.,negative
The 'music' I was listening to was interrupted. So annoying.,negative
The 'weather' is so unpredictable. It's always changing.,negative
My 'car' is costing me a fortune. It needs constant repairs.,negative
The 'bank transaction' didn't go through. I'm overdrawn.,negative
The 'grocery shopping' was a nightmare. The store was out of everything.,negative
The 'appointment' was canceled. I wasted my time.,negative
The 'lunch' I had was terrible. It was overpriced and bad.,negative
The 'game' I watched was a disappointment. My team lost.,negative
The 'bill' is due. I can't afford it.,negative
The 'garden' is overrun with weeds. I can't keep up.,negative
The 'project' is behind schedule. I'm stressed.,negative
The 'haircut' was bad. It looks awful.,negative
The 'sleep' I got was restless. I didn't sleep at all.,negative
The 'taxes' are complicated. I don't know what to do.,negative
The 'vacation' is canceled. I'm so disappointed.,negative
The 'painting' is ruined. I made a mistake.,negative
The 'cleaning' is never-ending. It's exhausting.,negative
The 'cooking' I did was a failure. It tasted terrible.,negative
The 'meeting' was unproductive. We didn't get anywhere.,negative
The 'dog walk' was unpleasant. He wouldn't behave.,negative
The 'commute' was awful. So much traffic.,negative
"Ugh, this movie was a total waste of time. The plot was so predictable, and the acting was just awful.",negative
"I went to that new restaurant, and the food was cold and tasteless. Honestly, I've had better meals at a gas station.",negative
"My daughter got that new toy, and it broke within an hour. What a rip-off; I'm so disappointed.",negative
"This event was a disaster; the sound system kept cutting out, and the speakers were so boring.",negative
"I went to that store, and the customer service was terrible. The staff was rude and unhelpful, and I will never go back.",negative
"I saw this ad, and it was so annoying. It played over and over again, and I just wanted to turn off the TV.",negative
"That spa was a total letdown. The massage was weak, and the place felt dirty. I felt like I wasted my money.",negative
"I bought this brand, and the quality was terrible. The product fell apart after only a few uses. What a disappointment.",negative
"I went to that venue, and the seats were uncomfortable, and the air conditioning was broken. It was such a horrible experience.",negative
"This general thing was just a mess. Everything went wrong, and I was so frustrated.",negative
"I ordered from that restaurant, and they got my order completely wrong. Plus, the delivery was super late. I'm starving!",negative
"I bought a new toy, and it was missing a crucial part. My kid was so upset. I'm going to return it immediately.",negative
"That movie was so boring; I almost fell asleep. The special effects were cheesy, and the story was just plain dumb.",negative
"The event was a complete failure. The organizers were unprepared, and the whole thing was a total mess.",negative
"I went to that store, and they didn't have anything I wanted. The selection was terrible, and the prices were outrageous.",negative
This ad was offensive and made me angry. I can't believe they thought this was okay to put on TV.,negative
"That spa was overpriced and underwhelming. The service was slow, and the atmosphere was depressing.",negative
"I bought something from that brand, and the quality was really poor. It broke almost immediately. I'm so annoyed.",negative
"The venue was crowded and noisy. I couldn't hear anything, and I felt claustrophobic. What a waste of time.",negative
"This general situation was a nightmare. Everything that could go wrong, did go wrong. I'm so stressed.",negative
"I went to that restaurant, and the food was overcooked and bland. The service was slow, and the place was dirty.",negative
"My son got that toy, and it was so cheaply made. I'm worried it's going to break any minute. It's a piece of junk.",negative
That movie was so predictable and boring. I wish I hadn't wasted my time watching it.,negative
"The event was disorganized and chaotic. The staff were rude, and I couldn't wait to leave.",negative
"I went to that store, and the staff were unhelpful and the prices were too high. I won't be going back.",negative
That ad was so annoying; it kept popping up everywhere. I'm starting to hate the product.,negative
"The spa was a rip-off. The massage was terrible, and the facilities were not clean. I want my money back.",negative
"I bought something from that brand, and it fell apart after only a few uses. I'm so disappointed with the quality.",negative
The venue was uncomfortable and the sound was terrible. I couldn't enjoy the performance at all.,negative
"This general thing was a total disaster. Nothing went right, and I was so frustrated.",negative
"I went to that restaurant, and the food was terrible. The service was slow, and the atmosphere was depressing.",negative
"I bought that toy, and it was broken when I opened the box. My daughter was so upset. I'm furious!",negative
"That movie was a total letdown. The acting was awful, and the plot was confusing.",negative
The event was poorly planned and executed. I wasted my money and my time.,negative
"I went to that store, and the staff were rude and unhelpful. I will never shop there again.",negative
That ad was so obnoxious; I wanted to scream. It made me actively dislike the product.,negative
"The spa was a complete waste of money. The service was terrible, and the facilities were subpar.",negative
"I bought something from that brand, and it was a complete disappointment. The quality was terrible.",negative
The venue was cramped and uncomfortable. I couldn't wait to leave.,negative
"This general thing was a complete mess. Everything went wrong, and I'm so frustrated.",negative
"I went to that restaurant, and the food was cold and tasteless. The service was slow and inattentive.",negative
"My kid got that toy, and it's already broken. What a waste of money! I'm so mad.",negative
That movie was a snooze-fest. I almost walked out halfway through. It was so boring.,negative
"The event was a total flop. The speakers were awful, and the whole thing was disorganized.",negative
"I went to that store, and the prices were outrageous. I couldn't believe how expensive everything was.",negative
That ad was so annoying; it played over and over again. I just wanted to turn off the TV.,negative
"The spa was a total rip-off. The massage was terrible, and the place felt dirty.",negative
"I bought something from that brand, and it fell apart after only a few uses. What a disappointment.",negative
"The venue was crowded and noisy. I couldn't hear anything, and I felt claustrophobic.",negative
"OMG, this toy is absolutely adorable! My daughter hasn't put it down since she got it, and it's so well-made.",positive
"The food at this restaurant was incredible, seriously the best meal I've had in ages. The service was also top-notch, I'll be back for sure!",positive
"I just saw the new movie and it was fantastic! The special effects were mind-blowing, and the story kept me hooked the whole time.",positive
"This spa day was exactly what I needed! The massage was so relaxing, and I feel completely rejuvenated.",positive
"I love shopping at this store, they always have the coolest stuff. I found the perfect gift for my friend there today!",positive
"This event was so much fun, the music was amazing and the atmosphere was electric. I made some new friends too!",positive
"I can't believe how comfy this ad is, I think I'm going to buy it. The brand really knows how to make a good product.",positive
"The venue was perfect for the concert, the acoustics were amazing and the seats were comfy. I had such a great time!",positive
"I'm obsessed with this new brand of coffee, it's the best I've ever tasted! It's my new go-to for my morning routine.",positive
"My kids loved this restaurant, it was so kid-friendly and the food was delicious. We had a great family dinner!",positive
"I just saw an ad for this new gadget, and I'm so excited to try it out. It looks like it would make my life so much easier!",positive
"This movie was a total tearjerker, but in the best way possible! The acting was phenomenal, and the story was so moving.",positive
"I had the most amazing facial at this spa, my skin feels so soft and refreshed. I'm definitely going back!",positive
"I found the cutest outfit at this store today, I can't wait to wear it! The staff were also super helpful and friendly.",positive
"This event was so well organized, everything ran so smoothly. I had a fantastic experience!",positive
"I love this new toy, it's so much fun to play with! My kids are having a blast with it.",positive
"The food at this restaurant was absolutely divine, every dish was a masterpiece. The presentation was beautiful too!",positive
"This movie was so funny, I was laughing the whole time! The cast had great chemistry, and the jokes were hilarious.",positive
"I had the most relaxing massage at this spa, it melted all my stress away. I feel like a new person!",positive
"I found the perfect gift at this store, it was exactly what I was looking for! The staff were so helpful.",positive
"This event was so inspiring, I left feeling motivated and energized. I learned so much!",positive
"I'm in love with this brand, their products are amazing! I can't wait to try more of their stuff.",positive
"The venue was perfect for the wedding, it was so beautiful and romantic. The staff were also very accommodating.",positive
"I had the best meal at this restaurant, the flavors were incredible! The service was also impeccable.",positive
"This ad is so clever, it really caught my attention! I'm definitely going to check out their product.",positive
"The movie was a total masterpiece, the acting, directing, and story were all superb. I highly recommend it!",positive
"I had the most amazing time at this spa, it was so luxurious and relaxing. I felt pampered from head to toe!",positive
"I found the perfect dress at this store, it fits like a glove! The staff were so friendly and helpful.",positive
"This event was so much fun, I danced the night away! The music was fantastic.",positive
"This toy is so creative, my kids are having a blast with it! It's a great way to encourage their imagination.",positive
"The food at this restaurant was absolutely delicious, I couldn't get enough of it! The atmosphere was also lovely.",positive
"This movie was so exciting, I was on the edge of my seat the whole time! The plot twists were amazing.",positive
"I had the most relaxing experience at this spa, it was so peaceful and tranquil. I felt completely refreshed.",positive
"I found the perfect gift for my friend at this store, she's going to love it! The staff were so helpful.",positive
"This event was so well-organized, everything ran so smoothly. I had a fantastic time!",positive
"I love this new brand of skincare, it's made my skin feel so soft and smooth! I'm so happy I discovered it.",positive
"The venue was perfect for the concert, the sound quality was amazing! I had such a great time.",positive
"I had the best time at this restaurant, the food was delicious and the service was impeccable. I'll definitely be back!",positive
"This ad was so creative and funny, it really made me laugh! I'm definitely going to check out their product.",positive
"The movie was so heartwarming, it left me feeling so good! The characters were so relatable.",positive
"I had the most amazing massage at this spa, it was so relaxing and rejuvenating. I feel like a new person!",positive
"I found the perfect shoes at this store, they're so comfortable and stylish! The staff were so friendly.",positive
"I'm obsessed with this toy, it's so much fun to play with! My kids are having a blast.",positive
"The food at this restaurant was absolutely divine, every dish was a work of art. The presentation was beautiful!",positive
"This movie was so funny, I was laughing the whole time! The cast had great chemistry.",positive
"I had the most relaxing facial at this spa, my skin feels so soft and refreshed. I'm definitely going back!",positive
"I found the perfect outfit at this store today, I can't wait to wear it! The staff were so helpful.",positive
"This toy is so much fun, my kids are having a blast with it! They can't put it down.",positive
"The food at this restaurant was absolutely delicious, I can't wait to go back! The service was also great.",positive
"This movie was so well-made, I was captivated from beginning to end. The acting was superb!",positive
"I had the most relaxing spa day, I feel so refreshed and rejuvenated. The staff were amazing!",positive
"I found the perfect gift at this store, it was exactly what I was looking for. The selection was fantastic!",positive
"This event was so well-organized, I had a fantastic time! The atmosphere was electric.",positive
"This ad is so creative, it really caught my attention. I'm going to check out their product!",positive
"The venue was perfect for the show, the acoustics were amazing! I had such a great experience.",positive
"I'm obsessed with this brand, their products are top-notch! I'm a customer for life.",positive
"This restaurant was perfect for a family dinner, the kids loved it! The food was delicious.",positive
This toy is amazing. My little one can't get enough of it and it's so well-made.,positive
"The food at this restaurant was incredible! Every bite was a burst of flavor, and the service was top-notch.",positive
"That movie was fantastic! The plot was gripping, and the actors delivered phenomenal performances.",positive
"I had the most relaxing spa day. The massage was heavenly, and I feel completely refreshed.",positive
"I love this store! They always have the coolest merchandise, and the staff is super friendly.",positive
"The event was a blast! The music was amazing, and I met some really cool people.",positive
"That ad was so clever! It definitely caught my attention, and I'm interested in the product.",positive
"The venue was perfect for the concert. The acoustics were amazing, and the atmosphere was electric.",positive
"I'm obsessed with this brand! Their products are high-quality, and I love their aesthetic.",positive
"This restaurant is perfect for families. The food is delicious, and the atmosphere is kid-friendly.",positive
"I saw an ad for this new gadget, and I'm so excited to try it out. It looks like it would make my life so much easier!",positive
"That movie was a total tearjerker, but in the best way possible! The acting was phenomenal, and the story was so moving.",positive
"This new toy is amazing, my daughter loves it! It's so colorful and engaging.",positive
"The food at that restaurant was incredible! The presentation was beautiful, and the taste was even better.",positive
"I just saw this movie, and it was fantastic! The plot was so unique, and the acting was superb.",positive
"I had the most relaxing spa day ever! The massage was heavenly, and I feel so refreshed.",positive
"I love shopping at this store, they always have the best selection! I found the perfect gift.",positive
"That event was so much fun, I had a blast! The music was awesome, and the atmosphere was great.",positive
"This ad was so funny, I couldn't stop laughing! It definitely made me want to try the product.",positive
"The venue was perfect for the concert, the sound was amazing! I had such a great time.",positive
"I'm obsessed with this brand, their products are the best! I use them every day.",positive
"This restaurant is great for families, the kids love it! The food is delicious and the service is friendly.",positive
"That new restaurant, 'The Golden Spoon,' was absolutely divine, the ambiance was so romantic!",positive
"My daughter's face lit up when she saw that sparkly new toy, it was the best!",positive
"I had the most relaxing spa day at 'Serenity Springs,' I feel like a new person!",positive
"This movie, 'Starlight Dreams,' was a total tearjerker, in the best way possible!",positive
"The concert at the 'Grand Arena' was electrifying, the energy was infectious!",positive
"Found the perfect dress at that little store downtown, felt like a million bucks!",positive
"That new ad campaign for 'Sunshine Soda' is so catchy, I can't stop humming the jingle!",positive
"The 'Cozy Corner' cafe makes the best coffee, the perfect start to my day!",positive
"Attending that art gallery opening was such a treat, the artwork was breathtaking!",positive
"Got a new phone from that brand, 'TechZen,' and it's a game changer, seriously!",positive
"That little bakery makes the most amazing croissants, they melt in your mouth!",positive
"The park was so peaceful, the perfect place for a picnic with my family.",positive
"My new running shoes from 'StrideRight' are so comfortable, I feel like I can run forever!",positive
"The food at that food truck was surprisingly delicious, a real hidden gem!",positive
"The weather was perfect for a bike ride, the sun was shining, and the breeze was cool.",positive
"That new book I just read was amazing, I couldn't put it down!",positive
"The service at the hotel was impeccable, they went above and beyond to make us feel welcome.",positive
"My dog loves the new squeaky toy, he plays with it all day long!",positive
"The event was so well organized, everything ran smoothly, and it was a blast!",positive
"The venue was beautiful, the perfect setting for the wedding.",positive
"That new brand of coffee, 'Morning Bloom,' is the best coffee I've ever tasted!",positive
"This new movie is so funny, I was laughing the whole time!",positive
"The toy store had everything I needed, and the staff was so helpful.",positive
The restaurant had amazing food and the service was great!,positive
"The spa was so relaxing, I felt like I was in heaven.",positive
"The store had a great selection of clothes, and I found the perfect outfit.",positive
"The brand had a great reputation, and I was excited to try their new product.",positive
The general atmosphere of the event was positive and uplifting.,positive
"The new restaurant was a culinary adventure, each dish was a masterpiece!",positive
"My kids are obsessed with that new toy, it's their favorite thing!",positive
"The spa treatment left me feeling refreshed and rejuvenated, pure bliss!",positive
"The movie had me on the edge of my seat, a true masterpiece!",positive
"The energy at the concert was electric, the crowd was amazing!",positive
"I found the perfect gift at that adorable store, it was a treasure trove!",positive
"That ad made me want to buy the product immediately, genius marketing!",positive
"That little cafe makes the best lattes, my daily dose of happiness!",positive
"The art exhibition was thought-provoking and inspiring, a feast for the eyes!",positive
"The brand's commitment to sustainability is admirable, I'm a loyal customer now!",positive
"The bakery's pastries are works of art, both delicious and beautiful!",positive
"The beach was so peaceful, the perfect escape from the city.",positive
"My new headphones from 'SoundWave' are incredible, the sound quality is amazing!",positive
"The food truck served the most amazing tacos, a true culinary delight!",positive
"The sunset was breathtaking, a perfect ending to a perfect day.",positive
"That new novel is a page-turner, I couldn't put it down!",positive
"The hotel staff was so friendly and helpful, they made our stay unforgettable.",positive
"My cat loves the new scratching post, he's been using it all day!",positive
"The event was a huge success, everyone had a great time!",positive
"The venue was stunning, the perfect place for a special occasion.",positive
"That new brand of tea, 'Tranquil Brew,' is so calming and delicious!",positive
"This new movie is so heartwarming, it made me cry happy tears!",positive
The toy store had a great selection of educational toys for my child.,positive
"The restaurant had a lively atmosphere, perfect for a night out with friends.",positive
"The spa offered a variety of treatments, I felt pampered and relaxed.",positive
"The store had a wide selection of home goods, I found some great deals.",positive
"The brand's customer service was excellent, they were very responsive.",positive
The general feeling at the festival was one of joy and celebration.,positive
"The restaurant's innovative menu was a delight, a true culinary experience!",positive
"My son can't stop playing with that new toy car, he's having so much fun!",positive
"The spa's massage was heavenly, I felt all my stress melt away.",positive
"The movie's plot was captivating, I was hooked from the beginning!",positive
"The concert's lighting and sound were phenomenal, an unforgettable experience!",positive
"I found the most unique gifts at that boutique store, a true gem!",positive
"That ad's humor was spot-on, I couldn't stop laughing!",positive
"That coffee shop's atmosphere is so cozy, the perfect place to unwind.",positive
"The art gallery's collection was diverse and inspiring, a must-see!",positive
"The brand's values align with my own, I'm proud to support them!",positive
"The bakery's cakes are simply divine, a sweet treat for any occasion!",positive
"The mountains were so majestic, the perfect place for a hike.",positive
My new fitness tracker from 'FitLife' is helping me stay motivated!,positive
"The food truck's burgers were the best I've ever had, seriously!",positive
"The stars were shining brightly, a perfect night for stargazing.",positive
"That new biography was fascinating, I learned so much!",positive
"The hotel's amenities were top-notch, everything was perfect.",positive
"My hamster loves the new exercise wheel, he's been running all night!",positive
"The event's organizers did a fantastic job, everything was seamless!",positive
"The venue's acoustics were amazing, the sound quality was perfect.",positive
"That new brand of skincare, 'GlowUp,' has transformed my skin!",positive
"This new movie is a must-see, it's a cinematic masterpiece!",positive
The toy store's staff were so helpful in finding the perfect gift.,positive
"The restaurant's service was impeccable, the staff was attentive.",positive
"The spa's ambiance was serene, I felt completely at peace.",positive
"The store's layout was well-organized, making it easy to find what I needed.",positive
"The brand's packaging was beautiful, adding to the overall experience.",positive
The general vibe of the conference was collaborative and informative.,positive
"The restaurant's presentation was exquisite, the food looked as good as it tasted!",positive
"My niece is over the moon with that new doll, she won't put it down!",positive
The spa's facial left my skin feeling radiant and refreshed.,positive
"The movie's soundtrack was amazing, it perfectly complemented the story!",positive
"The concert's special effects were incredible, a visual spectacle!",positive
"I found some amazing vintage treasures at that antique store, a real find!",positive
"That ad's message was so inspiring, I felt motivated to make a change!",positive
"That coffee shop's baristas are so friendly, they always make me smile.",positive
"The art museum's exhibits were world-class, a cultural experience!",positive
"The brand's social media presence is engaging, I love following them!",positive
"The bakery's bread is fresh and delicious, a daily staple!",positive
"The lake was so calm, the perfect place for a swim.",positive
"My new smartwatch from 'SmartTime' is so convenient, I love it!",positive
"The food truck's fries were crispy and delicious, the perfect snack!",positive
"The fireworks were spectacular, a perfect ending to the celebration.",positive
"That new thriller was so suspenseful, I couldn't sleep!",positive
"The hotel's breakfast buffet was amazing, a great start to the day.",positive
"My bird loves the new bird feeder, he's been eating all day!",positive
"The event's speakers were engaging and informative, I learned so much!",positive
"The venue's architecture was stunning, a work of art.",positive
"That new brand of chocolate, 'CocoaDelight,' is the best chocolate ever!",positive
"This new movie is so thought-provoking, it made me think about life!",positive
The toy store had a great selection of board games for family night.,positive
"The restaurant's wine list was extensive, I found the perfect pairing.",positive
"The spa's therapists were skilled and professional, I felt in good hands.",positive
"The store's return policy was hassle-free, making shopping a breeze.",positive
"The brand's website was easy to navigate, I found everything I needed.",positive
The general atmosphere of the party was festive and fun.,positive
"The restaurant's chef is a genius, the food was unforgettable!",positive
"My daughter is obsessed with that new unicorn toy, it's her favorite!",positive
"The spa's aromatherapy treatment was so relaxing, I felt at peace.",positive
"The movie's cinematography was stunning, a visual masterpiece!",positive
"The concert's performance was incredible, the band was amazing!",positive
"I found the perfect souvenir at that gift shop, a reminder of a great trip!",positive
"That ad's creativity was impressive, I was captivated!",positive
"That coffee shop's music selection is perfect, I love the vibe.",positive
"The art fair was vibrant and exciting, a celebration of art!",positive
"The brand's values are admirable, I'm happy to support them.",positive
"The bakery's cookies are delicious, a perfect treat!",positive
"The ocean was so beautiful, the perfect place to relax.",positive
"My new running shoes are so comfortable, I love them!",positive
"The food truck's options were diverse, a great variety of choices!",positive
"The sunset was beautiful, a perfect ending to the day.",positive
"That new fantasy book was amazing, I couldn't put it down!",positive
"The hotel's location was perfect, I could walk everywhere.",positive
"My pet loves the new bed, he's been sleeping all day!",positive
"The event's location was perfect, very convenient.",positive
"The venue's location was central, easy to get to.",positive
"That new brand of ice cream, 'SweetDreams,' is the best!",positive
"This new movie is so well-written, a true classic!",positive
The toy store had a great selection of puzzles.,positive
"The restaurant's decor was beautiful, very inviting.",positive
"The spa's service was excellent, very professional.",positive
"The store's sales were great, I got a good deal.",positive
"The brand's products are high quality, I'm satisfied.",positive
"The general feeling was happiness, a great experience.",positive
"The restaurant's service was friendly, I enjoyed the meal.",positive
"My son loves the new Lego set, he's building it now!",positive
"The spa's atmosphere was calming, I felt relaxed.",positive
"The movie's acting was great, the actors were amazing!",positive
"The concert's energy was high, everyone was dancing!",positive
"I found a great bargain at that store, I got a steal!",positive
"That ad was funny, I loved it!",positive
"That coffee shop's aroma is amazing, it smells delicious!",positive
"The gallery was interesting, I saw some great art.",positive
"The brand's mission is good, I support it.",positive
"The bakery's cakes were delicious, I want more!",positive
"The mountains were beautiful, I loved the view.",positive
"My new phone is great, I love it!",positive
"The food truck's food was great, I enjoyed it!",positive
"The sky was beautiful, I loved the colors.",positive
"That book was great, I can't wait for the next one!",positive
"The hotel was great, I enjoyed my stay!",positive
"My pet loves the new toy, he plays with it all day!",positive
"The event was fun, I had a great time!",positive
"The venue was great, I loved it!",positive
"That new brand of juice is amazing, I love it!",positive
"This movie was great, I loved it!",positive
"The toy store was great, I found a lot of toys!",positive
"The restaurant was great, I loved the food!",positive
"The spa was great, I felt relaxed!",positive
"The store was great, I found what I wanted!",positive
"The brand was great, I love their products!",positive
"The general feeling was positive, I had a great time!",positive
"The restaurant was great, I loved the service!",positive
"My daughter loves the new doll, she plays with it all day!",positive
"The spa was great, I felt refreshed!",positive
"The movie was great, I loved the story!",positive
"The concert was great, I loved the music!",positive
"I found a great gift at that store, I loved it!",positive
"That ad was great, I want to buy it!",positive
"That coffee shop was great, I loved the coffee!",positive
"The art gallery was great, I loved the art!",positive
"The brand was great, I love their values!",positive
"The bakery was great, I loved the pastries!",positive
"The beach was great, I loved the sun!",positive
"My new shoes are great, I love them!",positive
"The food truck was great, I loved the food!",positive
"The sunset was great, I loved the colors!",positive
"That book was great, I couldn't put it down!",positive
"The hotel was great, I loved the service!",positive
"My pet loves the new bed, he sleeps in it all the time!",positive
"The event was great, I had so much fun!",positive
"The venue was great, I loved the atmosphere!",positive
"That new brand of tea is delicious, I love it!",positive
"This new movie is a must-see, it was amazing!",positive
"The toy store had a great selection of games, perfect for family night!",positive
"The restaurant's ambiance was perfect for a romantic dinner, the lighting was beautiful!",positive
"The spa's massage was exactly what I needed, I felt all my stress melt away!",positive
The store had everything I was looking for and the staff was super helpful!,positive
"The brand's commitment to quality is evident in every product, I'm a loyal customer!",positive
"The general atmosphere of the festival was vibrant and exciting, everyone was having a blast!",positive
"The restaurant's menu was innovative and the food was absolutely delicious, a true culinary experience!",positive
"My kids are obsessed with that new superhero toy, they play with it all day long!",positive
"The spa's aromatherapy treatment was so relaxing, I felt completely rejuvenated!",positive
"The movie's plot was captivating, I was hooked from the very beginning!",positive
"I found some amazing vintage finds at that antique store, a real treasure trove!",positive
"That coffee shop's music selection is perfect, creating a chill and cozy vibe!",positive
"The art fair was vibrant and exciting, a celebration of creativity!",positive
"The brand's values are admirable, I'm proud to support their ethical practices!",positive
"The bakery's pastries are simply divine, a sweet treat that brightens my day!",positive
"The ocean was so calm and serene, the perfect place to unwind and relax!",positive
"My new running shoes from 'RunFast' are so comfortable, I feel like I can run forever!",positive
"The food truck's tacos were the best I've ever had, seriously delicious!",positive
"The sunset was breathtaking, a perfect ending to a perfect day, the colors were stunning!",positive
"That new mystery novel was a page-turner, I couldn't put it down until the very end!",positive
"The hotel's amenities were top-notch, everything was perfect for a relaxing getaway!",positive
"My cat loves the new scratching post, he's been using it all day, keeping his claws sharp!",positive
"The event's organizers did a fantastic job, everything ran smoothly and efficiently!",positive
"The venue's architecture was stunning, a true work of art, the details were incredible!",positive
"That new brand of chocolate, 'ChocoHeaven,' is the best chocolate I've ever tasted, so rich!",positive
"This new movie is so thought-provoking, it made me reflect on life and its meaning!",positive
"The toy store had a great selection of educational toys, perfect for my child's development!",positive
"The restaurant's wine list was extensive, I found the perfect pairing for my meal!",positive
"The spa's therapists were skilled and professional, I felt completely pampered and relaxed!",positive
"The store's return policy was hassle-free, making shopping a breeze and stress-free!",positive
"The brand's website was easy to navigate, I found everything I needed quickly and easily!",positive
"The general atmosphere of the party was festive and fun, everyone was in high spirits!",positive
"The restaurant's chef is a genius, the food was unforgettable, a true culinary masterpiece!",positive
"My niece is over the moon with that new doll, she won't put it down, she loves it so much!",positive
"The spa's facial left my skin feeling radiant and refreshed, I looked years younger!",positive
"The movie's soundtrack was amazing, it perfectly complemented the story and enhanced the experience!",positive
"The concert's performance was incredible, the band was electrifying and the crowd was amazing!",positive
"I found some amazing vintage treasures at that antique store, a real find, I got some great deals!",positive
"That ad's creativity was impressive, I was captivated by the visuals and the message!",positive
"That coffee shop's music selection is perfect, creating a relaxing and inviting atmosphere!",positive
"The art museum's exhibits were world-class, a cultural experience that was both inspiring and educational!",positive
"The brand's social media presence is engaging, I love following them for updates and promotions!",positive
"The bakery's bread is fresh and delicious, a daily staple that I can't live without!",positive
"The lake was so calm and serene, the perfect place for a relaxing swim and some quiet time!",positive
"My new smartwatch from 'TimeWise' is so convenient, I love the features and functionality!",positive
"The food truck's fries were crispy and delicious, the perfect snack to satisfy my cravings!",positive
"The fireworks were spectacular, a perfect ending to the celebration, the colors were amazing!",positive
"That new thriller was so suspenseful, I couldn't sleep until I finished reading it!",positive
"The hotel's breakfast buffet was amazing, a great start to the day with a wide variety of options!",positive
"My bird loves the new bird feeder, he's been eating all day, enjoying the fresh seeds!",positive
"The event's speakers were engaging and informative, I learned so much and gained valuable insights!",positive
"The venue's architecture was stunning, a true work of art, the details were breathtaking!",positive
"That new brand of skincare, 'GlowUp,' has transformed my skin, making it radiant and healthy!",positive
"This new movie is a must-see, it's a cinematic masterpiece with a compelling story and great acting!",positive
"The toy store had a great selection of puzzles and games, perfect for family fun and entertainment!",positive
"The restaurant's decor was beautiful, creating a warm and inviting atmosphere for a memorable dining experience!",positive
"The spa's service was excellent, the staff was attentive and professional, making me feel pampered!",positive
"The store's layout was well-organized, making it easy to find what I needed quickly and efficiently!",positive
"The brand's packaging was beautiful, adding to the overall experience and making the product feel luxurious!",positive
"The general vibe of the conference was collaborative and informative, fostering a sense of community!",positive
"The restaurant's presentation was exquisite, the food looked as good as it tasted, a feast for the eyes!",positive
"My niece is over the moon with that new doll, she won't put it down, she loves it so much and carries it everywhere!",positive
"The spa's aromatherapy treatment was so relaxing, I felt completely at peace and rejuvenated!",positive
"The movie's soundtrack was amazing, it perfectly complemented the story and enhanced the emotional impact!",positive
"The concert's performance was incredible, the band was electrifying and the crowd was amazing, the energy was infectious!",positive
"I found some amazing vintage treasures at that antique store, a real find, I got some great deals and unique items!",positive
"That ad's creativity was impressive, I was captivated by the visuals and the message, it was truly memorable!",positive
"That coffee shop's music selection is perfect, creating a relaxing and inviting atmosphere, it always puts me in a good mood!",positive
"The art museum's exhibits were world-class, a cultural experience that was both inspiring and educational, a must-see!",positive
"The brand's social media presence is engaging, I love following them for updates and promotions, they always have great content!",positive
"The bakery's bread is fresh and delicious, a daily staple that I can't live without, it's the best in town!",positive
"The lake was so calm and serene, the perfect place for a relaxing swim and some quiet time, the water was crystal clear!",positive
"My new smartwatch from 'TimeWise' is so convenient, I love the features and functionality, it makes my life so much easier!",positive
"The food truck's fries were crispy and delicious, the perfect snack to satisfy my cravings, they were perfectly seasoned!",positive
"The fireworks were spectacular, a perfect ending to the celebration, the colors were amazing, and the display was breathtaking!",positive
"That new thriller was so suspenseful, I couldn't sleep until I finished reading it, I was on the edge of my seat!",positive
"The hotel's breakfast buffet was amazing, a great start to the day with a wide variety of options, everything was delicious!",positive
"My bird loves the new bird feeder, he's been eating all day, enjoying the fresh seeds, he's so happy!",positive
"The event's speakers were engaging and informative, I learned so much and gained valuable insights, it was a great experience!",positive
"The venue's architecture was stunning, a true work of art, the details were breathtaking, it was a perfect setting!",positive
"That new brand of skincare, 'GlowUp,' has transformed my skin, making it radiant and healthy, I feel so confident!",positive
"This new movie is a must-see, it's a cinematic masterpiece with a compelling story and great acting, I highly recommend it!",positive
"The toy store had a great selection of puzzles and games, perfect for family fun and entertainment, we had so much fun!",positive
"The restaurant's decor was beautiful, creating a warm and inviting atmosphere for a memorable dining experience, I loved it!",positive
"The spa's service was excellent, the staff was attentive and professional, making me feel pampered, it was a luxurious experience!",positive
"The store's layout was well-organized, making it easy to find what I needed quickly and efficiently, I found everything I wanted!",positive
"The brand's packaging was beautiful, adding to the overall experience and making the product feel luxurious, it was a great touch!",positive
"The general vibe of the conference was collaborative and informative, fostering a sense of community, it was a great networking event!",positive
"The restaurant's presentation was exquisite, the food looked as good as it tasted, a feast for the eyes and the palate, it was amazing!",positive
"My niece is over the moon with that new doll, she won't put it down, she loves it so much and carries it everywhere, it's her favorite toy!",positive
"The spa's aromatherapy treatment was so relaxing, I felt completely at peace and rejuvenated, it was exactly what I needed!",positive
"The movie's soundtrack was amazing, it perfectly complemented the story and enhanced the emotional impact, it was so moving!",positive
"The concert's performance was incredible, the band was electrifying and the crowd was amazing, the energy was infectious, it was unforgettable!",positive
"I found some amazing vintage treasures at that antique store, a real find, I got some great deals and unique items, I love thrifting!",positive
"That ad's creativity was impressive, I was captivated by the visuals and the message, it was truly memorable, it stuck with me!",positive
"That coffee shop's music selection is perfect, creating a relaxing and inviting atmosphere, it always puts me in a good mood, it's my happy place!",positive
"The art museum's exhibits were world-class, a cultural experience that was both inspiring and educational, a must-see, I learned so much!",positive
"The brand's social media presence is engaging, I love following them for updates and promotions, they always have great content, I'm a big fan!",positive
"The bakery's bread is fresh and delicious, a daily staple that I can't live without, it's the best in town, I go there every day!",positive
"The lake was so calm and serene, the perfect place for a relaxing swim and some quiet time, the water was crystal clear, it was so refreshing!",positive
"My new smartwatch from 'TimeWise' is so convenient, I love the features and functionality, it makes my life so much easier, I can't live without it!",positive
"The food truck's fries were crispy and delicious, the perfect snack to satisfy my cravings, they were perfectly seasoned, I'm craving them now!",positive
"The fireworks were spectacular, a perfect ending to the celebration, the colors were amazing, and the display was breathtaking, it was magical!",positive
"That new thriller was so suspenseful, I couldn't sleep until I finished reading it, I was on the edge of my seat, I couldn't put it down!",positive
"The hotel's breakfast buffet was amazing, a great start to the day with a wide variety of options, everything was delicious, I was so full!",positive
"My bird loves the new bird feeder, he's been eating all day, enjoying the fresh seeds, he's so happy, he's chirping with joy!",positive
"The event's speakers were engaging and informative, I learned so much and gained valuable insights, it was a great experience, I'm so glad I went!",positive
"The venue's architecture was stunning, a true work of art, the details were breathtaking, it was a perfect setting, I felt like royalty!",positive
"That new brand of skincare, 'GlowUp,' has transformed my skin, making it radiant and healthy, I feel so confident, I love the results!",positive
"This new movie is a must-see, it's a cinematic masterpiece with a compelling story and great acting, I highly recommend it, it's a must-watch!",positive
"The toy store had a great selection of puzzles and games, perfect for family fun and entertainment, we had so much fun, it was a great day!",positive
"The restaurant's decor was beautiful, creating a warm and inviting atmosphere for a memorable dining experience, I loved it, it was so cozy!",positive
"The spa's service was excellent, the staff was attentive and professional, making me feel pampered, it was a luxurious experience, I felt amazing!",positive
"The store's layout was well-organized, making it easy to find what I needed quickly and efficiently, I found everything I wanted, it was a great shopping trip!",positive
"The brand's packaging was beautiful, adding to the overall experience and making the product feel luxurious, it was a great touch, I love the design!",positive
"The general vibe of the conference was collaborative and informative, fostering a sense of community, it was a great networking event, I met so many people!",positive
"The restaurant's presentation was exquisite, the food looked as good as it tasted, a feast for the eyes and the palate, it was amazing, I'll be back!",positive
"My niece is over the moon with that new doll, she won't put it down, she loves it so much and carries it everywhere, it's her favorite toy, she's so happy!",positive
"The spa's aromatherapy treatment was so relaxing, I felt completely at peace and rejuvenated, it was exactly what I needed, I'm ready to take on the world!",positive
"The movie's soundtrack was amazing, it perfectly complemented the story and enhanced the emotional impact, it was so moving, I cried happy tears!",positive
"The concert's performance was incredible, the band was electrifying and the crowd was amazing, the energy was infectious, it was unforgettable, I'll never forget it!",positive
"I found some amazing vintage treasures at that antique store, a real find, I got some great deals and unique items, I love thrifting, I'm so lucky!",positive
"That ad's creativity was impressive, I was captivated by the visuals and the message, it was truly memorable, it stuck with me, I'm going to buy it!",positive
"That coffee shop's music selection is perfect, creating a relaxing and inviting atmosphere, it always puts me in a good mood, it's my happy place, I go every day!",positive
"The art museum's exhibits were world-class, a cultural experience that was both inspiring and educational, a must-see, I learned so much, I'm so glad I went!",positive
"The brand's social media presence is engaging, I love following them for updates and promotions, they always have great content, I'm a big fan, I tell everyone about them!",positive
"The bakery's bread is fresh and delicious, a daily staple that I can't live without, it's the best in town, I go there every day, it's the highlight of my morning!",positive
"The lake was so calm and serene, the perfect place for a relaxing swim and some quiet time, the water was crystal clear, it was so refreshing, I felt so peaceful!",positive
"My new smartwatch from 'TimeWise' is so convenient, I love the features and functionality, it makes my life so much easier, I can't live without it, it's a lifesaver!",positive
"The food truck's fries were crispy and delicious, the perfect snack to satisfy my cravings, they were perfectly seasoned, I'm craving them now, I'm going back tomorrow!",positive
"The fireworks were spectacular, a perfect ending to the celebration, the colors were amazing, and the display was breathtaking, it was magical, I felt like a kid again!",positive
"That new thriller was so suspenseful, I couldn't sleep until I finished reading it, I was on the edge of my seat, I couldn't put it down, I stayed up all night!",positive
"The hotel's breakfast buffet was amazing, a great start to the day with a wide variety of options, everything was delicious, I was so full, I didn't need lunch!",positive
"My bird loves the new bird feeder, he's been eating all day, enjoying the fresh seeds, he's so happy, he's chirping with joy, he's the happiest bird in the world!",positive
"The event's speakers were engaging and informative, I learned so much and gained valuable insights, it was a great experience, I'm so glad I went, I'll definitely go again!",positive
"The venue's architecture was stunning, a true work of art, the details were breathtaking, it was a perfect setting, I felt like royalty, it was a dream come true!",positive
"That new brand of skincare, 'GlowUp,' has transformed my skin, making it radiant and healthy, I feel so confident, I love the results, I'm getting compliments all the time!",positive
"This new movie is a must-see, it's a cinematic masterpiece with a compelling story and great acting, I highly recommend it, it's a must-watch, I'm telling everyone to see it!",positive
"The toy store had a great selection of puzzles and games, perfect for family fun and entertainment, we had so much fun, it was a great day, we'll be back soon!",positive
"The restaurant's decor was beautiful, creating a warm and inviting atmosphere for a memorable dining experience, I loved it, it was so cozy, I felt right at home!",positive
"The spa's service was excellent, the staff was attentive and professional, making me feel pampered, it was a luxurious experience, I felt amazing, I'm recommending it to everyone!",positive
"The store's layout was well-organized, making it easy to find what I needed quickly and efficiently, I found everything I wanted, it was a great shopping trip, I got everything!",positive
"The brand's packaging was beautiful, adding to the overall experience and making the product feel luxurious, it was a great touch, I love the design, it's so elegant!",positive
"The general vibe of the conference was collaborative and informative, fostering a sense of community, it was a great networking event, I met so many people, I made great connections!",positive
"The restaurant's presentation was exquisite, the food looked as good as it tasted, a feast for the eyes and the palate, it was amazing, I'll be back, it was the best meal ever!",positive
"My niece is over the moon with that new doll, she won't put it down, she loves it so much and carries it everywhere, it's her favorite toy, she's so happy, she sleeps with it!",positive
"The spa's aromatherapy treatment was so relaxing, I felt completely at peace and rejuvenated, it was exactly what I needed, I'm ready to take on the world, I feel like a new person!",positive
"The movie's soundtrack was amazing, it perfectly complemented the story and enhanced the emotional impact, it was so moving, I cried happy tears, it was a truly unforgettable experience!",positive
"The concert's performance was incredible, the band was electrifying and the crowd was amazing, the energy was infectious, it was unforgettable, I'll never forget it, it was the best concert ever!",positive
"I found some amazing vintage treasures at that antique store, a real find, I got some great deals and unique items, I love thrifting, I'm so lucky, I found some amazing pieces!",positive
"That ad's creativity was impressive, I was captivated by the visuals and the message, it was truly memorable, it stuck with me, I'm going to buy it, it was genius marketing!",positive
"That coffee shop's music selection is perfect, creating a relaxing and inviting atmosphere, it always puts me in a good mood, it's my happy place, I go every day, it's my favorite spot!",positive
"The art museum's exhibits were world-class, a cultural experience that was both inspiring and educational, a must-see, I learned so much, I'm so glad I went, it broadened my horizons!",positive
"The brand's social media presence is engaging, I love following them for updates and promotions, they always have great content, I'm a big fan, I tell everyone about them, I recommend it!",positive
"The bakery's bread is fresh and delicious, a daily staple that I can't live without, it's the best in town, I go there every day, it's the highlight of my morning, it's so good!",positive
"The lake was so calm and serene, the perfect place for a relaxing swim and some quiet time, the water was crystal clear, it was so refreshing, I felt so peaceful, it was paradise!",positive
"My new smartwatch from 'TimeWise' is so convenient, I love the features and functionality, it makes my life so much easier, I can't live without it, it's a lifesaver, it's amazing!",positive
"The food truck's fries were crispy and delicious, the perfect snack to satisfy my cravings, they were perfectly seasoned, I'm craving them now, I'm going back tomorrow, I can't get enough!",positive
"The fireworks were spectacular, a perfect ending to the celebration, the colors were amazing, and the display was breathtaking, it was magical, I felt like a kid again, it was the best show!",positive
"The new restaurant's ambiance was pretty cool, even if the food was just alright.",neutral
"My kiddo's new toy is already a favorite, even if it makes a lot of noise.",neutral
"That movie was alright, I guess, nothing that'll stick with me for long.",neutral
"The event was a bit of a letdown, honestly, expected more.",neutral
"That ad was catchy, even if it didn't make a ton of sense.",neutral
"The store had a good sale, so I got a few things I needed.",neutral
"The spa was relaxing, but the prices were a bit steep.",neutral
"The brand's customer service was okay, nothing amazing.",neutral
"The venue was a bit cramped, but the band was good.",neutral
"I'm feeling pretty neutral about this whole situation, to be honest.",neutral
"The restaurant's service was slow, but the food was decent.",neutral
"My daughter's new toy is a bit complicated, but she's slowly figuring it out.",neutral
"The movie had some good parts, but it was a bit long overall.",neutral
"The event had some interesting speakers, but the venue was too hot.",neutral
"That ad was a bit too aggressive, but it did grab my attention.",neutral
"The store had a good selection of clothes, though the prices were high.",neutral
"The spa was clean, and the massage was okay, but not life-changing.",neutral
"The brand's packaging was nice, but the product itself was just average.",neutral
"The venue was easy to get to, which was a plus.",neutral
"I'm just feeling a bit blah today, you know?",neutral
"The product works as advertised, I suppose.",neutral
"My son's new toy is a bit flimsy, but he seems to enjoy it.",neutral
"The movie had a good soundtrack, which was a highlight.",neutral
"The event had a good turnout, which was nice to see.",neutral
"That ad was a bit repetitive, but it got the message across.",neutral
"The store had a good return policy, which is always a good thing.",neutral
"The spa had a nice atmosphere, very calming.",neutral
"The brand's website is easy to navigate, which is helpful.",neutral
"The venue had a good view of the stage, which was great.",neutral
I'm feeling pretty content with how things are going.,neutral
"The product arrived on time, which was a relief.",neutral
"My daughter's new toy is a bit forgotten already, sadly.",neutral
"The event was a bit crowded, but the music was good.",neutral
"That ad was a bit confusing, to be honest.",neutral
"The store was out of stock of what I wanted, typical.",neutral
"The spa was clean, but the music was a bit cheesy.",neutral
"The brand's logo is a bit bland, in my opinion.",neutral
"The venue had a good selection of drinks, which is always a plus.",neutral
I'm feeling like I need a vacation.,neutral
"The product is easy to use, which is great.",neutral
"My son's new toy is a bit complicated, but he's figuring it out.",neutral
"The movie had a good soundtrack, which I enjoyed.",neutral
The event had a good selection of food vendors.,neutral
"That ad was a bit repetitive, but I guess it worked.",neutral
"The store had a good return policy, which is important.",neutral
The spa had a good selection of treatments.,neutral
The brand's social media presence is pretty active.,neutral
"The venue had good acoustics, which made the concert sound great.",neutral
I'm feeling a general sense of optimism about the future.,neutral
"The product is a bit expensive, but worth it, maybe.",neutral
"My daughter's new toy is a bit fragile, so we'll see how long it lasts.",neutral
"The movie was a bit dark, but the story was compelling.",neutral
"The event had a good cause, so I was happy to support it.",neutral
"That ad was a bit over the top, but I guess that's the point.",neutral
The store had a good selection of gifts.,neutral
"The spa had a good staff, very friendly.",neutral
"The brand's customer service was helpful, which is appreciated.",neutral
"The venue had a good location, easy to get to.",neutral
I'm feeling content with my life right now.,neutral
"The product is a bit heavy, but sturdy.",neutral
"My son's new toy is a bit small, but perfect for his age.",neutral
"The movie had a good ending, which is always satisfying.",neutral
"The event had a good speaker, very informative.",neutral
"That ad was a bit annoying, but I can't deny it got my attention.",neutral
"The store had a good layout, easy to find things.",neutral
"The spa had a good waiting area, very comfortable.",neutral
"The brand's website is a bit slow, but the information is good.",neutral
"The venue had a good parking situation, which is always a plus.",neutral
I'm feeling grateful for what I have.,neutral
"The product is a bit complicated to assemble, but the instructions were clear.",neutral
"My daughter's new toy is a bit messy, but she loves it.",neutral
"The movie was a bit long, but the visuals were stunning.",neutral
The event had a good variety of activities.,neutral
"That ad was a bit weird, but I'll remember it.",neutral
The store had a good selection of organic products.,neutral
"The spa had a good view, very relaxing.",neutral
"The brand's marketing is a bit aggressive, but effective.",neutral
"The venue had a good security system, which made me feel safe.",neutral
I'm feeling excited for the weekend.,neutral
"The product is a bit noisy, but it works well.",neutral
"My son's new toy is a bit educational, which is a bonus.",neutral
"The movie had a good cast, very talented.",neutral
"The event had a good raffle, I didn't win, though.",neutral
"That ad was a bit clever, made me chuckle.",neutral
The store had a good selection of local products.,neutral
"The spa had a good playlist, very relaxing.",neutral
"The brand's packaging is a bit wasteful, unfortunately.",neutral
"The venue had a good bar, which is always a plus.",neutral
I'm feeling happy.,neutral
"The product is a bit outdated, but it still works.",neutral
"My daughter's new toy is a bit expensive, but worth it, I think.",neutral
"The movie was a bit slow, but the cinematography was beautiful.",neutral
"The event had a good after-party, which was fun.",neutral
"That ad was a bit cheesy, but I liked it.",neutral
"The restaurant was clean, but the food was just okay.",neutral
"The toy was a bit smaller than I expected, but my kid still likes it.",neutral
"The movie had a good plot, but the ending was a bit confusing.",neutral
"The event was crowded, but the music was good.",neutral
"That ad was memorable, but I'm not sure if it made me want to buy anything.",neutral
"The store had a good selection of books, which is always a plus.",neutral
"The spa was a bit noisy, which was a bit disappointing.",neutral
"The brand's products are generally good quality, but a bit pricey.",neutral
"The venue was a bit far from the city center, but easy to get to.",neutral
I'm feeling pretty neutral about the current political climate.,neutral
"The restaurant was a bit slow, but the food was decent.",neutral
"My kid's new toy is a bit of a pain to clean, but fun.",neutral
"The movie had a good story, but the acting was a bit wooden.",neutral
"The event was a bit long, but the speakers were interesting.",neutral
"That ad was a bit annoying, but it got stuck in my head.",neutral
"The store had a good selection of clothes, but the dressing rooms were small.",neutral
"The spa was a bit too cold, but the massage was good.",neutral
"The brand's customer service was slow, but they eventually resolved the issue.",neutral
"The venue had a good sound system, but the seats were uncomfortable.",neutral
I'm feeling a bit overwhelmed by all the information out there.,neutral
"The product arrived on time, which is always a plus.",neutral
"My son's new toy is a bit loud, but he loves it.",neutral
"The event had a good atmosphere, very lively.",neutral
"That ad was a bit clever, made me laugh.",neutral
"The store had a good sale, so I picked up a few things.",neutral
"The spa had a nice ambiance, very calming.",neutral
The venue had a great view of the stage.,neutral
I'm feeling a general sense of well-being.,neutral
"My daughter's new toy is a bit complicated, but she's figuring it out.",neutral
I have a general feeling of being optimistic about the future.,neutral
I have a general feeling of being content with my life.,neutral
I have a general feeling of being grateful for what I have.,neutral
I have a general feeling of being excited for the weekend.,neutral
I have a general feeling of being happy.,neutral
"The product was alright, nothing spectacular.",neutral
"My son's new toy is a bit basic, but he likes it.",neutral
"The movie was a bit predictable, but still watchable.",neutral
"That ad was a bit weird, but it got my attention.",neutral
This product is amazing!,positive
I love how well it works.,positive
Best purchase I've made this year.,positive
Highly recommend this to everyone!,positive
Fantastic quality and performance!,positive
It exceeded my expectations.,positive
I am very satisfied with this product.,positive
Absolutely worth the money.,positive
I can't imagine my life without this.,positive
Perfect for my needs!,positive
Great value for the price.,positive
This changed everything for me.,positive
Super easy to use!,positive
I will buy this again.,positive
Such a useful product!,positive
So happy with my purchase.,positive
It works like a charm.,positive
Exactly what I was looking for.,positive
The best product in its category.,positive
I tell everyone about this!,positive
This is a must-have item.,positive
Incredibly well made!,positive
I’m impressed with the quality.,positive
It does exactly what it promises.,positive
Very user-friendly.,positive
This product is a lifesaver.,positive
I can’t recommend it enough!,positive
It has changed my routine for the better.,positive
I’m thrilled with the results.,positive
This is a fantastic investment.,positive
I use it every day.,positive
So reliable and effective.,positive
It has made my life easier.,positive
I’m very pleased with my choice.,positive
This product is top-notch.,positive
Wonderful design and functionality.,positive
I love the features it offers.,positive
This product delivers on its promises.,positive
I’m really happy with how it works.,positive
Great customer service too!,positive
I will definitely recommend it.,positive
It’s everything I hoped for.,positive
This is an excellent product.,positive
I can’t believe how good it is.,positive
It has exceeded my expectations.,positive
Very happy with this purchase!,positive
I am a repeat customer.,positive
This is exactly what I needed.,positive
Such a great addition to my life.,positive
I’m always satisfied with this brand.,positive
This product works wonders.,positive
I enjoy using it every day.,positive
It’s very effective and reliable.,positive
This is a fantastic find.,positive
I’m glad I decided to buy it.,positive
This product is a game changer.,positive
So convenient and practical.,positive
I love the way it looks.,positive
It performs beyond expectations.,positive
I’ve recommended it to my friends.,positive
This product has changed my life.,positive
I’m very impressed with the results.,positive
This is a high-quality product.,positive
Totally worth the investment.,positive
I can’t stop raving about this!,positive
Wonderful product overall.,positive
It’s everything I wanted and more.,positive
I’m so satisfied with my purchase.,positive
Very effective and easy to use.,positive
This product is fantastic!,positive
I wish I had found it sooner.,positive
Great functionality and design.,positive
It’s a reliable choice.,positive
I love how easy it is to use.,positive
This works better than expected.,positive
I’m very happy with how it performs.,positive
It’s perfect for my lifestyle.,positive
Great for daily use!,positive
This product has exceeded my hopes.,positive
I’m very grateful for this product.,positive
This is a real treasure.,positive
I can’t recommend it highly enough.,positive
This has made my life so much easier.,positive
I’m very satisfied with this brand.,positive
This product is a must-have!,positive
So easy to integrate into my routine.,positive
I’m thrilled with how effective it is.,positive
This is a fantastic purchase.,positive
I’m a big fan of this product.,positive
It has made a significant difference.,positive
I love the simplicity of it.,positive
This product is worth every penny.,positive
So impressed with the quality.,positive
It’s a joy to use.,positive
This product has been a great help.,positive
I find it incredibly useful.,positive
It’s exactly what I was hoping for.,positive
This is a solid product.,positive
I’m so glad I bought this.,positive
It’s perfect for what I need.,positive
I can’t say enough good things!,positive
This product is awesome!,positive
I’m very pleased with the performance.,positive
It’s a great addition to my collection.,positive
This has made my daily tasks easier.,positive
I’m very happy with my decision.,positive
So functional and stylish.,positive
It’s a reliable and effective solution.,positive
This product is fantastic value.,positive
This is the best choice I’ve made.,positive
I’m thoroughly impressed!,positive
This product has made a difference.,positive
I’m very satisfied with my experience.,positive
It works perfectly every time.,positive
I love how versatile it is.,positive
This is a great product!,positive
I can’t believe how much I love it.,positive
So easy to use and effective.,positive
This is a wonderful investment.,positive
I’m very happy with the quality.,positive
It’s a great find for the price.,positive
I will continue to use this.,positive
This product is truly impressive.,positive
So glad I took the plunge.,positive
I’m very happy with my purchase.,positive
This product is worth trying.,positive
I’m very satisfied with how it works.,positive
This has made my life easier.,positive
Great quality and performance!,positive
I’m always impressed with this brand.,positive
This product is a great choice.,positive
I’m thrilled with the performance.,positive
This is an invaluable tool.,positive
I’m so pleased with my purchase.,positive
This product has made a big difference.,positive
Wonderful features and functionality.,positive
I can’t believe how much I enjoy using it.,positive
This is a reliable product.,positive
I’m very impressed with my purchase.,positive
This is a fantastic addition.,positive
I’m very satisfied with my choice.,positive
It’s exceeded my expectations.,positive
This product is truly amazing.,positive
I love how it simplifies my tasks.,positive
This has been a great help.,positive
I’m very happy with the results.,positive
I can’t imagine living without it.,positive
This is a quality product.,positive
I’m very pleased with the outcome.,positive
This has made my daily life better.,positive
I highly recommend this product.,positive
It’s very reliable and effective.,positive
I’m so glad I discovered this.,positive
This product is worth every cent.,positive
I’m very satisfied with my results.,positive
I love the quality and performance.,positive
This product has truly impressed me.,positive
I’m thrilled with how well it works.,positive
This is a wonderful choice.,positive
I can’t stop using it!,positive
It’s perfect for my needs.,positive
I love the results I’m getting.,positive
This product is excellent!,positive
I’m very happy with my investment.,positive
This is such a great product.,positive
I’m very satisfied with it!,positive
It’s a joy to use every day.,positive
This has been a great experience.,positive
I’m so pleased with how it performs.,positive
This product is a great find!,positive
I highly recommend it to everyone.,positive
It’s made a huge difference for me.,positive
I love the ease of use.,positive
This product has blown me away.,positive
I’m very happy with my choice.,positive
It’s a fantastic tool.,positive
I can’t believe how effective it is.,positive
This product has been amazing.,positive
It’s very practical and efficient.,positive
This is an incredible product.,positive
I love using it daily.,positive
This has simplified my life.,positive
I’m very pleased with the quality.,positive
This product is worth trying out.,positive
This has been a fantastic purchase.,positive
I love how it works.,positive
I’m very satisfied with how it performs.,positive
This is a great addition to my home.,positive
I highly recommend trying it!,positive
So easy to use and maintain.,positive
This product has helped me a lot.,positive
I’m very happy with this purchase.,positive
It’s everything I hoped it would be.,positive
This product is fantastic value for money.,positive
I’m impressed with how well it functions.,positive
This is a great choice for anyone.,positive
I love how effective it is.,positive
This product is wonderful!,positive
I’m so satisfied with my decision.,positive
I can’t believe how much I enjoy it.,positive
This product is a must-have for sure.,positive
The XYZ Blender is absolutely amazing! It makes smoothies in seconds.,positive
I love my ABC Coffee Maker! It brews the best coffee I've ever had.,positive
The DEF Vacuum Cleaner is a lifesaver! It picks up everything effortlessly.,positive
Using the GHI Air Fryer has changed my cooking game! Everything comes out perfectly crispy.,positive
The JKL Smartwatch keeps me on track! I love all the fitness features.,positive
I can't get enough of the MNO Wireless Headphones! The sound quality is outstanding.,positive
The PQR Yoga Mat is so comfortable! It provides great support during my workouts.,positive
I adore the STU Skincare Set! My skin has never felt better.,positive
The VWX Portable Charger is incredibly handy! It keeps my devices powered all day.,positive
I’m thrilled with the YZA Electric Kettle! It boils water in no time.,positive
The BCD Fitness Tracker helps me stay motivated! It's so easy to use.,positive
I love the EFG Essential Oil Diffuser! It creates a calming atmosphere in my home.,positive
The HIJ Electric Toothbrush leaves my teeth feeling super clean! I highly recommend it.,positive
Using the KLM Meal Prep Containers has made my life easier! I save so much time now.,positive
The NOP Weighted Blanket is so comforting! I sleep much better with it.,positive
I can't believe how good the QRS Instant Pot is! It cooks meals perfectly in no time.,positive
The TUV Smart Thermostat is very convenient! It helps me save on energy bills.,positive
I'm impressed with the WXY Hair Dryer! It dries my hair quickly without damage.,positive
The ZAB Vacuum Sealer is a game changer! It keeps my food fresh for longer.,positive
I really enjoy the CDE Air Purifier! It makes my home feel so much cleaner.,positive
The FGH Smart Light Bulbs are fantastic! I love the color-changing options.,positive
Using the IJK Robot Vacuum has saved me so much time! My floors are always clean.,positive
The LMN Food Processor is incredibly efficient! It makes meal prep a breeze.,positive
I absolutely love the OPQ Bluetooth Speaker! The sound quality is fantastic.,positive
The RST Fitness Bands are perfect for my workouts! They provide great resistance.,positive
I’m very pleased with the UVW Electric Griddle! It cooks evenly and quickly.,positive
The XYZ Water Bottle keeps my drinks cold for hours! I take it everywhere.,positive
The ABC Pet Feeder is so convenient! It makes feeding my pet easy.,positive
Using the DEF Bread Maker is a joy! It makes the best homemade bread.,positive
The GHI Instant Read Thermometer is a must-have! It ensures my meats are cooked perfectly.,positive
I'm thrilled with the JKL Electric Grill! It cooks delicious meals indoors.,positive
The MNO Digital Photo Frame is a wonderful addition to my home! It displays my favorite memories.,positive
I love the PQR Garden Tools Set! It makes gardening so much easier.,positive
The STU Massage Gun is incredibly effective! It eases my muscle tension instantly.,positive
The VWX Portable Blender is perfect for smoothies on the go! I love it.,positive
The YZA Gaming Mouse is fantastic! It enhances my gaming experience.,positive
The BCD Ice Maker is a lifesaver for parties! It produces ice quickly.,positive
I can't get over how good the EFG Jacket is! It's warm and stylish.,positive
The HIJ Fitness Mat is great for workouts! It provides excellent grip.,positive
I adore the KLM Scented Candles! They fill my home with lovely fragrances.,positive
The NOP Electric Wine Opener is so easy to use! It makes opening bottles a breeze.,positive
I’m impressed with the QRS Smart Scale! It tracks my progress accurately.,positive
The TUV Pet Camera gives me peace of mind! I can check on my pets anytime.,positive
Using the WXY Curling Iron is a delight! It creates beautiful curls effortlessly.,positive
The ZAB Electric Pressure Cooker is fantastic! It cooks meals quickly and deliciously.,positive
I really enjoy the CDE Multi-Cooker! It makes cooking so versatile.,positive
The FGH Electric Blanket keeps me warm and cozy! I love it on cold nights.,positive
The IJK Hair Straightener is top-notch! It gives me sleek hair in minutes.,positive
I’m thrilled with the LMN Home Security Camera! It keeps my home safe.,positive
The OPQ Smart Door Lock is very convenient! I love keyless entry.,positive
The RST LED Strip Lights are vibrant and fun! They add a great ambiance.,positive
I can’t believe how efficient the UVW Food Dehydrator is! It preserves my fruits perfectly.,positive
The XYZ Smart Plug is incredibly handy! I can control my devices remotely.,positive
The ABC Makeup Organizer is perfect for keeping my cosmetics tidy! I love it.,positive
Using the DEF Photo Printer is a joy! It prints beautiful pictures instantly.,positive
The GHI Electric Skillet is fantastic for quick meals! It's so easy to clean.,positive
The JKL Nail Drill is a game changer! It makes manicures at home so easy.,positive
I’m very happy with the MNO Wireless Charger! It works perfectly every time.,positive
The PQR Smart Watering System is excellent! My plants are thriving.,positive
I love the STU Compact Refrigerator! It's perfect for my dorm room.,positive
The VWX LED Desk Lamp is stylish and functional! I use it every night.,positive
I can't get enough of the YZA Fitness Tracker! It's helped me stay on top of my goals.,positive
The BCD Electric Knife makes carving so easy! I love it for holidays.,positive
The EFG Smart Mirror is a fantastic addition! It looks great in my bathroom.,positive
I'm impressed with the HIJ Hair Mask! It leaves my hair feeling soft and healthy.,positive
The KLM Weighted Hula Hoop is so fun! It’s a great workout.,positive
The NOP Portable Photo Studio is perfect for my photography! It sets up easily.,positive
I adore the QRS Bath Bombs! They make my baths so relaxing.,positive
The TUV Garden Hose Reel is very convenient! It keeps my yard tidy.,positive
I’m thrilled with the WXY Smart Thermos! It keeps my drinks hot for hours.,positive
The ZAB Digital Notebook is fantastic for organizing notes! I use it every day.,positive
I love the CDE Reusable Silicone Bags! They are perfect for snacks.,positive
The FGH Crafting Toolkit is a must-have for crafters! It has everything I need.,positive
Using the IJK Electric Foamer is so fun! My coffee has never tasted better.,positive
The LMN Adjustable Dumbbells have transformed my workouts! They're so versatile.,positive
The OPQ Travel Pillow is super comfortable! It makes traveling so much easier.,positive
The RST Car Dash Cam gives me peace of mind! I feel safer on the road.,positive
I can't believe how much I love the UVW Smart Fridge! It keeps my food fresh.,positive
The XYZ Pet Carrier is very handy! It makes traveling with my pet a breeze.,positive
The ABC Foot Massager is heavenly! It relaxes my tired feet.,positive
The DEF Portable Speaker is amazing! It has great sound quality.,positive
I’m so pleased with the GHI Ice Cream Maker! It’s fun to use.,positive
The JKL Wireless Router is super fast! I have no connectivity issues.,positive
The MNO Smart Home Hub is very convenient! It controls everything effortlessly.,positive
I really enjoy the PQR Folding Bike! It's perfect for commuting.,positive
The STU Smart Trash Can is a game changer! I love the touchless feature.,positive
The VWX LED Flashlight is incredibly bright! It's perfect for emergencies.,positive
I can’t recommend the YZA Electric Scooter enough! It's so much fun to ride.,positive
The BCD Luggage Set is stylish and durable! It makes traveling easier.,positive
I’m very happy with the EFG Cleaning Robot! It keeps my floors spotless.,positive
The HIJ Home Gym Equipment is fantastic! It allows for a great workout at home.,positive
I love the KLM Digital Kitchen Scale! It’s so precise for baking.,positive
Using the NOP Smart Light Switch is so convenient! I can control my lights remotely.,positive
The QRS Bluetooth Tracker is a lifesaver! I never lose my keys anymore.,positive
I’m thrilled with the TUV Smart Coffee Mug! It keeps my coffee at the perfect temperature.,positive
The WXY Electric Grill is perfect for indoor cooking! It makes grilling a breeze.,positive
The ZAB Medication Organizer has made my life easier! I never forget my meds.,positive
I love the CDE Air Mattress! It’s so comfortable for guests.,positive
The FGH Digital Thermostat is energy efficient! It's easy to program.,positive
Using the IJK Smart Vacuum has been a game changer! My floors are always clean.,positive
The LMN Portable Projector is fantastic for movie nights! The picture quality is great.,positive
The OPQ Handheld Steamer is a must-have! It makes my clothes wrinkle-free.,positive
The RST Bluetooth Adapter is super handy! It connects easily to my devices.,positive
I can’t believe how great the UVW Food Processor is! It speeds up my meal prep.,positive
The XYZ Smart Light Bulbs are fantastic! I love changing the colors.,positive
The ABC Home Theater System has amazing sound quality! I feel like I'm at the movies.,positive
The DEF Smartphone Tripod is so stable! It’s perfect for video calls.,positive
I’m very pleased with the GHI Pet Grooming Kit! It makes bathing my dog so easy.,positive
The JKL Digital Measuring Cup is a baker's dream! It’s so accurate.,positive
Using the MNO Smart Mirror has transformed my routine! I love the built-in lighting.,positive
The PQR Electric Can Opener is so convenient! It makes opening cans a breeze.,positive
I love the STU Multi-Device Charging Station! It keeps everything organized.,positive
The VWX Smart Coffee Maker brews the perfect cup! I can't start my day without it.,positive
The YZA Electric Shaver gives a close shave! I’m very satisfied.,positive
The BCD Pet Brush is fantastic! It keeps my dog's coat shiny.,positive
I’m really enjoying the EFG Portable Blender! It’s perfect for smoothies on the go.,positive
The HIJ Digital Blood Pressure Monitor is easy to use! It gives accurate readings.,positive
The KLM Sound Machine helps me sleep better! The white noise is soothing.,positive
I can’t recommend the NOP Travel Organizer enough! It keeps everything in place.,positive
The QRS Smart Scale tracks my weight loss perfectly! I love the app integration.,positive
The TUV Air Fryer Oven is amazing! It cooks food evenly and deliciously.,positive
The WXY Smart Doorbell has great video quality! I feel secure at home.,positive
The ZAB Hair Curler is so easy to use! It creates beautiful waves.,positive
I love the CDE Gardening Gloves! They protect my hands while I work.,positive
The FGH Electric Grater makes food prep quick! I can’t live without it.,positive
I’m very happy with the IJK Water Filter! It makes my water taste great.,positive
The LMN Smart Oven is fantastic! It cooks everything perfectly.,positive
The OPQ Hair Dryer is powerful and fast! It leaves my hair smooth.,positive
The RST Smart Speaker has amazing sound! I love playing music through it.,positive
I can't believe how much I love the UVW Paint Sprayer! It makes painting so easy.,positive
The XYZ Smart Plant Monitor helps me care for my plants! I love the reminders.,positive
The ABC Electric Toothbrush gives me a great clean! I highly recommend it.,positive
The DEF Portable Fire Pit is perfect for camping! It’s lightweight and easy to use.,positive
I’m very pleased with the GHI Nail Clipper Set! It's high quality and durable.,positive
The JKL Smart Thermometer makes cooking so easy! I get perfect results every time.,positive
Using the MNO Smart Plugs is super convenient! I love the remote access.,positive
The PQR Digital Photo Album is a great way to display memories! I love it.,positive
The STU Electric Food Slicer is fantastic! It makes meal prep a breeze.,positive
The VWX Pet Water Fountain is wonderful! My cat loves drinking from it.,positive
I can't get enough of the YZA Travel Mug! It keeps my drinks hot for hours.,positive
The BCD Smart Garden is perfect for growing herbs! I love fresh basil.,positive
I’m thrilled with the EFG Digital Photo Frame! It showcases my favorite pics beautifully.,positive
The HIJ Electric Pressure Washer is a powerhouse! It cleans everything quickly.,positive
The KLM Smart Lock is so convenient! I feel secure knowing it's keyless.,positive
Using the NOP Smart Home System has made my life easier! I control everything from my phone.,positive
The QRS Electric Hot Pot is perfect for gatherings! It cooks food quickly.,positive
I love the TUV Portable Water Filter! It's great for hiking.,positive
The WXY Compact Air Conditioner keeps my room cool! I’m really impressed.,positive
The ZAB Eco-Friendly Laundry Detergent works wonders! My clothes smell amazing.,positive
I’m very happy with the CDE Electric Skillet! It cooks evenly and is easy to clean.,positive
The XYZ Blender works as expected. It blends ingredients without any issues.,neutral
The ABC Coffee Maker brews coffee reliably. It has a standard design.,neutral
The DEF Vacuum Cleaner picks up dirt and debris. It functions similarly to other models.,neutral
The GHI Air Fryer cooks food adequately. It has a straightforward operation.,neutral
The JKL Smartwatch tracks fitness metrics. It has a decent battery life.,neutral
The MNO Wireless Headphones connect easily. The sound quality is average.,neutral
The PQR Yoga Mat provides a stable surface. It meets basic expectations for yoga.,neutral
The STU Skincare Set includes various products. It offers a basic skincare routine.,neutral
The VWX Portable Charger holds a charge well. It is compact and easy to carry.,neutral
The YZA Electric Kettle boils water efficiently. It has a simple design.,neutral
The BCD Fitness Tracker monitors activity levels. It syncs with my phone without issues.,neutral
The EFG Essential Oil Diffuser releases scents. It operates quietly during use.,neutral
The HIJ Electric Toothbrush cleans teeth adequately. It has multiple brushing modes.,neutral
The KLM Meal Prep Containers are practical. They stack well in the fridge.,neutral
The NOP Weighted Blanket provides some comfort. It is heavier than a standard blanket.,neutral
The QRS Instant Pot cooks food quickly. It has various settings for different meals.,neutral
The TUV Smart Thermostat adjusts temperatures automatically. It connects to Wi-Fi for remote access.,neutral
The WXY Hair Dryer dries hair at a decent speed. It has basic heat settings.,neutral
The ZAB Vacuum Sealer preserves food effectively. It is easy to operate.,neutral
The CDE Air Purifier reduces indoor odors. It has a standard filter replacement schedule.,neutral
The FGH Smart Light Bulbs can change colors. They are compatible with most smart home systems.,neutral
The IJK Robot Vacuum cleans floors automatically. It has a basic navigation system.,neutral
The LMN Food Processor chops and slices food. It includes several attachments.,neutral
The OPQ Bluetooth Speaker connects to devices easily. The sound clarity is acceptable.,neutral
The RST Fitness Bands provide resistance for workouts. They are adjustable to different levels.,neutral
The UVW Electric Griddle cooks food evenly. It has a non-stick surface.,neutral
The XYZ Water Bottle keeps drinks at a consistent temperature. It is made of stainless steel.,neutral
The ABC Pet Feeder dispenses food on a schedule. It requires batteries for operation.,neutral
The DEF Bread Maker makes loaves of bread. It has several preset options.,neutral
The GHI Instant Read Thermometer provides quick readings. It is easy to clean.,neutral
The JKL Electric Grill cooks food indoors. It has adjustable temperature settings.,neutral
The MNO Digital Photo Frame displays images. It supports various picture formats.,neutral
The PQR Garden Tools Set includes basic gardening implements. They are lightweight and easy to handle.,neutral
The STU Massage Gun helps relieve muscle tension. It has different speed settings.,neutral
The VWX Portable Blender is convenient for smoothies. It comes with a travel lid.,neutral
The YZA Gaming Mouse has customizable buttons. It is comfortable for extended use.,neutral
The BCD Ice Maker produces ice quickly. It has a compact design.,neutral
The EFG Jacket is suitable for mild weather. It has a standard fit.,neutral
The HIJ Fitness Mat provides cushioning for workouts. It is easy to roll up for storage.,neutral
The KLM Scented Candles burn evenly. They have a subtle fragrance.,neutral
The NOP Electric Wine Opener works well for uncorking bottles. It requires charging.,neutral
The QRS Smart Scale measures weight accurately. It syncs with an app for tracking.,neutral
The TUV Pet Camera allows me to monitor my pets. It has a basic video feed.,neutral
The WXY Curling Iron heats up quickly. It has adjustable temperature settings.,neutral
The ZAB Electric Pressure Cooker cooks food under pressure. It has multiple cooking modes.,neutral
The CDE Multi-Cooker offers various cooking functions. It is versatile for different recipes.,neutral
The FGH Electric Blanket provides warmth. It has simple controls.,neutral
The IJK Hair Straightener heats up rapidly. It has a sleek design.,neutral
The LMN Home Security Camera records video. It offers basic motion detection.,neutral
The OPQ Smart Door Lock allows keyless entry. It requires a smartphone for operation.,neutral
The RST LED Strip Lights are easy to install. They can change colors with a remote.,neutral
The UVW Food Dehydrator removes moisture from food. It has several trays for drying.,neutral
The XYZ Smart Plug allows remote control of devices. It is compatible with voice assistants.,neutral
The ABC Makeup Organizer holds various cosmetics. It has multiple compartments.,neutral
The DEF Photo Printer produces images quickly. It uses ink cartridges for printing.,neutral
The GHI Electric Skillet cooks food evenly. It has a standard non-stick surface.,neutral
The JKL Nail Drill is useful for manicures. It comes with several drill bits.,neutral
The MNO Wireless Router provides internet access. It has standard connectivity options.,neutral
The PQR Travel Pillow offers neck support. It is lightweight and portable.,neutral
The STU Car Dash Cam records video while driving. It has basic features for safety.,neutral
The VWX Smart Fridge keeps food fresh. It has a standard layout with shelves.,neutral
The YZA Pet Carrier is functional for travel. It meets airline regulations.,neutral
The BCD Foot Massager offers basic relief for tired feet. It has a simple design.,neutral
The EFG Portable Speaker connects via Bluetooth. It provides average sound quality.,neutral
The HIJ Ice Cream Maker churns ice cream at home. It has a straightforward process.,neutral
The KLM Smart Home Hub manages devices. It integrates with various smart products.,neutral
The NOP Folding Bike is compact for storage. It is suitable for short commutes.,neutral
The QRS Smart Trash Can has a touchless feature. It is practical for everyday use.,neutral
The TUV LED Flashlight provides bright light. It is compact and easy to carry.,neutral
The WXY Electric Scooter is a convenient mode of transport. It has a decent battery life.,neutral
The ZAB Luggage Set is practical for travel. It has a variety of sizes.,neutral
The CDE Cleaning Robot vacuums floors automatically. It requires regular maintenance.,neutral
The FGH Home Gym Equipment offers various workouts. It takes up some space.,neutral
The IJK Digital Kitchen Scale is useful for recipes. It has a clear display.,neutral
The LMN Smart Light Switch controls lights remotely. It requires installation.,neutral
The OPQ Bluetooth Tracker helps find lost items. It connects to an app.,neutral
The RST Electric Coffee Grinder grinds beans effectively. It has a simple design.,neutral
The UVW Smart Coffee Mug keeps drinks warm. It requires charging to function.,neutral
The XYZ Electric Grill is suitable for indoor cooking. It has non-stick plates.,neutral
The ABC Medication Organizer is practical for daily use. It keeps pills sorted.,neutral
The DEF Electric Skillet is easy to clean. It cooks a variety of foods.,neutral
The XYZ blender works as expected for making smoothies.,neutral
"I received the ABC headphones, and they function well during calls.",neutral
The 123 vacuum cleaner has standard suction power for everyday cleaning.,neutral
"I purchased the DEF coffee maker, and it brews coffee at a regular pace.",neutral
The GHI smartphone has a decent camera for taking pictures.,neutral
The JKL washing machine operates quietly while cleaning clothes.,neutral
"I tried the MNO air purifier, and it runs continuously without issues.",neutral
The PQR smartwatch tracks steps accurately throughout the day.,neutral
The STU gaming mouse provides basic functionality for casual use.,neutral
The VWX tablet displays images clearly and responds well to touch.,neutral
The ABC toaster browns bread evenly without burning.,neutral
"I bought the DEF water bottle, and it holds the liquid without leaking.",neutral
The GHI laptop performs adequately for browsing and streaming.,neutral
The JKL headphones come with a standard cable for connection.,neutral
The MNO desk lamp provides sufficient light for reading.,neutral
The PQR phone case fits snugly around the device.,neutral
The STU external hard drive stores data reliably.,neutral
The VWX fitness tracker monitors heart rate during workouts.,neutral
The XYZ camera has basic features for casual photography.,neutral
The ABC notebook has lined pages for writing notes.,neutral
The DEF umbrella opens and closes without difficulty.,neutral
The GHI printer produces standard quality prints.,neutral
The JKL router connects devices with average speed.,neutral
The MNO gaming console plays popular games without issues.,neutral
The PQR blender has multiple speed settings for different tasks.,neutral
The STU charger works with various devices without problems.,neutral
The VWX air fryer cooks meals evenly and efficiently.,neutral
The XYZ microwave heats food at a regular pace.,neutral
The ABC backpack has enough space for daily essentials.,neutral
The DEF smartwatch syncs data with mobile apps.,neutral
The GHI monitor displays colors accurately for work.,neutral
The JKL pillow provides average comfort for sleeping.,neutral
The MNO electric toothbrush operates at a standard speed.,neutral
The PQR speaker connects via Bluetooth without hassle.,neutral
The STU camera bag protects gear during transport.,neutral
The VWX yoga mat offers basic grip for workouts.,neutral
The XYZ coffee grinder processes beans evenly.,neutral
The ABC heater warms a small room adequately.,neutral
The DEF bicycle has standard gears for city riding.,neutral
The GHI suitcase rolls smoothly on flat surfaces.,neutral
The JKL hair dryer dries hair at a regular speed.,neutral
The MNO blender pitcher holds a decent amount of liquid.,neutral
The PQR smartwatch has a simple interface for navigation.,neutral
The STU tablet cover protects the screen from scratches.,neutral
The VWX flashlight emits a consistent beam of light.,neutral
The XYZ air mattress inflates and deflates without issues.,neutral
The ABC kettle heats water efficiently for tea.,neutral
The DEF projector displays images clearly in a dark room.,neutral
The GHI scale measures weight accurately.,neutral
The JKL garden hose stretches to reach the far end of the yard.,neutral
The MNO bike lock secures my bicycle easily.,neutral
The PQR pet feeder dispenses food at scheduled times.,neutral
The STU electric kettle boils water steadily.,neutral
The VWX phone holder mounts securely in the car.,neutral
The XYZ blender has a sturdy design for regular use.,neutral
The ABC camera lens captures images with decent clarity.,neutral
The DEF wall clock keeps time accurately.,neutral
The GHI smartwatch alerts for messages and calls.,neutral
The JKL mouse pad provides a smooth surface.,neutral
The MNO pasta maker rolls dough evenly.,neutral
The PQR snow shovel is lightweight and easy to use.,neutral
The STU food processor chops vegetables thoroughly.,neutral
The VWX electric skillet cooks food evenly.,neutral
The XYZ bookends hold books upright on the shelf.,neutral
The ABC gaming chair adjusts for comfort.,neutral
The DEF water filter removes impurities from tap water.,neutral
The GHI electric grill cooks food at a consistent temperature.,neutral
The JKL safety razor provides a close shave.,neutral
The MNO smartphone stand holds devices securely.,neutral
The PQR notebook has a sturdy cover for durability.,neutral
The STU pressure cooker cooks meals quickly.,neutral
The VWX insect repellent sprays evenly on the skin.,neutral
The XYZ luggage tag identifies bags easily.,neutral
The ABC sewing machine stitches fabric without jamming.,neutral
The DEF paintbrush applies paint smoothly.,neutral
The GHI keychain keeps keys organized.,neutral
The JKL dish rack holds plates and utensils.,neutral
The MNO laundry basket holds a full load of clothes.,neutral
The PQR hand sanitizer dispenses easily.,neutral
The STU shoe organizer keeps footwear in order.,neutral
The VWX desk organizer holds stationery items.,neutral
The XYZ bicycle helmet fits securely on the head.,neutral
The ABC air freshener emits a subtle fragrance.,neutral
The DEF pet leash attaches easily to collars.,neutral
The GHI blender base is stable during operation.,neutral
The JKL food scale weighs ingredients accurately.,neutral
The MNO digital watch shows time clearly.,neutral
The PQR wall mount holds the TV securely.,neutral
The STU photo album stores pictures safely.,neutral
The VWX smartphone charger charges the device at a regular speed.,neutral
The XYZ garden shovel digs into soil easily.,neutral
The ABC camping tent sets up quickly.,neutral
The DEF umbrella stand holds umbrellas upright.,neutral
The GHI electric fan circulates air effectively.,neutral
The JKL window blinds block out light.,neutral
The MNO travel mug keeps beverages warm.,neutral
The PQR digital thermometer measures temperature accurately.,neutral
The STU blender attachments are easy to clean.,neutral
The VWX yoga block provides support during poses.,neutral
The XYZ rice cooker cooks rice evenly.,neutral
The ABC dog bed offers a comfortable spot for pets.,neutral
The DEF electric screwdriver drives screws consistently.,neutral
The GHI fabric softener leaves clothes feeling soft.,neutral
The JKL picnic blanket folds neatly for storage.,neutral
The MNO insulated bag keeps food cold.,neutral
The PQR art supplies include a variety of colors.,neutral
The STU laundry detergent cleans clothes effectively.,neutral
The VWX pet grooming brush removes loose fur.,neutral
The XYZ wall art adds a decorative touch to the room.,neutral
The ABC barbecue grill cooks food evenly.,neutral
The DEF home security camera provides video footage.,neutral
The GHI ice maker produces ice cubes quickly.,neutral
The JKL coffee mug fits in car cup holders.,neutral
The MNO travel pillow supports the neck during journeys.,neutral
The PQR fitness mat provides cushioning for exercises.,neutral
The STU vacuum bags hold dust without tearing.,neutral
The VWX kitchen scale measures ingredients accurately.,neutral
The XYZ bicycle pump inflates tires easily.,neutral
The ABC beach towel dries off wet skin.,neutral
The DEF fire pit provides warmth during outdoor gatherings.,neutral
The GHI shower curtain keeps water inside the tub.,neutral
The JKL food storage containers stack neatly in the fridge.,neutral
The MNO garden gloves protect hands while working.,neutral
The PQR coffee table holds magazines and drinks.,neutral
The STU window screen keeps insects out.,neutral
The VWX car mat traps dirt and debris.,neutral
The XYZ electric blanket provides warmth on cold nights.,neutral
The ABC travel organizer keeps items sorted.,neutral
The DEF helmet protects the head during rides.,neutral
The GHI garden trowel is easy to handle.,neutral
The JKL lunch box keeps food fresh.,neutral
The MNO snow boots keep feet warm and dry.,neutral
The PQR safety goggles protect eyes during work.,neutral
The STU workout gloves enhance grip during exercises.,neutral
The VWX charging station organizes multiple devices.,neutral
The XYZ kettle whistle alerts when water is boiling.,neutral
The ABC bread maker bakes loaves evenly.,neutral
The DEF photo frame displays pictures nicely.,neutral
The GHI car charger powers devices while driving.,neutral
The JKL spice rack organizes various seasonings.,neutral
The MNO umbrella has a comfortable grip.,neutral
The PQR fish tank filter keeps water clean.,neutral
The STU pet water fountain provides a steady flow.,neutral
The VWX air mattress pump inflates the bed quickly.,neutral
The XYZ gardening shears cut plants with ease.,neutral
The ABC sunglasses provide basic UV protection.,neutral
The DEF digital camera captures images clearly.,neutral
The GHI clothes steamer removes wrinkles from fabric.,neutral
The JKL remote control operates multiple devices.,neutral
The MNO shower head adjusts for different spray patterns.,neutral
The PQR phone case protects against scratches.,neutral
The STU electric toothbrush includes a timer for brushing.,neutral
The VWX car seat covers fit over standard seats.,neutral
The XYZ water pitcher filters tap water effectively.,neutral
The ABC yoga strap assists with stretching.,neutral
The DEF measuring cups hold dry and liquid ingredients.,neutral
The GHI grill cover protects against weather.,neutral
The JKL tablet stand holds the device at an angle.,neutral
The MNO exercise ball provides core stability.,neutral
The PQR ice cream maker churns desserts smoothly.,neutral
The STU beard trimmer offers adjustable lengths.,neutral
The VWX wall hook holds coats securely.,neutral
The XYZ notebook organizer keeps papers tidy.,neutral
The ABC key holder keeps keys accessible.,neutral
The DEF hand mixer blends ingredients smoothly.,neutral
The GHI car seat adjusts for comfort.,neutral
The JKL dog leash extends for extra reach.,neutral
The MNO portable charger powers devices on the go.,neutral
The PQR snow shovel has a comfortable handle.,neutral
The STU bike repair kit includes essential tools.,neutral
The VWX first aid kit contains basic supplies.,neutral
The XYZ lamp provides adequate lighting for tasks.,neutral
The ABC air purifier has a simple filter replacement.,neutral
The DEF wall clock is easy to read.,neutral
The GHI pet carrier holds pets securely during travel.,neutral
The JKL umbrella has a sturdy frame.,neutral
The MNO smartphone holder attaches to the dashboard.,neutral
The PQR electric kettle has a quick boil feature.,neutral
The STU camping stove cooks food efficiently.,neutral
The VWX pet food container keeps food fresh.,neutral
The XYZ hand towel absorbs moisture quickly.,neutral
The ABC portable speaker connects easily to devices.,neutral
The DEF tablecloth protects the surface from spills.,neutral
The GHI bike basket holds items securely.,neutral
The JKL car vacuum cleans small messes effectively.,neutral
The MNO sink mat prevents scratches.,neutral
The PQR dress form adjusts for different sizes.,neutral
The STU air mattress includes a built-in pump.,neutral
The VWX coffee grinder adjusts for different grind sizes.,neutral
The XYZ garden hose reel stores hoses neatly.,neutral
The ABC bathroom scale provides consistent readings.,neutral
The DEF tool chest organizes various tools.,neutral
The GHI flashlight has a long battery life.,neutral
The JKL cookie sheet bakes evenly.,neutral
The MNO window cleaner sprays without streaking.,neutral
The PQR kitchen timer counts down accurately.,neutral
The STU laundry detergent dispenser is easy to use.,neutral
The VWX pet leash has a comfortable handle.,neutral
The XYZ desk fan provides a gentle breeze.,neutral
The ABC water bottle has a flip-top lid.,neutral
The DEF digital clock displays time clearly.,neutral
The GHI salad spinner removes excess water from greens.,neutral
The JKL exercise mat provides cushioning for workouts.,neutral
The MNO wall shelf holds books and decor.,neutral
The PQR bottle opener works on various caps.,neutral
The STU ice scraper removes frost from windshields.,neutral
The VWX coffee scoop measures grounds accurately.,neutral
The XYZ gardening fork loosens soil effectively.,neutral
The ABC water gun sprays water consistently.,neutral
The DEF car sunshade blocks sunlight.,neutral
The GHI kitchen towel dries dishes efficiently.,neutral
The JKL bicycle light attaches easily to handlebars.,neutral
The MNO mop bucket holds water for cleaning.,neutral
The PQR sewing kit includes basic supplies.,neutral
The STU frying pan heats evenly on the stove.,neutral
The VWX pet brush removes tangles from fur.,neutral
The XYZ kitchen timer alerts when cooking is done.,neutral
The ABC dustpan and broom set cleans up small messes.,neutral
The DEF yoga wheel aids in stretching exercises.,neutral
The GHI picnic basket holds food and drinks.,neutral
The JKL magnetic phone mount holds devices securely.,neutral
The MNO ice cube tray produces standard-sized cubes.,neutral
The PQR bicycle lock secures the bike while parked.,neutral
The STU portable fan provides cooling on hot days.,neutral
The VWX storage bin keeps items organized.,neutral
The XYZ air mattress has a comfortable design.,neutral
The ABC digital photo frame rotates images automatically.,neutral
The DEF steam mop cleans floors effectively.,neutral
The GHI home gym set includes basic equipment.,neutral
The JKL electric kettle has a safety shut-off feature.,neutral
The MNO picnic table provides a space for meals outdoors.,neutral
The PQR cooking thermometer measures temperatures accurately.,neutral
The STU travel mug fits in car cup holders.,neutral
The VWX bedspread adds a decorative touch to the room.,neutral
The XYZ garden rake gathers leaves easily.,neutral
The ABC bike seat cover adds comfort during rides.,neutral
The DEF phone case provides basic protection.,neutral
The GHI shoe horn helps put on shoes easily.,neutral
The JKL cutting board provides a stable surface for chopping.,neutral
The MNO laundry basket has a sturdy design.,neutral
The PQR electric skillet has a nonstick surface.,neutral
The STU shower mat prevents slipping.,neutral
The VWX portable charger powers devices while traveling.,neutral
The XYZ blender stopped working after a few uses.,negative
I found the ABC headphones uncomfortable for long periods.,negative
The 123 vacuum cleaner lacks suction power for deep cleaning.,negative
The DEF coffee maker brews slowly and sometimes leaks.,negative
The GHI smartphone has a poor battery life.,negative
The JKL washing machine leaves clothes damp after cycles.,negative
The MNO air purifier is noisy and ineffective.,negative
The PQR smartwatch frequently disconnects from my phone.,negative
The STU gaming mouse is unresponsive at times.,negative
The VWX tablet freezes often during use.,negative
The ABC toaster burns the edges of bread unevenly.,negative
The DEF water bottle leaks when tilted.,negative
The GHI laptop overheats during basic tasks.,negative
The JKL headphones produce a muffled sound quality.,negative
The MNO desk lamp flickers and is too dim.,negative
The PQR phone case cracked after a few drops.,negative
The STU external hard drive failed to recognize files.,negative
The VWX fitness tracker inaccurately counts steps.,negative
The XYZ camera lacks clarity in low light conditions.,negative
The ABC notebook pages tear easily.,negative
The DEF umbrella flips inside out in the wind.,negative
The GHI printer jams frequently and wastes paper.,negative
The JKL router drops connections often.,negative
The MNO gaming console overheats during gameplay.,negative
The PQR blender's motor burned out after a month.,negative
The STU charger stopped working after a few weeks.,negative
The VWX air fryer doesn’t cook food evenly.,negative
The XYZ microwave has a weak heating capacity.,negative
The ABC backpack straps are uncomfortable when loaded.,negative
The DEF smartwatch drains battery quickly.,negative
The GHI monitor has poor color accuracy.,negative
The JKL pillow is too firm for comfortable sleeping.,negative
The MNO electric toothbrush stopped charging.,negative
The PQR speaker has a weak bass response.,negative
The STU camera bag is poorly designed and hard to carry.,negative
The VWX yoga mat is slippery and not durable.,negative
The XYZ coffee grinder produces inconsistent grinds.,negative
The ABC heater takes too long to warm up a room.,negative
The DEF bicycle gears shift roughly.,negative
The GHI suitcase broke after one trip.,negative
The JKL hair dryer is too noisy and ineffective.,negative
The MNO blender pitcher leaks during use.,negative
The PQR smartwatch has a confusing interface.,negative
The STU tablet cover doesn’t fit properly.,negative
The VWX flashlight dims quickly and needs frequent charging.,negative
The XYZ air mattress developed a leak overnight.,negative
The ABC kettle took too long to boil water.,negative
The DEF projector has a blurry image quality.,negative
The GHI scale is inconsistent in weight measurements.,negative
The JKL garden hose kinks easily during use.,negative
The MNO bike lock rusted after a few months.,negative
The PQR pet feeder jams and doesn’t dispense food.,negative
The STU electric kettle leaks from the spout.,negative
The VWX phone holder slips during driving.,negative
The XYZ blender is difficult to clean thoroughly.,negative
The ABC camera lens was not compatible with my body.,negative
The DEF wall clock ticks loudly and is distracting.,negative
The GHI smartwatch doesn’t sync well with apps.,negative
The JKL mouse pad wears out quickly.,negative
The MNO pasta maker is hard to clean and use.,negative
The PQR snow shovel is flimsy and bends easily.,negative
The STU food processor struggles with tough ingredients.,negative
The VWX electric skillet has uneven heat distribution.,negative
The XYZ bookends are too lightweight to hold books.,negative
The ABC gaming chair is hard and uncomfortable.,negative
The DEF water filter didn’t improve the taste of water.,negative
The GHI electric grill smokes excessively while cooking.,negative
The JKL safety razor caused irritation on my skin.,negative
The MNO smartphone stand is not stable enough.,negative
The PQR notebook cover is flimsy and peeling.,negative
The STU pressure cooker released steam unpredictably.,negative
The VWX insect repellent caused skin irritation.,negative
The XYZ luggage tag fell off during travel.,negative
The ABC sewing machine jammed frequently.,negative
The DEF paintbrush shed bristles onto my project.,negative
The GHI keychain broke after a short period.,negative
The JKL dish rack rusted after a few washes.,negative
The MNO laundry basket is too small for a family.,negative
The PQR hand sanitizer left a sticky residue.,negative
The STU shoe organizer fell apart quickly.,negative
The VWX desk organizer is not spacious enough.,negative
The XYZ bicycle helmet was uncomfortable to wear.,negative
The ABC air freshener had a chemical smell.,negative
The DEF pet leash is too short for larger dogs.,negative
The GHI blender base is unstable during operation.,negative
The JKL food scale had inaccurate readings.,negative
The MNO digital watch stopped working after a few months.,negative
The PQR wall mount didn’t hold the TV securely.,negative
The STU photo album pages tore easily.,negative
The VWX smartphone charger is too short.,negative
The XYZ garden shovel is too lightweight for tough soil.,negative
The ABC camping tent leaked during rain.,negative
The DEF umbrella stand tipped over easily.,negative
The GHI electric fan is too noisy for sleeping.,negative
The JKL window blinds broke after a few adjustments.,negative
The MNO travel mug doesn’t keep beverages hot.,negative
The PQR digital thermometer gave inconsistent readings.,negative
The STU blender attachments broke after a few uses.,negative
The VWX yoga block is too soft for support.,negative
The XYZ rice cooker burned rice on the bottom.,negative
The ABC dog bed flattened after a few months.,negative
The DEF electric screwdriver stripped screws easily.,negative
The GHI fabric softener left a residue on clothes.,negative
The JKL picnic blanket is too thin for comfort.,negative
The MNO insulated bag didn’t keep food cold.,negative
The PQR art supplies dried out too quickly.,negative
The STU laundry detergent didn’t remove stains effectively.,negative
The VWX pet grooming brush broke after one use.,negative
The XYZ wall art fell off the wall unexpectedly.,negative
The ABC barbecue grill had uneven heat distribution.,negative
The DEF home security camera had poor video quality.,negative
"The GHI ice maker produced small, uneven cubes.",negative
The JKL coffee mug chipped easily.,negative
The MNO travel pillow lacked proper support.,negative
The PQR fitness mat is too thin for comfortable workouts.,negative
The STU vacuum bags tore easily.,negative
The VWX kitchen scale is hard to read.,negative
The XYZ bicycle pump broke after a few uses.,negative
The ABC beach towel didn’t absorb water well.,negative
The DEF fire pit was difficult to assemble.,negative
The GHI shower curtain developed mold quickly.,negative
The JKL food storage containers cracked in the freezer.,negative
The MNO garden gloves ripped after one use.,negative
The PQR coffee table wobbled and was unstable.,negative
The STU window screen tore easily during installation.,negative
The VWX car mat slipped out of place.,negative
The XYZ electric blanket stopped working after a wash.,negative
The ABC travel organizer was too small for my needs.,negative
The DEF helmet was uncomfortable and heavy.,negative
The GHI garden trowel bent during use.,negative
The JKL lunch box didn’t keep food fresh.,negative
The MNO snow boots were not waterproof as advertised.,negative
The PQR safety goggles fogged up during use.,negative
The STU workout gloves wore out quickly.,negative
The VWX charging station didn’t work with all devices.,negative
The XYZ kettle whistle didn’t function properly.,negative
The ABC bread maker produced uneven loaves.,negative
The DEF photo frame broke during shipping.,negative
The GHI car charger failed to charge my device.,negative
The JKL spice rack was poorly constructed.,negative
The MNO umbrella was difficult to open and close.,negative
The PQR fish tank filter was too loud.,negative
The STU pet water fountain leaked everywhere.,negative
The VWX air mattress was uncomfortable to sleep on.,negative
The XYZ gardening shears were dull and ineffective.,negative
The ABC water gun leaked while playing.,negative
The DEF car sunshade didn’t block enough sunlight.,negative
The GHI kitchen towel didn’t dry dishes effectively.,negative
The JKL bicycle light was too dim for safety.,negative
The MNO mop bucket leaked while filled.,negative
The PQR sewing kit had missing items.,negative
The STU frying pan warped on the stove.,negative
The VWX pet brush didn’t remove any fur.,negative
The XYZ kitchen timer was hard to set.,negative
The ABC dustpan didn’t catch all the debris.,negative
The DEF yoga wheel was too rigid for use.,negative
The GHI picnic basket was poorly insulated.,negative
The JKL magnetic phone mount fell off easily.,negative
The MNO ice cube tray cracked while freezing.,negative
The PQR bicycle lock was easy to pick.,negative
The STU portable fan had weak airflow.,negative
The VWX first aid kit was missing essential items.,negative
The XYZ lamp flickered and needed frequent replacement.,negative
The ABC air purifier had no noticeable effect.,negative
The DEF wall clock ran slow and was inaccurate.,negative
The GHI pet carrier was too small for my cat.,negative
The JKL umbrella broke during a light breeze.,negative
The MNO smartphone holder fell off the dash.,negative
The PQR electric kettle took too long to boil.,negative
The STU camping stove was difficult to ignite.,negative
The VWX pet food container had a defective lid.,negative
The XYZ hand towel frayed after one wash.,negative
The ABC portable speaker had a weak connection.,negative
The DEF tablecloth ripped easily.,negative
The GHI bike basket fell off during a ride.,negative
The JKL car vacuum didn’t pick up debris well.,negative
The MNO sink mat slid around too much.,negative
The PQR dress form was unstable and wobbly.,negative
The STU air mattress was uncomfortable and deflated.,negative
The VWX coffee grinder produced inconsistent grinds.,negative
The XYZ garden hose was too short for my yard.,negative
The ABC camping lantern ran out of batteries quickly.,negative
The DEF umbrella stand was too lightweight.,negative
The GHI electric fan didn’t cool the room.,negative
The JKL window blinds were difficult to install.,negative
The MNO travel mug spilled coffee everywhere.,negative
The PQR digital thermometer was inaccurate.,negative
The STU blender was too noisy during operation.,negative
The VWX yoga block was too soft for support.,negative
The XYZ rice cooker burned rice frequently.,negative
The ABC dog bed was too small for my dog.,negative
The DEF electric screwdriver didn’t have enough power.,negative
The GHI fabric softener left a greasy residue.,negative
The JKL picnic blanket was too thin for comfort.,negative
The PQR art supplies dried out before use.,negative
The STU laundry detergent didn’t remove stains.,negative
The VWX pet grooming brush was ineffective.,negative
The XYZ blender is a game changer for my morning smoothies; it's super easy to clean too!,positive
I absolutely love my ABC headphones; the sound quality is just amazing for my playlists.,positive
The 123 vacuum cleaner is a lifesaver; it picks up everything and makes cleaning a breeze!,positive
"Just got the DEF coffee maker, and I can't start my day without it now; perfect brew every time!",positive
"My GHI smartphone has been fantastic; the camera takes stunning pictures, even in low light!",positive
The JKL washing machine is so quiet; I can run it at night without waking anyone up.,positive
"I tried the MNO air purifier, and wow, my allergies have improved so much; totally worth it!",positive
The PQR smartwatch is super handy; I love tracking my workouts and staying connected.,positive
The STU gaming mouse feels amazing in my hand; it makes gaming so much more enjoyable!,positive
The VWX tablet is perfect for binge-watching; the screen is bright and clear!,positive
"The ABC toaster makes the best toast; it browns perfectly every time, and I love it!",positive
"I got the DEF water bottle, and it keeps my drinks cold for hours; hydration game on point!",positive
"The GHI laptop runs smoothly; it's perfect for both work and play, no complaints here!",positive
The JKL headphones are super comfy; I can wear them for hours while jamming out.,positive
The MNO desk lamp is bright and stylish; it makes my workspace feel so much nicer.,positive
The PQR phone case fits like a glove; it protects my phone without being bulky at all.,positive
The STU external hard drive is a lifesaver; I can store all my files without a hitch.,positive
The VWX fitness tracker is motivating; I love seeing my progress every day!,positive
The XYZ camera takes amazing photos; I can't believe the quality for the price!,positive
The ABC notebook is perfect for jotting down ideas; the pages are so smooth to write on.,positive
The DEF umbrella is sturdy and reliable; it survived a storm without flipping inside out!,positive
The GHI printer is easy to set up; it prints everything quickly and clearly.,positive
The JKL router has great range; I can work from anywhere in the house without interruptions.,positive
The MNO gaming console has a fantastic library of games; I’m hooked on it already!,positive
The PQR blender is super powerful; it turns everything into smooth goodness in seconds.,positive
The STU charger is so fast; my phone is back to 100% in no time!,positive
The VWX air fryer makes cooking so easy; my fries come out crispy and delicious every time!,positive
The XYZ microwave heats everything evenly; leftovers taste like fresh meals!,positive
The ABC backpack is stylish and spacious; I can fit all my essentials without a problem!,positive
The DEF smartwatch has so many cool features; I love getting notifications on my wrist!,positive
The GHI monitor is perfect for gaming; the colors are vibrant and clear.,positive
The JKL pillow is like sleeping on a cloud; I wake up feeling refreshed every day!,positive
The MNO electric toothbrush leaves my mouth feeling super clean; I love it!,positive
The PQR speaker has fantastic sound; it fills my room with music perfectly.,positive
The STU camera bag holds all my gear safely; I feel confident taking it anywhere.,positive
The VWX yoga mat gives me great grip; my poses have never felt more stable!,positive
The XYZ coffee grinder is easy to use; I love the fresh smell of ground coffee in the morning!,positive
The ABC heater warms up my room quickly; I can’t imagine winter without it!,positive
The DEF bicycle is smooth to ride; I love taking it out for weekend adventures.,positive
The GHI suitcase is super durable; it survived a rough trip and still looks brand new!,positive
The JKL hair dryer dries my hair quickly; I’m in and out in no time!,positive
The MNO blender pitcher is nice and big; I can make enough for the whole family!,positive
The PQR smartwatch is stylish and functional; it helps me keep track of my day.,positive
The STU tablet cover protects it perfectly; I don't have to worry about scratches anymore.,positive
The VWX flashlight is bright and handy; it’s great for evening walks with the dog.,positive
The XYZ air mattress is so comfy; I slept like a baby during my friend's visit!,positive
The ABC kettle boils water fast; it’s perfect for my tea and instant noodles!,positive
The DEF projector is fantastic for movie nights; the picture quality blew me away!,positive
The GHI scale is accurate; I love tracking my progress on my fitness journey.,positive
The JKL garden hose is super flexible; watering the plants has never been easier!,positive
The MNO bike lock gives me peace of mind; I feel safe leaving my bike outside.,positive
"The PQR pet feeder is so convenient; my kitty loves it, and I love the schedule!",positive
The STU electric kettle is sleek and efficient; makes my morning tea a breeze!,positive
The VWX phone holder works perfectly in my car; my navigation is a lot easier now.,positive
The XYZ blender is powerful; it crushes ice like it’s nothing!,positive
The ABC camera lens takes such clear shots; I’m so happy with my purchase!,positive
The DEF wall clock is stylish; it adds a nice touch to my living room.,positive
The GHI smartwatch tracks my sleep; it’s helping me improve my rest.,positive
The JKL mouse pad is just right; my mouse glides smoothly over it.,positive
The MNO pasta maker is a fun kitchen gadget; making fresh pasta is a treat!,positive
The PQR snow shovel is lightweight and easy to handle; clearing the driveway is quick now.,positive
The STU food processor saves me so much time; chopping veggies is a breeze!,positive
The VWX electric skillet cooks evenly; my meals turn out perfectly every time.,positive
The XYZ bookends are sturdy; they keep my shelves looking neat and organized.,positive
The ABC gaming chair is super comfortable; I could sit in it for hours while playing.,positive
The DEF water filter makes my tap water taste amazing; I drink so much more now!,positive
The GHI electric grill is a great addition to my kitchen; grilling indoors is a win!,positive
The JKL safety razor gives a smooth shave; I can't believe I waited so long to switch!,positive
The MNO smartphone stand is so useful; my videos are way more enjoyable to watch now.,positive
The PQR notebook is perfect for journaling; I love the design and feel of the pages.,positive
The STU pressure cooker makes dinner so fast; I’m amazed at how tender my meals come out!,positive
The VWX insect repellent really works; I can enjoy my backyard without worrying about bugs.,positive
The XYZ luggage tag is colorful and easy to spot; I found my bag instantly at the airport!,positive
The ABC sewing machine is easy to use; I’ve been making my own clothes!,positive
The DEF paintbrush is great for crafting; it holds paint really well.,positive
The GHI keychain is cute and practical; it keeps my keys organized perfectly.,positive
The JKL dish rack is so functional; it keeps everything tidy after washing up.,positive
The MNO laundry basket is spacious; I can fit a whole week’s worth of clothes in it!,positive
The PQR hand sanitizer is convenient and smells good; I carry it everywhere.,positive
The STU shoe organizer saves so much space; my closet looks amazing now!,positive
The VWX desk organizer holds everything I need; my workspace is way more productive.,positive
The XYZ bicycle helmet is super comfortable; I feel safe every time I ride.,positive
The ABC air freshener has a lovely scent; it makes my home smell inviting.,positive
The DEF pet leash is durable and stylish; I love taking my dog out with it!,positive
The GHI blender base is sturdy; it doesn’t wobble at all while blending.,positive
The JKL food scale is precise; I love baking and need accurate measurements.,positive
The MNO digital watch has a sleek design; I wear it every day now!,positive
The PQR wall mount is easy to install; my TV looks great up there!,positive
The STU photo album keeps my memories safe; I love flipping through it.,positive
The VWX smartphone charger is super reliable; my phone charges fast every time.,positive
The XYZ garden shovel is strong and sturdy; digging in my garden is a breeze.,positive
The ABC camping tent is easy to set up; I had a fantastic time outdoors!,positive
The DEF umbrella stand is stylish and holds my umbrellas securely.,positive
The GHI electric fan cools down my room quickly; I love using it in the summer.,positive
The JKL window blinds block out light perfectly; I sleep so much better now.,positive
The MNO travel mug keeps my coffee hot for hours; it’s my morning essential.,positive
The PQR digital thermometer is super accurate; I trust it for cooking now.,positive
The STU blender attachments are easy to swap out; I can make anything with it!,positive
The VWX yoga block helps me with my poses; I feel more flexible every day.,positive
The XYZ rice cooker is a lifesaver; I make perfect rice every time!,positive
The ABC dog bed is so cozy; my pup loves napping in it!,positive
The DEF electric screwdriver makes DIY projects fun; I get things done so fast!,positive
The GHI fabric softener leaves my clothes feeling so soft; I love it!,positive
The JKL picnic blanket is perfect for outdoor days; it’s comfy and easy to carry.,positive
The MNO insulated bag keeps my lunch fresh; I’m so glad I bought it!,positive
The PQR art supplies are vibrant and fun to use; my creativity has no limits!,positive
The STU laundry detergent smells amazing; my clothes come out fresh and clean.,positive
The VWX pet grooming brush works wonders; my cat looks fabulous after using it.,positive
The XYZ wall art adds personality to my space; I get compliments all the time!,positive
The ABC barbecue grill is top-notch; every cookout has been a hit since I got it!,positive
The DEF home security camera gives me peace of mind; I feel safe at home.,positive
The GHI ice maker is super convenient; I always have ice ready for drinks.,positive
The JKL coffee mug is sturdy and stylish; I take it everywhere with me.,positive
The MNO travel pillow is comfy and supportive; I finally sleep well on flights!,positive
The PQR fitness mat is thick and durable; my workouts are much more enjoyable now.,positive
The STU vacuum bags hold so much; I don’t have to change them often!,positive
The VWX kitchen scale is so handy; it makes baking a breeze!,positive
The XYZ bicycle pump is easy to use; my tires are always ready for a ride.,positive
The ABC beach towel is soft and absorbent; perfect for sunny days at the shore.,positive
The DEF fire pit creates the best atmosphere; I love gathering around it with friends.,positive
The GHI shower curtain is bright and cheerful; it makes my bathroom feel fresh.,positive
The JKL food storage containers are airtight; my leftovers stay fresh for days.,positive
The MNO garden gloves are comfortable and durable; my hands stay protected while gardening.,positive
The PQR coffee table is a stylish centerpiece; it holds my snacks and drinks perfectly.,positive
The STU window screen keeps bugs out; I can finally enjoy the fresh air.,positive
The VWX car mat is easy to clean; my car looks great after using it.,positive
The XYZ electric blanket keeps me warm and cozy; I can’t get enough of it!,positive
The ABC travel organizer is super handy; it keeps everything in its place while I’m on the go.,positive
The DEF helmet fits perfectly; I feel safe every time I ride my bike.,positive
The GHI garden trowel is lightweight and easy to handle; planting is a joy now.,positive
The JKL lunch box is spacious and keeps my food fresh; I love packing lunches now.,positive
The MNO snow boots are warm and waterproof; I can finally enjoy winter!,positive
The PQR safety goggles are comfortable and effective; they protect my eyes perfectly.,positive
The STU workout gloves give me a great grip; my lifting game has improved!,positive
The VWX charging station keeps all my devices organized; no more tangled cords!,positive
The XYZ kettle has a sleek design and boils water fast; it’s perfect for tea.,positive
The ABC bread maker is easy to use; I love the smell of fresh bread in my kitchen!,positive
The DEF photo frame is beautiful; it showcases my favorite memories perfectly.,positive
The GHI car charger works like a charm; I never run out of battery on the go.,positive
The JKL spice rack is organized and looks great on my counter; cooking is so much easier now!,positive
The MNO umbrella is sturdy and reliable; it keeps me dry even in heavy rain.,positive
The PQR fish tank filter is quiet and effective; my fish are thriving!,positive
The STU pet water fountain keeps my dog hydrated; he loves drinking from it.,positive
The VWX air mattress is surprisingly comfortable; I slept better than on my regular bed!,positive
The XYZ gardening shears are sharp and easy to use; pruning my plants is a breeze.,positive
The ABC water gun is so much fun; perfect for summer water battles with friends.,positive
The DEF car sunshade works wonders; my car stays cool even on hot days.,positive
The GHI kitchen towel is super absorbent; drying dishes has never been easier.,positive
The JKL bicycle light is bright and keeps me safe at night; I love it!,positive
The MNO mop bucket is easy to use; mopping has become a quick task.,positive
The PQR sewing kit has everything I need; it’s perfect for quick repairs.,positive
The STU frying pan is nonstick and cooks evenly; my meals turn out great!,positive
The VWX pet brush is gentle on my cat; grooming is no longer a struggle.,positive
The XYZ kitchen timer is reliable; I never overcook anything anymore!,positive
The ABC dustpan is wide and catches everything; sweeping is so much easier!,positive
The DEF yoga wheel is great for stretching; it’s helped improve my flexibility.,positive
The GHI picnic basket is cute and holds everything I need; perfect for day trips.,positive
The JKL magnetic phone mount is super convenient; I can easily see my GPS.,positive
The MNO ice cube tray makes perfect cubes; my drinks look great now!,positive
The PQR bicycle lock is sturdy and gives me peace of mind; my bike is safe!,positive
The STU portable fan is a lifesaver in summer; I take it everywhere.,positive
The VWX first aid kit is well-stocked; I feel prepared for anything!,positive
The XYZ lamp is stylish and bright; it lights up my room perfectly.,positive
The ABC air purifier has made a noticeable difference in my allergies; I’m so grateful!,positive
The DEF wall clock is chic and modern; it looks great in my living room.,positive
The GHI pet carrier is comfy for my cat; she travels in style!,positive
The JKL umbrella is easy to open and close; no more fumbling in the rain.,positive
The MNO smartphone holder is super sturdy; my phone stays in place while driving.,positive
The PQR electric kettle is sleek and fast; I love how quickly it boils water.,positive
The STU camping stove is easy to use and cooks well; my camping trips just got better!,positive
The VWX pet food container is airtight; my dog’s food stays fresh for longer.,positive
The XYZ hand towel is ultra-soft; it makes drying my hands a pleasure.,positive
The ABC portable speaker is loud and clear; I love taking it to the beach!,positive
The DEF tablecloth is beautiful and easy to clean; it brightens up my dining room.,positive
The GHI bike basket is super handy; I can carry my groceries with ease.,positive
The JKL car vacuum picks up everything; my car has never looked cleaner!,positive
The MNO sink mat is functional and pretty; it keeps my sink looking nice.,positive
The PQR dress form is adjustable and sturdy; it makes sewing so much easier.,positive
The STU air mattress pump is quick and efficient; setting up for guests is a breeze.,positive
The VWX coffee grinder is compact and powerful; my mornings are so much better!,positive
The XYZ garden hose reel is easy to use; I can store it without hassle.,positive
The ABC bathroom scale is sleek and accurate; I love tracking my weight!,positive
The DEF tool chest is organized and spacious; my garage looks amazing now!,positive
The GHI flashlight is bright and reliable; I keep it in my car for emergencies.,positive
The JKL cookie sheet is nonstick and bakes evenly; my cookies come out perfect.,positive
The MNO window cleaner works wonders; my windows have never been this clear.,positive
The PQR kitchen timer is simple and effective; I set it for everything!,positive
The STU laundry detergent dispenser is easy to use; my laundry day is so much smoother.,positive
The VWX pet leash is comfortable and stylish; my walks are better with it.,positive
I just watched 'The Amazing Adventure' and it totally blew my mind; the visuals were stunning!,positive
The concert at the ABC Arena was epic; the energy in the crowd was contagious!,positive
I had the best time at the Summer Fest; the food trucks were to die for!,positive
The 'Epic Comedy Night' had me laughing so hard; I can't wait for the next one!,positive
Just saw 'Starry Nights' and it was beautifully shot; I loved every minute of it!,positive
The local theater is charming; I always enjoy catching indie films there.,positive
The food at 'Taste of the Town' was incredible; I tried things I never thought I would!,positive
The 'Jazz Under the Stars' event was magical; the music and atmosphere were just perfect!,positive
I loved 'The Great Escape' movie; it had such a great storyline and the actors were amazing.,positive
The art exhibit at the XYZ Gallery was inspiring; I could have spent all day there.,positive
Attending the 'Craft Beer Festival' was a blast; I discovered so many new favorites!,positive
The 'Outdoor Movie Night' was such a fun experience; I loved watching classics under the stars!,positive
Just visited 'The Cozy Cafe' and fell in love with their chai latte; it’s my new go-to spot!,positive
The 'Food Truck Rally' was fantastic; so many delicious options to choose from!,positive
The live show at the 'Grand Theatre' was mesmerizing; the performers were top-notch!,positive
I can't recommend 'The Secret Garden' enough; it was such a heartwarming story!,positive
The 'Annual Music Fest' had some amazing acts; I danced the night away with friends!,positive
Caught a screening of 'Hilarious Times'; it had me in stitches throughout the whole film!,positive
The 'Winter Wonderland' event was beautiful; I loved the lights and festive vibe!,positive
I had a great time at the 'City Park Picnic'; it was the perfect way to spend a sunny day!,positive
The 'Outdoor Adventure Expo' was so inspiring; I found new hobbies to try this summer!,positive
Just saw 'Love in the City'; it was a cute rom-com that made me smile!,positive
The 'Food and Wine Festival' was a culinary delight; I tasted some amazing dishes!,positive
I loved the 'Street Art Tour'; it was fascinating to learn about the artists and their work.,positive
The 'Summer Concert Series' is always a highlight of my year; the music is top-notch!,positive
The 'Mystery Dinner Theatre' was a blast; we had so much fun solving the whodunit!,positive
The new 'Adventure Park' is awesome; I can't believe how many rides they have!,positive
The 'Classic Film Festival' had some of my all-time favorites; it was a nostalgic trip!,positive
I really enjoyed 'The Family Reunion' movie; it was relatable and so funny!,positive
The 'Local Farmers Market' is a gem; I love supporting local vendors and finding fresh produce.,positive
Just attended the 'Craft Fair' and found the cutest handmade gifts; I can't wait to give them!,positive
The 'Outdoor Yoga Class' was so refreshing; it felt great to connect with nature.,positive
The 'Historical Walking Tour' was super interesting; I learned so much about the area!,positive
I had a blast at the 'Trivia Night'; our team totally crushed it and won!,positive
The 'Movie Under the Stars' event was perfect; I loved the cozy atmosphere!,positive
The 'Brewery Tour' was a fun way to spend the afternoon; I learned so much about beer making!,positive
I can't stop raving about 'The Fantastic Show'; it was such a creative performance!,positive
The 'Foodie Festival' had everything; I tried dishes from around the world!,positive
Just visited 'The Botanical Gardens' and it was stunning; the flowers were in full bloom!,positive
The 'Rock Concert' was unforgettable; the vibe was electric and everyone was dancing!,positive
The 'Art Walk' was such a cool experience; I loved discovering new local artists!,positive
I really enjoyed 'The Magical Forest'; it was such a whimsical experience!,positive
The 'Comedy Festival' had so many talented acts; I couldn't stop laughing!,positive
The 'Wine Tasting Evening' was delightful; I found some new favorites to bring home!,positive
The 'City Fair' was a blast; the rides were thrilling and the food was amazing!,positive
The 'Theatre Production' was so well done; the actors were fantastic!,positive
The 'Science Expo' was super cool; the displays were interactive and fun!,positive
I loved 'The Great Bake-Off'; it inspired me to try baking at home.,positive
The 'Holiday Market' was charming; I found unique gifts for everyone on my list!,positive
The 'Live Podcast' event was fascinating; I loved hearing behind-the-scenes stories!,positive
Just saw 'Chasing Dreams' and it was so motivating; I left feeling inspired!,positive
The 'Sculpture Garden' is beautiful; it's a perfect spot for a relaxing afternoon.,positive
The 'Cultural Festival' was vibrant; I loved experiencing different traditions!,positive
The 'Charity Gala' was a lovely evening; I felt great supporting a good cause.,positive
The 'Outdoor Adventure Race' was thrilling; I can’t wait to do it again next year!,positive
The 'Gastronomy Workshop' was hands-on and delicious; I learned so much about cooking!,positive
The 'Vintage Market' was a treasure trove; I found so many unique items!,positive
I loved the 'Open Mic Night'; it was great to support local talent!,positive
The 'Street Food Festival' was mouthwatering; I tried dishes I never even knew existed!,positive
The 'Jazz Festival' was incredible; the music was soothing and lively at the same time!,positive
The 'Photography Exhibit' was stunning; I could have stared at those photos for hours!,positive
The 'Ice Cream Social' was a sweet treat; I tried flavors I’ve never seen before!,positive
Just attended the 'Wellness Retreat'; it was refreshing and rejuvenating!,positive
The 'Beach Bonfire' was the perfect way to end a summer day; s'mores and stories galore!,positive
The 'Karaoke Night' was a riot; I had so much fun singing with friends!,positive
The 'Sports Game' was exhilarating; the atmosphere was electric!,positive
The 'Medieval Festival' was so much fun; I loved the costumes and activities!,positive
The 'Folk Music Festival' had such a chill vibe; I enjoyed every performance!,positive
The 'Film Screening' was fantastic; I loved the discussion afterward!,positive
I had a great time at the 'Art Class'; I finally learned how to paint!,positive
The 'Escape Room' was thrilling; we made a great team solving the puzzles!,positive
The 'Book Fair' was a dream come true; I found so many new reads to dive into!,positive
Just visited 'The Aquarium' and it was mesmerizing; the sea life is so fascinating!,positive
The 'Flower Show' was beautiful; I loved seeing all the unique blooms!,positive
The 'Freestyle Dance Night' was a blast; I loved letting loose and having fun!,positive
The 'Christmas Market' was so festive; I loved the holiday spirit in the air!,positive
The 'Motorsports Event' was thrilling; the races had me on the edge of my seat!,positive
The 'Geology Exhibit' was surprisingly captivating; I learned a lot about our planet!,positive
The 'Local Art Fair' showcased some amazing talent; I loved supporting the artists!,positive
The 'Live Music Night' at my favorite pub was awesome; the band was fantastic!,positive
The 'Haunted House' was spooky and fun; I loved the jump scares!,positive
The 'Outdoor Festival' was a great way to spend the day; I loved the live performances!,positive
The 'Science Fair' had some impressive projects; I was blown away by the creativity!,positive
The 'Coffee Tasting' event was delightful; I found my new favorite brew!,positive
The 'Vintage Car Show' was a blast from the past; I loved seeing all the classics!,positive
The 'Pottery Workshop' was so relaxing; I enjoyed getting my hands dirty!,positive
The 'Food and Music Festival' was a feast for the senses; I loved every minute!,positive
The 'Puppet Show' was whimsical and entertaining; I couldn't stop smiling!,positive
The 'Outdoor Adventure Day' was exciting; I loved trying new activities!,positive
The 'Charity Run' was a great cause; I loved supporting it with my friends!,positive
The 'Live Theater' performance was stunning; I was captivated the entire time!,positive
The 'Storytelling Festival' was magical; I loved hearing tales from different cultures!,positive
Just attended the 'Brew Festival'; I tasted some amazing local beers!,positive
The 'Chamber Music Concert' was enchanting; the musicians were incredibly talented!,positive
The 'Photography Workshop' was incredibly helpful; I learned so much about my camera!,positive
The 'Local History Tour' was fascinating; I gained a new appreciation for my city!,positive
I loved the 'Flea Market'; I found such cool vintage items!,positive
The 'Flower Festival' was stunning; the colors were breathtaking!,positive
The 'Food Festival' was a culinary adventure; I tried so many unique dishes!,positive
The 'Rock Climbing Event' was thrilling; I can't wait to go back!,positive
The 'Artisans Fair' was full of creativity; I loved browsing all the handmade goods!,positive
The 'Ice Skating Rink' was so much fun; I loved gliding around with friends!,positive
The 'Local Music Scene' is vibrant; I loved discovering new bands!,positive
The 'Themed Costume Party' was a hit; everyone got so creative with their outfits!,positive
The 'Culinary Class' taught me so many new skills; I feel like a chef now!,positive
The 'Outdoor Concert' was the perfect way to spend a summer evening!,positive
The 'Festival of Lights' was stunning; the decorations were absolutely beautiful!,positive
I really enjoyed the 'Open Air Cinema'; nothing beats watching movies outside!,positive
The 'Farmers Market' is my weekend ritual; I love supporting local farmers!,positive
The 'Magic Show' was mind-blowing; I couldn't figure out any of the tricks!,positive
The 'Dance Recital' was full of talent; I loved watching all the performances!,positive
The 'Camping Trip' was refreshing; I loved disconnecting and enjoying nature!,positive
The 'Sailing Regatta' was exciting; I loved watching the boats race!,positive
The 'Pet Adoption Event' was heartwarming; I met so many adorable animals!,positive
The 'Cultural Dance Festival' was vibrant and colorful; it was a feast for the eyes!,positive
The 'Local Brewery' has the best atmosphere; I love hanging out there with friends!,positive
The 'Beach Volleyball Tournament' was exhilarating; I had a great time playing!,positive
The 'Holiday Parade' was festive and fun; I loved seeing all the floats!,positive
The 'Book Launch Event' was inspiring; I loved hearing the author's journey!,positive
The 'Wellness Fair' was informative; I learned a ton about health and self-care!,positive
The 'Spooky Halloween Party' was a blast; I loved everyone's costumes!,positive
The 'Farm Festival' was so much fun; I enjoyed all the activities and fresh produce!,positive
The 'Culinary Tour' was delicious; I tasted the best local dishes!,positive
The 'Live DJ Night' was epic; the music had everyone dancing!,positive
The 'Street Art Festival' was colorful and creative; I loved seeing the murals!,positive
The 'Nature Walk' was peaceful; I loved reconnecting with the outdoors.,positive
The 'Film Premiere' was exciting; it was fun to see the stars walk the red carpet!,positive
The 'Art Installation' was thought-provoking; I loved the creativity behind it!,positive
The 'Live Sports Game' was thrilling; the energy in the stadium was electrifying!,positive
The 'Craft Workshop' was a blast; I left with some cool DIY projects!,positive
The 'Guitar Festival' was a treat for music lovers; I loved discovering new artists!,positive
The 'Local Theater' has such a cozy vibe; I love supporting community productions!,positive
The 'Food Pairing Dinner' was exquisite; the flavors were amazing!,positive
The 'Art Gallery Opening' was a great night; I loved mingling with other art lovers!,positive
Just attended the 'Outdoor Yoga Retreat'; it was so relaxing and rejuvenating!,positive
The 'Ballet Performance' was mesmerizing; I was captivated by the dancers!,positive
The 'Chocolate Festival' was a dream come true for a chocoholic like me!,positive
The 'Tech Expo' was fascinating; I loved seeing all the new innovations!,positive
The 'Surfing Competition' was thrilling; I loved watching the pros ride the waves!,positive
The 'Community BBQ' was a blast; I loved meeting new neighbors and enjoying great food!,positive
The 'Celtic Festival' was full of life; the music and dancing were contagious!,positive
The 'Gourmet Food Truck Night' was a foodie’s paradise; I tried so many delicious bites!,positive
The 'History Museum' was so informative; I learned a lot about local heritage!,positive
The 'Family Fun Day' had something for everyone; I loved the games and activities!,positive
The 'Outdoor Music Fest' was a fantastic experience; I loved the lineup!,positive
The 'Local Art Class' was inspiring; I can’t believe how much I learned!,positive
The 'Comedy Open Mic' was hilarious; I loved supporting local comedians!,positive
The 'Sunset Cruise' was breathtaking; watching the sun go down over the water was magical!,positive
The 'Charity Gala' was a beautiful night; I loved supporting a great cause while having fun!,positive
The 'Outdoor Film Festival' was a unique experience; I loved the atmosphere!,positive
The 'Pet Parade' was adorable; I loved seeing all the cute costumes!,positive
The 'Craft Beer Pairing Dinner' was delicious; each course was perfectly matched!,positive
The 'Seasonal Market' was charming; I loved picking up fresh produce and handmade goods!,positive
The 'Rock Climbing Gym' is awesome; it’s such a fun way to stay active!,positive
The 'Heritage Festival' was a celebration of culture; I loved every moment!,positive
The 'Outdoor Adventure Camp' was exhilarating; I can’t wait to go back next year!,positive
"I went to see 'The Latest Blockbuster' and it was okay; not my favorite, but not bad either.",neutral
The event at the XYZ Convention Center had a decent turnout; I guess people were interested.,neutral
"I attended the 'Annual Festival' and it was pretty standard; the food was alright, nothing special.",neutral
"The movie 'Just Another Comedy' had some laughs, but it felt a bit predictable overall.",neutral
"The 'Local Art Exhibit' was fine; I appreciated the effort, but some pieces didn’t resonate with me.",neutral
"The concert at the ABC Arena was decent; the band played well, but the setlist could have been better.",neutral
I checked out the 'Food Truck Gathering' and it was nice to see variety; I tried a couple of things.,neutral
"The 'Outdoor Movie Night' was fun enough; the film choice was okay, and the snacks were decent.",neutral
"The 'City Park Picnic' was pleasant; the weather was nice, and I enjoyed some time outdoors.",neutral
"Just saw 'The New Drama' and it was fine; the acting was solid, but the plot was a bit slow.",neutral
The 'Craft Fair' had some interesting items; I found a few things I liked but nothing I needed.,neutral
The 'Jazz Night' was enjoyable; the music was good but didn’t really stand out.,neutral
I visited 'The Cozy Cafe' and it was nice; I had a cup of coffee that was pretty average.,neutral
"The 'Film Festival' showcased a variety of films; some were great, while others weren’t my style.",neutral
"The 'Local Market' had a decent selection; I picked up a few items, but nothing too exciting.",neutral
The 'Art Gallery Opening' was fine; I met some interesting people but didn’t connect with all the art.,neutral
"The 'Rock Concert' had a good vibe; I enjoyed the atmosphere, even if the music wasn’t my favorite.",neutral
"I went to the 'Trivia Night' and it was okay; we had some fun, but the questions were hit or miss.",neutral
"The 'City Fair' was typical; the rides were fun enough, but the food was just average.",neutral
I attended 'The Community Play' and it was okay; some performances were better than others.,neutral
"The 'Outdoor Yoga Class' was nice; I felt relaxed, but the instructor could have been more engaging.",neutral
"The 'History Tour' provided some interesting facts; I learned a bit, but it felt a bit long.",neutral
"The 'Live Music Event' was decent; I liked some of the acts, but others weren’t really my taste.",neutral
I checked out the 'Book Fair' and it was fine; I found a couple of interesting reads.,neutral
The 'Food Festival' had a variety of options; I tried a few things that I liked but nothing blew me away.,neutral
"The 'Pet Adoption Event' was nice to see; there were a lot of pets, but I wasn’t ready to adopt.",neutral
"I visited 'The Botanical Gardens' and it was pleasant; the flowers were nice, but I expected more variety.",neutral
"The 'Outdoor Concert' was okay; the music was enjoyable, but the acoustics could have been better.",neutral
"The 'Science Fair' showcased some cool projects; I was impressed by a few, but others were just okay.",neutral
"The 'Local Brewery' had a decent selection; I tried a few beers that were fine, but nothing wowed me.",neutral
I went to 'The Seasonal Market' and it was alright; I picked up a few items but didn’t find anything special.,neutral
"The 'Live Podcast Event' was interesting; I enjoyed the discussion, but it felt a bit long at times.",neutral
"The 'Guitar Festival' had some nice performances; I liked a few songs, but it wasn’t all my style.",neutral
"The 'Charity Gala' was a nice evening; I appreciated the cause, but the event felt a bit formal for me.",neutral
"The 'Comedy Show' had its moments; there were some good jokes, but a few fell flat.",neutral
"I attended the 'Art Walk' and it was enjoyable; I liked seeing different styles, but some pieces were confusing.",neutral
"The 'Local Sports Game' was fun to watch; the team played well, but the crowd was a bit quiet.",neutral
"The 'Cultural Festival' had some interesting displays; I learned a bit, but some areas felt rushed.",neutral
"I saw 'The New Thriller' and it was okay; some parts were suspenseful, but I figured out the twist early.",neutral
"The 'Dance Recital' had some talented performers; I enjoyed it, but not all the routines were captivating.",neutral
"The 'Food Pairing Dinner' was nice; I enjoyed the flavors, but some pairings were a bit odd.",neutral
"The 'Outdoor Adventure Day' had some fun activities; I tried a few, but I couldn’t do them all.",neutral
"I visited 'The Science Museum' and it was decent; some exhibits were great, while others felt outdated.",neutral
"The 'Holiday Market' was festive enough; I found a couple of gifts, but it was pretty crowded.",neutral
"The 'Petting Zoo' was cute; I enjoyed seeing the animals, but it was smaller than I expected.",neutral
"I attended the 'Cooking Class' and it was useful; I learned a few tips, but it felt a bit rushed.",neutral
"The 'Film Screening' was interesting; I enjoyed the topic, but the pacing was slow at times.",neutral
"The 'Outdoor Festival' had a nice atmosphere; I enjoyed walking around, but it felt a bit disorganized.",neutral
"The 'Local Wildlife Tour' was informative; I saw some interesting animals, but it wasn’t very interactive.",neutral
"I went to the 'Rock Climbing Gym' and it was fun; I enjoyed the challenge, but it was quite busy.",neutral
"The 'Farmers Market' was nice; I picked up some fresh produce, but it wasn’t as big as I hoped.",neutral
"The 'Live Sports Event' was entertaining; I enjoyed the game, but the seating was a bit cramped.",neutral
The 'Street Food Fair' had a variety of options; I tried a few dishes that were decent but nothing memorable.,neutral
"The 'Nature Hike' was refreshing; I enjoyed the views, but the trail was a bit crowded.",neutral
"The 'Local Craft Fair' had some unique items; I found a few gifts, but it felt a bit repetitive.",neutral
"I attended the 'Open Mic Night' and it was okay; some performances were great, others not so much.",neutral
"The 'Brewery Tour' was informative; I learned a lot, but it felt a bit long.",neutral
"The 'Fashion Show' was interesting; I liked some outfits, but others were a bit out there.",neutral
"The 'Ice Skating Rink' was fun; I enjoyed skating, but it was pretty busy that day.",neutral
"The 'Cultural Exchange' event was decent; I learned a bit, but some discussions felt surface-level.",neutral
"The 'Wine Tasting' was enjoyable; I tried a few good wines, but nothing really stood out.",neutral
"The 'Festival of Lights' was pretty; I enjoyed the displays, but it didn’t feel very festive this year.",neutral
"The 'Pottery Class' was relaxing; I liked working with clay, but I didn’t make anything great.",neutral
"The 'Dance Workshop' was fun; I learned some new moves, but it was a bit chaotic at times.",neutral
The 'Outdoor Adventure Expo' had some interesting vendors; I picked up a few brochures but nothing major.,neutral
"The 'Historical Walking Tour' was okay; I learned a few things, but it felt a bit drawn out.",neutral
"The 'Film Premiere' was exciting; it was cool to see the stars, but the movie was just average.",neutral
"The 'Cooking Demo' was informative; I learned a few tips, but it felt a bit rushed.",neutral
"The 'Guitar Workshop' was decent; I picked up some tips, but it didn’t go as in-depth as I hoped.",neutral
"The 'Spooky Halloween Party' was fun; I enjoyed the decorations, but the activities were a bit limited.",neutral
"The 'Book Launch' was interesting; I liked hearing about the author’s journey, but the crowd was small.",neutral
"The 'Charity Run' was a good cause; I enjoyed participating, but the route could have been better marked.",neutral
"The 'Local Theater Performance' had its highs and lows; some actors were great, while others were just okay.",neutral
"The 'Science Expo' had some cool displays; I learned a bit, but some were a bit too technical.",neutral
"The 'Beach Clean-Up' was a worthwhile cause; I felt good participating, but it was a bit tiring.",neutral
"The 'Nature Walk' was nice; I enjoyed the fresh air, but it could have used more interesting stops.",neutral
"The 'Artisan Fair' had a mix of items; I found a few fun things, but nothing I really needed.",neutral
"The 'Culinary Festival' was okay; I tried a few dishes that were decent, but nothing wowed me.",neutral
"The 'Photography Exhibit' was interesting; I liked some pieces, but others didn’t resonate with me.",neutral
The 'Local Sports Game' was a decent way to spend an afternoon; the team played well enough.,neutral
"The 'Indoor Market' had a variety of goods; I found a few things, but it wasn’t anything special.",neutral
"The 'Spaghetti Dinner Fundraiser' was nice; I enjoyed the meal, but it felt a bit informal.",neutral
"The 'Outdoor Festival' had a good vibe; I enjoyed walking around, but it was pretty crowded.",neutral
"The 'Craft Workshop' was fun; I learned some new skills, but it felt a bit rushed.",neutral
"The 'Summer Fair' was okay; I enjoyed a few rides, but it didn’t feel very exciting overall.",neutral
"I went to the 'Live Music Night' and it was nice; the music was fine, but it didn’t blow me away.",neutral
"The 'Weekly Farmers Market' had some fresh produce; I picked up a few items, but it was pretty small.",neutral
"The 'Local Bookstore Event' was pleasant; I enjoyed browsing, but it felt a bit quiet.",neutral
"The 'Outdoor BBQ' was nice; I enjoyed the food, but the atmosphere was pretty laid-back.",neutral
"The 'Science Fair' had some interesting projects; I appreciated the effort, but some were a bit basic.",neutral
"The 'Trivia Contest' was decent; we had a good time, but the questions were a bit easy.",neutral
"The 'Pet Show' was cute; I enjoyed seeing the animals, but it wasn’t very organized.",neutral
"The 'Art Walk' was okay; I liked some exhibits, but others didn’t capture my interest.",neutral
"The 'Local Music Festival' was fun; I enjoyed a few acts, but the lineup was hit or miss.",neutral
"The 'Film Screening' was decent; I liked the topic, but the pacing was a bit slow.",neutral
"The 'Family Fun Day' was enjoyable; we had a nice time, but it felt a bit chaotic.",neutral
"The 'Street Market' had a variety of goods; I found a few things, but nothing I needed.",neutral
"The 'Outdoor Concert' was pleasant; the music was enjoyable, but it didn’t really stand out.",neutral
"The 'Ice Cream Social' was sweet; I enjoyed a few flavors, but it was pretty standard.",neutral
"The 'Petting Zoo' was nice; I enjoyed seeing the animals, but it was smaller than expected.",neutral
"The 'Craft Beer Night' was average; I tried a few beers, but none were memorable.",neutral
"The 'Cultural Festival' was interesting; I learned a bit, but it felt a bit disorganized.",neutral
"The 'Fitness Expo' had some good information; I picked up a few tips, but it was pretty crowded.",neutral
"The 'Local Theater' had a decent play; I enjoyed it, but it wasn’t my favorite production.",neutral
"The 'Comic Book Convention' was fun; I saw a lot of cool stuff, but it felt a bit overwhelming.",neutral
"The 'Food Tasting' was okay; I tried a few dishes, but nothing really stood out.",neutral
"The 'Community Festival' was pleasant; I enjoyed walking around, but it felt a bit repetitive.",neutral
"The 'Art Festival' had some nice displays; I appreciated the effort, but it was a bit crowded.",neutral
"The 'Live Sports Event' was entertaining; I enjoyed the game, but the seating was cramped.",neutral
"The 'Outdoor Adventure Day' was fun; I enjoyed a few activities, but it felt a bit unorganized.",neutral
"The 'Jazz Night' was relaxing; the music was good, but it didn’t leave a lasting impression.",neutral
"The 'Farmers Market' had a decent selection; I found a few things, but it wasn’t huge.",neutral
"The 'Book Fair' was enjoyable; I found a couple of interesting reads, but it felt a bit small.",neutral
"The 'Local Fair' was standard; I enjoyed a few rides, but it wasn’t very exciting.",neutral
"The 'Art Class' was okay; I learned a few things, but it felt a bit basic.",neutral
"The 'Street Food Festival' was alright; I tried a few dishes, but nothing wowed me.",neutral
"The 'Local Sports Game' was fine; I enjoyed watching, but it wasn’t very thrilling.",neutral
"The 'Community Garden' was nice; I appreciated the effort, but it could use more variety.",neutral
"The 'Outdoor Festival' was decent; I enjoyed a few performances, but the crowd was large.",neutral
"The 'Local Pottery Class' was enjoyable; I learned a bit, but it was a bit slow-paced.",neutral
"The 'Live Music Night' was okay; I liked a few acts, but it didn’t blow me away.",neutral
"The 'Cooking Class' was informative; I picked up a few tips, but it felt a bit rushed.",neutral
The 'Outdoor Adventure Expo' had some interesting vendors; I picked up a few brochures.,neutral
"The 'Culinary Workshop' was decent; I learned a few things, but it felt a bit basic.",neutral
"The 'Street Art Tour' was interesting; I enjoyed learning about the artists, but it felt a bit brief.",neutral
"The 'Film Festival' had a good variety; I enjoyed a few films, but others weren’t my style.",neutral
"The 'Ice Skating Rink' was fun; I enjoyed skating, but it was pretty crowded that day.",neutral
"The 'Craft Fair' was pleasant; I found a few items, but nothing too exciting.",neutral
"The 'Community BBQ' was enjoyable; I liked the food, but the atmosphere was pretty relaxed.",neutral
"The 'Pet Adoption Event' was nice to see; a lot of cute animals, but I wasn’t ready to adopt.",neutral
"The 'Cultural Dance Night' was fun; I enjoyed the performances, but some were a bit repetitive.",neutral
"The 'Outdoor Movie Night' was okay; I enjoyed the film, but the sound wasn’t great.",neutral
"The 'Book Launch Event' was interesting; I liked hearing the author’s story, but the crowd was small.",neutral
"The 'Trivia Night' was decent; we had a good time, but the questions were hit or miss.",neutral
"The 'Harvest Festival' was nice; I enjoyed the food, but it felt a bit small.",neutral
The 'Artisan Market' had a variety of goods; I found a few interesting items.,neutral
"The 'Film Screening' was fine; I liked the topic, but it felt a bit slow at times.",neutral
"The 'Community Theater' had a decent play; I enjoyed it, but it wasn’t my favorite.",neutral
"The 'Local Music Fest' was enjoyable; I liked some acts, but others weren’t really my style.",neutral
"The 'Street Fair' was okay; I found a couple of things, but it wasn’t very exciting.",neutral
"The 'Craft Beer Festival' was fine; I tried a few beers, but nothing really stood out.",neutral
"The 'Outdoor Adventure Day' was fun; I enjoyed a few activities, but it felt a bit chaotic.",neutral
"The 'Cultural Festival' was interesting; I learned a bit, but it felt a bit rushed.",neutral
"The 'Outdoor Concert' was okay; the music was nice, but it didn’t leave a lasting impression.",neutral
"The 'Book Fair' was fine; I found a few interesting reads, but it wasn’t huge.",neutral
"The 'Petting Zoo' was cute; I enjoyed seeing the animals, but it was smaller than expected.",neutral
"The 'Art Walk' was pleasant; I liked some exhibits, but others didn’t resonate with me.",neutral
"The 'Food Festival' had a decent selection; I tried a few dishes, but nothing wowed me.",neutral
"The 'Historical Walking Tour' was okay; I learned a few things, but it felt a bit long.",neutral
"The 'Nature Walk' was refreshing; I enjoyed the views, but it could have used more interesting stops.",neutral
"The 'Local Music Scene' is vibrant; I loved discovering new bands, but some didn’t appeal to me.",neutral
"The 'Comedy Open Mic' was hilarious; I enjoyed some acts, but others fell flat.",neutral
"The 'Ice Cream Social' was a sweet treat; I enjoyed a few flavors, but it was pretty standard.",neutral
"I just watched 'The Latest Action Flick' and honestly, it was a snooze; predictable and boring.",negative
The event at the XYZ Convention Center was poorly organized; I left feeling frustrated.,negative
"I attended the 'Annual Festival' and it was a letdown; the food was bland, and the activities were lame.",negative
The movie 'Just Another Comedy' tried too hard to be funny but fell flat; I barely laughed.,negative
"The 'Local Art Exhibit' was disappointing; I expected more creativity, but it felt dull.",negative
"The concert at the ABC Arena was a total miss; the sound quality was awful, and the band seemed off.",negative
I checked out the 'Food Truck Gathering' and it was underwhelming; the lines were long and the food was just okay.,negative
"The 'Outdoor Movie Night' was a bust; the film choice was terrible, and the seating was uncomfortable.",negative
"The 'City Park Picnic' was a disaster; it started raining, and the food got soaked.",negative
Just saw 'The New Drama' and it was painful to sit through; way too long and drawn out.,negative
"The 'Craft Fair' had a lot of junk; I was hoping for unique items, but it was mostly the same stuff.",negative
"The 'Jazz Night' was a disappointment; the musicians seemed off-key, and the vibe was just weird.",negative
I visited 'The Cozy Cafe' and it was a letdown; my coffee was lukewarm and tasted burnt.,negative
The 'Film Festival' had some really boring films; I ended up leaving early from a couple.,negative
The 'Local Market' was a bust; there was hardly anything worth buying.,negative
The 'Art Gallery Opening' was pretty lackluster; I expected more excitement but it felt flat.,negative
"The 'Rock Concert' was a letdown; the band played all the wrong songs, and the crowd was dead.",negative
I went to the 'Trivia Night' and it was just okay; the questions were too easy and not fun.,negative
"The 'City Fair' was disappointing; the rides were outdated, and the food was overpriced.",negative
I attended 'The Community Play' and it was cringeworthy; the acting was really bad.,negative
"The 'Outdoor Yoga Class' was chaotic; too many people, and I couldn’t even see the instructor.",negative
The 'History Tour' was boring; I found myself zoning out halfway through.,negative
"The 'Live Music Event' was a dud; the sound system was terrible, and the acts were forgettable.",negative
I checked out the 'Book Fair' and it was a waste of time; not enough good titles.,negative
"The 'Food Festival' was a major letdown; the portions were tiny, and the flavors were bland.",negative
The 'Pet Adoption Event' was overwhelming; too many people and not enough staff to help.,negative
I visited 'The Botanical Gardens' and it was underwhelming; not much was in bloom.,negative
"The 'Outdoor Concert' was a disappointment; the music was okay, but the crowd was rowdy.",negative
The 'Science Fair' had some boring projects; I was hoping for more excitement.,negative
"The 'Local Brewery' was a letdown; the beer was flat, and the service was slow.",negative
I went to 'The Seasonal Market' and it was disappointing; not enough vendors and variety.,negative
The 'Live Podcast Event' was a flop; it dragged on too long without anything interesting happening.,negative
The 'Guitar Festival' was a snooze; not enough energy from the performers.,negative
"The 'Charity Gala' felt too stiff; I expected a fun night, but it was awkward.",negative
"The 'Comedy Show' was a total miss; the jokes were stale, and I didn't laugh once.",negative
I attended the 'Art Walk' and it was boring; I didn’t connect with any of the pieces.,negative
"The 'Local Sports Game' wasn't exciting; the team played poorly, and the crowd was quiet.",negative
The 'Cultural Festival' felt disorganized; it was hard to find anything worth seeing.,negative
I saw 'The New Thriller' and it was predictable; I figured out the twist in the first 15 minutes.,negative
The 'Dance Recital' was long and dull; I lost interest after the first few performances.,negative
The 'Food Pairing Dinner' was a disappointment; some pairings were just weird and didn’t work.,negative
The 'Outdoor Adventure Day' was poorly planned; I ended up missing most of the activities.,negative
I visited 'The Science Museum' and it was boring; not enough hands-on exhibits.,negative
"The 'Holiday Market' was a letdown; not enough unique gifts, and it felt crowded.",negative
"The 'Petting Zoo' was sad; the animals didn’t look well cared for, and it was a bit dirty.",negative
I attended the 'Cooking Class' and it was a waste of money; the instructor didn’t know much.,negative
The 'Film Screening' was a drag; I didn’t enjoy the movie at all.,negative
The 'Outdoor Festival' felt chaotic; too many people and not enough space to enjoy anything.,negative
"The 'Local Wildlife Tour' was boring; I barely saw any animals, and the guide was dull.",negative
I went to the 'Rock Climbing Gym' and it was frustrating; too many people and not enough routes.,negative
The 'Farmers Market' was underwhelming; not much fresh produce available.,negative
The 'Live Sports Event' was a snooze; the game was one-sided and not fun to watch.,negative
The 'Street Food Fair' was disappointing; the food was overpriced and not tasty.,negative
"The 'Nature Hike' was a letdown; the trail was unkempt, and the views weren’t great.",negative
The 'Local Craft Fair' had some generic items; I expected unique crafts but was disappointed.,negative
"I attended the 'Open Mic Night' and it was a mixed bag; some acts were great, but others were painful to watch.",negative
"The 'Brewery Tour' was boring; I thought it would be fun, but it was just a long lecture.",negative
"The 'Fashion Show' was awkward; the outfits were hit or miss, and the whole thing felt cringy.",negative
The 'Ice Skating Rink' was crowded; I couldn’t enjoy skating with so many people around.,negative
The 'Cultural Exchange' event was dull; the discussions felt surface-level and uninteresting.,negative
The 'Wine Tasting' was overrated; the selections were mediocre at best.,negative
"The 'Festival of Lights' was pretty, but it felt like it lacked heart; not enough decorations.",negative
"The 'Pottery Class' was frustrating; I couldn’t get the hang of it, and the instructor was unhelpful.",negative
The 'Dance Workshop' was chaotic; too many people and not enough direction.,negative
The 'Outdoor Adventure Expo' felt disorganized; I didn’t know where to go or what to see.,negative
"The 'Historical Walking Tour' was boring; the guide was too dry, and I lost interest quickly.",negative
"The 'Film Premiere' was a letdown; the movie didn’t live up to the hype, and the event felt rushed.",negative
"The 'Cooking Demo' was okay; I learned a bit, but the presenter was hard to follow.",negative
"The 'Guitar Workshop' was unhelpful; I didn’t learn anything new, and it felt too basic.",negative
"The 'Spooky Halloween Party' was a flop; not enough fun activities, and the decorations were cheap.",negative
"The 'Book Launch' was okay; I expected more excitement, but it felt dull.",negative
The 'Trivia Night' was underwhelming; the questions were boring and not engaging.,negative
The 'Harvest Festival' was disappointing; not enough variety and the food was mediocre.,negative
The 'Pet Show' was chaotic; too many pets and not enough organization.,negative
"The 'Artisan Market' had a few interesting items, but overall it felt lackluster.",negative
The 'Film Screening' was a miss; I didn’t connect with the story at all.,negative
"The 'Community Theater' had a mediocre performance; some actors were great, but others were not.",negative
The 'Local Music Fest' was boring; the lineup was weak and didn’t keep me entertained.,negative
The 'Street Fair' was chaotic; it was hard to navigate and not much fun.,negative
The 'Craft Beer Festival' was disappointing; the beers were flat and not memorable.,negative
The 'Outdoor Adventure Day' was a disaster; too few activities and poor planning.,negative
The 'Cultural Festival' was a letdown; I expected more engagement but it felt rushed.,negative
"The 'Outdoor Concert' was a miss; the sound was terrible, and the vibe was off.",negative
The 'Book Fair' was disappointing; not enough good books or authors present.,negative
The 'Petting Zoo' was sad; the animals looked unhappy and it wasn’t well maintained.,negative
The 'Craft Beer Night' was lackluster; the selection was limited and underwhelming.,negative
The 'Cultural Festival' felt disorganized; it was hard to find anything interesting.,negative
The 'Fitness Expo' was overcrowded; I couldn’t enjoy anything with all the people around.,negative
The 'Local Theater' had a mediocre play; I didn’t feel connected to the story.,negative
The 'Comic Book Convention' was overwhelming; I didn’t know where to start and it felt chaotic.,negative
The 'Food Tasting' was just okay; nothing really stood out and felt repetitive.,negative
The 'Community Festival' was underwhelming; it felt too small and not engaging.,negative
"The 'Art Festival' had some decent pieces, but overall it felt lackluster.",negative
The 'Live Sports Event' was boring; the game was not exciting at all.,negative
The 'Indoor Market' was disappointing; not enough interesting items to browse.,negative
The 'Spaghetti Dinner Fundraiser' was bland; the food didn’t taste fresh at all.,negative
The 'Outdoor Festival' felt chaotic; too many people and not enough organization.,negative
The 'Local Brewery' was a letdown; the beer selection was limited and not impressive.,negative
"The 'Music Festival' was a flop; the acts didn’t appeal to me, and I left early.",negative
The 'Art Walk' was boring; I didn’t connect with any of the art on display.,negative
The 'Food Festival' was a disappointment; the options were limited and didn’t taste great.,negative
The 'Dance Recital' was long and tedious; I lost interest halfway through.,negative
The 'Historical Walking Tour' was dry; the guide didn’t engage the group at all.,negative
"The 'Nature Walk' was underwhelming; not much to see, and the path was overgrown.",negative
The 'Local Craft Fair' had a lot of generic stuff; I expected more unique finds.,negative
"The 'Open Mic Night' was hit or miss; I enjoyed some acts, but others were painful.",negative
The 'Brewery Tour' was a drag; way too much talking and not enough tasting.,negative
The 'Fashion Show' was awkward; the models seemed uncomfortable and the outfits were odd.,negative
The 'Ice Skating Rink' was crowded and chaotic; not a relaxing experience at all.,negative
The 'Cultural Exchange' event was dull; I expected more engaging discussions.,negative
The 'Wine Tasting' was overrated; I didn’t enjoy most of the selections.,negative
The 'Festival of Lights' was pretty but lacked creativity; not much variety in displays.,negative
The 'Pottery Class' was frustrating; I didn’t get much help and left feeling discouraged.,negative
The 'Dance Workshop' was too chaotic; I couldn’t follow along with the instructor.,negative
The 'Outdoor Adventure Expo' felt disorganized; I didn’t know what was happening half the time.,negative
The 'Historical Walking Tour' was boring; I didn’t retain anything from the guide's talk.,negative
The 'Film Premiere' was disappointing; the movie didn’t live up to the hype and felt rushed.,negative
"The 'Cooking Demo' was okay; I learned a bit, but it was hard to see what was happening.",negative
The 'Guitar Workshop' was unhelpful; I didn’t learn anything new at all.,negative
"The 'Spooky Halloween Party' had a few fun decorations, but overall it felt lackluster.",negative
The 'Book Launch' was dull; I expected more excitement from the author’s talk.,negative
The 'Trivia Night' was frustrating; the questions were too easy and not engaging.,negative
"I recently visited the new Apple Store in downtown LA and was impressed by the sleek design. The staff was friendly and helpful, answering all my questions about the latest iPhone models.",neutral
"I watched the new Marvel movie, Avengers: Endgame, and it was a thrilling ride. The special effects were mind-blowing and the plot was engaging.",neutral
"I attended the Coachella music festival and had an amazing time. The lineup was incredible, with performances by Ariana Grande and Billie Eilish.",neutral
"I tried the new menu at The Cheesecake Factory and was blown away by the variety of options. The service was slow, but the food was worth the wait.",neutral
"I visited the local spa, Serenity Now, and enjoyed a relaxing massage. The ambiance was calming and the therapist was skilled.",neutral
"I bought a new toy for my kid, a Lego set, and they loved it. The instructions were clear and the pieces were high-quality.",neutral
"I went to the new restaurant in town, Bistro Bliss, and was impressed by the creative menu. The service was friendly and attentive.",neutral
"I visited the local event, the Farmers' Market, and enjoyed the fresh produce and artisanal goods. The atmosphere was lively and fun.",neutral
I tried the new ad campaign for Nike and was impressed by the inspiring messages. The visuals were stunning and the music was catchy.,neutral
"I visited the new venue, The Ritz, and was blown away by the stunning architecture. The acoustics were perfect for the live music performance.",neutral
"I bought a new brand, Patagonia, and was impressed by the high-quality materials and sustainable practices. The fit was comfortable and the style was on-trend.",neutral
I attended the general meeting at work and was impressed by the engaging presentation. The speaker was knowledgeable and the Q&A session was informative.,neutral
"I recently purchased a new product, the Samsung Galaxy S22, and was impressed by the advanced features. The camera was excellent and the battery life was impressive.",neutral
"I watched the new movie, Star Wars: The Rise of Skywalker, and was entertained by the action-packed plot. The special effects were impressive and the characters were well-developed.",neutral
"I attended the new event, the Food Truck Festival, and had a great time. The variety of food options was amazing and the atmosphere was lively.",neutral
"I visited the local store, Target, and was impressed by the wide selection of products. The staff was friendly and helpful, answering all my questions.",neutral
"I tried the new restaurant, The Habit Burger Grill, and was impressed by the flavorful menu. The service was quick and the prices were reasonable.",neutral
"I visited the new spa, The Spa at The Ritz, and enjoyed a relaxing day of pampering. The facilities were luxurious and the staff was attentive.",neutral
"I bought a new toy, the Barbie Dreamhouse, and my kid loved it. The playset was large and the accessories were high-quality.",neutral
"I attended the new concert, The Rolling Stones, and was blown away by the energetic performance. The sound quality was excellent and the stage presence was impressive.",neutral
"I visited the local venue, The Hollywood Bowl, and was impressed by the stunning architecture. The acoustics were perfect for the live music performance.",neutral
I tried the new ad campaign for Coca-Cola and was impressed by the catchy jingle. The visuals were colorful and the message was uplifting.,neutral
"I visited the new restaurant, The Cheesecake Factory, and was impressed by the creative menu. The service was friendly and attentive.",neutral
"I attended the new event, The Grammy Awards, and was impressed by the talented performances. The production values were high and the atmosphere was electric.",neutral
"I visited the local store, Best Buy, and was impressed by the wide selection of electronics. The staff was knowledgeable and helpful, answering all my questions.",neutral
"I tried the new product, the Instant Pot, and was impressed by the ease of use. The recipes were diverse and the results were delicious.",neutral
"I visited the new spa, The Spa at The Four Seasons, and enjoyed a relaxing day of pampering. The facilities were luxurious and the staff was attentive.",neutral
"I bought a new brand, Levi's, and was impressed by the high-quality denim. The fit was comfortable and the style was on-trend.",neutral
I attended the new general meeting at work and was impressed by the engaging presentation. The speaker was knowledgeable and the Q&A session was informative.,neutral
"I visited the local event, The Farmers' Market, and enjoyed the fresh produce and artisanal goods. The atmosphere was lively and fun.",neutral
I tried the new ad campaign for Apple and was impressed by the inspiring messages. The visuals were stunning and the music was catchy.,neutral
"I visited the new venue, The Staples Center, and was blown away by the stunning architecture. The acoustics were perfect for the live music performance.",neutral
"I bought a new toy, the Lego Creator, and my kid loved it. The instructions were clear and the pieces were high-quality.",neutral
"I attended the new concert, The Taylor Swift, and was impressed by the energetic performance. The sound quality was excellent and the stage presence was impressive.",neutral
"I visited the local store, The Gap, and was impressed by the wide selection of clothing. The staff was friendly and helpful, answering all my questions.",neutral
"I tried the new product, the Amazon Echo, and was impressed by the ease of use. The voice assistant was helpful and the integration with other devices was seamless.",neutral
"I bought a new brand, Nike, and was impressed by the high-quality athletic wear. The fit was comfortable and the style was on-trend.",neutral
"I visited the local event, The Food Truck Festival, and had a great time. The variety of food options was amazing and the atmosphere was lively.",neutral
I tried the new ad campaign for McDonald's and was impressed by the catchy jingle. The visuals were colorful and the message was uplifting.,neutral
I'm so disappointed with the new iPhone 13. The camera is terrible and the battery life is awful. I'm sticking with my old phone.,negative
The new Marvel movie was a total waste of time. The plot was confusing and the acting was subpar. I won't be watching any more Marvel movies.,negative
I went to the concert last night and it was a disaster. The sound system was terrible and the lead singer was off-key. I left after one song.,negative
I tried the new restaurant downtown and it was a total letdown. The food was overpriced and the service was slow. I won't be back.,negative
I bought a new toy for my kid and it's already broken. The quality is terrible and the customer service is non-existent. I'm so frustrated.,negative
I went to the spa yesterday and it was a complete waste of money. The massage was awkward and the facilities were dirty. I won't be going back.,negative
I tried to order from the new store online and it was a nightmare. The website was slow and the customer service was unhelpful. I'll never shop there again.,negative
I'm so disappointed with the new brand of coffee I tried. The taste is terrible and the packaging is cheap. I'll stick with my old brand.,negative
I went to the event last night and it was a total bust. The speakers were boring and the food was terrible. I left after an hour.,negative
I bought a new ad on Facebook and it didn't work at all. The targeting was off and the ad was irrelevant. I wasted my money.,negative
I took my kid to the children's museum yesterday and it was a disaster. The exhibits were broken and the staff was unfriendly. I won't be going back.,negative
I tried the new restaurant delivery service and it was a total failure. The food was cold and the delivery was late. I'll never use them again.,negative
I went to the comedy club last night and it was a total letdown. The comedian was unfunny and the atmosphere was awkward. I left after one joke.,negative
I bought a new book and it was a total waste of money. The writing was terrible and the plot was boring. I'll never read another book by this author.,negative
I went to the art museum yesterday and it was a complete waste of time. The exhibits were boring and the staff was unfriendly. I won't be going back.,negative
I tried the new gym and it was a total disappointment. The equipment was old and the staff was unhelpful. I won't be going back.,negative
I bought a new pair of shoes and they're already falling apart. The quality is terrible and the customer service is non-existent. I'm so frustrated.,negative
I went to the amusement park yesterday and it was a total disaster. The rides were broken and the staff was unfriendly. I left after one hour.,negative
I tried the new restaurant in town and it was a total letdown. The food was overpriced and the service was slow. I won't be back.,negative
I bought a new toy for my pet and it's already broken. The quality is terrible and the customer service is non-existent. I'm so frustrated.,negative
I went to the concert last night and it was a total waste of time. The music was terrible and the crowd was rowdy. I left after one song.,negative
I tried the new brand of makeup I saw on Instagram and it's terrible. The quality is cheap and the packaging is flimsy. I'll never buy from them again.,negative
I bought a new ad on Instagram and it didn't work at all. The targeting was off and the ad was irrelevant. I wasted my money.,negative
I took my kid to the children's birthday party yesterday and it was a disaster. The party was disorganized and the cake was terrible. I won't be going back.,negative
I tried the new brand of coffee I saw on Instagram and it's terrible. The taste is awful and the packaging is cheap. I'll never buy from them again.,negative
I'm obsessed with the new iPhone 13 Pro - the camera is insane! I took the most stunning sunset pics at the beach last weekend. Apple really knows how to make a phone,positive
Just watched the new Marvel movie and I'm still reeling from the epic battle scenes! The special effects were mind-blowing. Can't wait for the next installment,positive
The new Harry Styles album is a masterpiece! His voice is so smooth and soulful. I've been listening to it nonstop,positive
The food at this new vegan restaurant is incredible! The vegan 'cheese' pizza is a game-changer. Highly recommend,positive
I just got back from the most amazing yoga retreat in Bali - the views were breathtaking! The instructors were so knowledgeable and supportive. I feel so refreshed and rejuvenated,positive
I'm totally hooked on this new TV show - the characters are so well-developed and relatable. The plot twists are keeping me on the edge of my seat,positive
The new Nike sneakers are so comfy and stylish! I've been wearing them nonstop. Perfect for a casual day out,positive
I just got the most amazing massage at this new spa - the therapist was so skilled and gentle. I felt like I was floating on air,positive
The new video game is so addictive! The graphics are insane and the storyline is so engaging. I've been playing for hours,positive
I just discovered this amazing new brand of skincare products - my skin has never looked better! The products are so gentle and effective,positive
The new concert venue in town is amazing! The acoustics are incredible and the staff is so friendly. Can't wait to go back,positive
I just got the most adorable new toy for my cat - it's a little robot that plays fetch! My cat is obsessed,positive
The new coffee shop in town has the best coffee I've ever had - the baristas are so knowledgeable and friendly. Perfect spot to work or relax,positive
I just got the most amazing new book - the writing is so engaging and the characters are so well-developed. Can't put it down,positive
The new event space is perfect for parties - the decor is so stylish and the staff is so helpful. Highly recommend,positive
I just got the most amazing new pair of sunglasses - they're so stylish and comfortable. Perfect for a day out,positive
The new restaurant in town has the best brunch I've ever had - the food is so delicious and the service is so friendly. Highly recommend,positive
I just got the most amazing new phone case - it's so stylish and protective. Perfect for a busy day,positive
The new movie theater has the best popcorn I've ever had - the flavors are so unique and delicious. Perfect spot for a night out,positive
I just got the most amazing new pair of shoes - they're so comfortable and stylish. Perfect for a night out,positive
The new store in town has the best selection of vintage clothing - the prices are so reasonable and the staff is so knowledgeable. Highly recommend,positive
I just got the most amazing new gift for my friend - it's a personalized photo album. They're going to love it,positive
The new ad campaign for this brand is so clever and catchy - I love the humor and creativity. Well done,positive
I just got the most amazing new experience gift for my partner - it's a hot air balloon ride. They're going to love it,positive
The new event I attended was so much fun - the music was so great and the people were so friendly. Highly recommend,positive
I just got the most amazing new book on self-care - the advice is so practical and helpful. Highly recommend,positive
The new restaurant in town has the best happy hour I've ever had - the drinks are so cheap and the food is so delicious. Highly recommend,positive
I just got the most amazing new pair of headphones - they're so comfortable and sound so good. Perfect for a long flight,positive
The new movie I watched was so inspiring - the story is so powerful and the acting is so great. Highly recommend,positive
I just got the most amazing new experience gift for my family - it's a cooking class. We're going to love it,positive
The new store in town has the best selection of artisanal cheeses - the prices are so reasonable and the staff is so knowledgeable. Highly recommend,positive
I just got the most amazing new gift for my mom - it's a personalized piece of jewelry. She's going to love it,positive
The new ad campaign for this brand is so creative and engaging - I love the humor and the visuals. Well done,positive
I just got the most amazing new experience gift for my partner - it's a wine tasting. They're going to love it,positive
I just got the most amazing new book on mindfulness - the advice is so practical and helpful. Highly recommend,positive
The new restaurant in town has the best breakfast I've ever had - the food is so delicious and the service is so friendly. Highly recommend,positive
The new movie I watched was so funny - the humor is so clever and the acting is so great. Highly recommend,positive
I just got the most amazing new experience gift for my family - it's a painting class. We're going to love it,positive
The new store in town has the best selection of handmade soaps - the prices are so reasonable and the staff is so knowledgeable. Highly recommend,positive
I just got the most amazing new gift for my friend - it's a personalized mug. They're going to love it,positive
The new ad campaign for this brand is so clever and catchy - I love the humor and the visuals. Well done,positive
I just got the most amazing new experience gift for my partner - it's a photography class. They're going to love it,positive
The new restaurant in town has the best lunch I've ever had - the food is so delicious and the service is so friendly. Highly recommend,positive
I just got the most amazing new experience gift for my family - it's a pottery class. We're going to love it,positive
The new store in town has the best selection of artisanal teas - the prices are so reasonable and the staff is so knowledgeable. Highly recommend,positive
The new restaurant in town has the best dinner I've ever had - the food is so delicious and the service is so friendly. Highly recommend,positive
The new store in town has the best selection of handmade candles - the prices are so reasonable and the staff is so knowledgeable. Highly recommend,positive
I can't believe I spent money on this piece of junk toy. It broke after just a few minutes of play.,negative
"The restaurant we went to last night was a disaster. The service was slow, the food was cold, and the prices were outrageous.",negative
"I'm so annoyed with this brand. They promised to fix the issue with my product, but it's still not working.",negative
I'm never going to see that movie again. It was a waste of time and money.,negative
The store's return policy is ridiculous. I tried to return a defective item and they wouldn't take it back.,negative
I'm so angry that I missed the event because of the traffic. I had been looking forward to it for weeks.,negative
The spa treatment was a disappointment. I paid for a relaxing massage and ended up with more pain than when I started.,negative
I'm disappointed with the product. It doesn't work as well as it claimed to.,negative
"The venue was a mess. There were long lines, and the staff was unhelpful.",negative
I'm frustrated with the ad. It's misleading and doesn't accurately represent the product.,negative
I'm upset with the movie. The plot was predictable and the acting was subpar.,negative
The product is a scam. I fell for their promises and ended up with a useless piece of junk.,negative
"I'm annoyed with the service. It's slow and inefficient, and the staff is unhelpful.",negative
I'm disappointed with the restaurant. The food is overpriced and the portions are small.,negative
"The event was a disaster. The organizers didn't plan well, and the whole thing was a mess.",negative
I'm angry with the spa. They overcharged me for a service that was subpar.,negative
I'm frustrated with the store. They have a limited selection and the prices are too high.,negative
I'm disappointed with the toy. It's cheaply made and broke easily.,negative
The brand's customer service is terrible. They don't respond to inquiries and don't follow through on their promises.,negative
I'm annoyed with the venue. It's dirty and poorly maintained.,negative
I'm disappointed with the ad. It's deceptive and doesn't accurately represent the product.,negative
I'm angry with the product. It's defective and doesn't work as advertised.,negative
I'm frustrated with the service. It's unreliable and the staff is unprofessional.,negative
I'm disappointed with the restaurant. The quality of the food has gone downhill.,negative
The event was a waste of time. It was poorly organized and not worth the price of admission.,negative
I'm angry with the spa. They didn't provide the service I paid for and refused to refund my money.,negative
I'm frustrated with the store. They have a poor return policy and make it difficult to get a refund.,negative
I'm disappointed with the toy. It's not as fun as it looked in the commercials.,negative
The brand's marketing is misleading. They make false promises and don't deliver on their claims.,negative
"I'm annoyed with the venue. It's noisy and chaotic, and it's hard to enjoy the event.",negative
I'm disappointed with the ad. It's overhyped and doesn't live up to the expectations it sets.,negative
I'm angry with the product. It's poorly designed and doesn't meet my needs.,negative
"I'm frustrated with the service. It's slow and inefficient, and the staff is unresponsive.",negative
I'm disappointed with the restaurant. The atmosphere is uninviting and the service is slow.,negative
The event was a disappointment. The speakers were boring and the content was uninteresting.,negative
I'm angry with the spa. They didn't provide the level of service I expected and didn't address my concerns.,negative
I'm frustrated with the store. They have limited availability and the prices are too high.,negative
I'm disappointed with the toy. It's not as durable as it should be and broke easily.,negative
The brand's business practices are unethical. They take advantage of their customers and don't prioritize their needs.,negative
"I'm annoyed with the venue. It's overcrowded and uncomfortable, and the staff is unhelpful.",negative
I'm disappointed with the ad. It's exaggerated and doesn't accurately reflect the product's capabilities.,negative
I'm angry with the product. It's faulty and doesn't work as intended.,negative
"I'm frustrated with the service. It's unreliable and the staff is unresponsive, making it difficult to get the help I need.",negative
"I'm disappointed with the restaurant. The food is bland and unimaginative, and the portions are small.",negative
"The event was a disaster. The organizers didn't plan well, and the whole thing was a mess, wasting my time and money.",negative
I'm angry with the spa. They overcharged me for services that didn't meet my expectations.,negative
"I'm frustrated with the store. They have limited availability and poor customer service, making it difficult to make purchases.",negative
"I'm disappointed with the toy. It's not as fun as it looked in the commercials, and it doesn't provide the entertainment value I expected.",negative
"The brand's marketing is deceptive. They make false promises and don't deliver on their claims, leaving customers feeling disappointed and frustrated.",negative
"I'm annoyed with the venue. It's poorly managed and the facilities are in disrepair, making for an unpleasant experience.",negative
"I'm disappointed with the ad. It's overhyped and doesn't deliver on the promises it makes, leading to unmet expectations.",negative
"I'm angry with the product. It's poorly designed and doesn't meet my needs, wasting my time and money.",negative
"I'm frustrated with the service. It's unreliable and the staff is unresponsive, making it difficult to get the help I need and wasting my time.",negative
"I'm disappointed with the restaurant. The food is subpar and the service is slow, making for an unsatisfying experience.",negative
"The event was a disappointment. The speakers were unengaging and the content was uninteresting, wasting my time and money.",negative
"I'm angry with the spa. They didn't provide the level of service I expected and didn't address my concerns, wasting my time and money.",negative
"I'm frustrated with the store. They have limited availability and poor customer service, making it difficult to make purchases and wasting my time.",negative
"I'm disappointed with the toy. It's not as durable as it should be and broke easily, wasting my money.",negative
"The brand's business practices are unethical. They take advantage of their customers and don't prioritize their needs, wasting their time and money.",negative
"I'm annoyed with the venue. It's overcrowded and uncomfortable, and the staff is unhelpful, wasting my time and money.",negative
"I'm disappointed with the ad. It's exaggerated and doesn't accurately reflect the product's capabilities, leading to unmet expectations and wasted money.",negative
"I'm angry with the product. It's faulty and doesn't work as intended, wasting my time and money.",negative
"I'm frustrated with the service. It's unreliable and the staff is unresponsive, making it difficult to get the help I need and wasting my time and money.",negative
"I'm disappointed with the restaurant. The food is bland and unimaginative, and the portions are small, wasting my money.",negative
I can't believe how much money I wasted on this piece of junk product. It broke after just a few uses!,negative
The movie I watched last night was a total disaster. The plot was all over the place and the acting was terrible.,negative
"I'm so annoyed with this event. They promised a great experience, but it was a complete letdown.",negative
"The venue for the event was a mess. It was dirty, crowded, and the staff was unhelpful.",negative
I'm disappointed with this ad. It made false promises and didn't deliver on what it claimed.,negative
I can't believe how cheaply made this toy is. It broke within minutes of playing with it.,negative
"The restaurant I went to was a complete disaster. The food was cold, the service was slow, and the prices were too high.",negative
"I'm so angry with this spa. I paid for a relaxing massage, but instead, I got a painful and uncomfortable experience.",negative
"I'm frustrated with this store. They have a limited selection, and the prices are too high.",negative
"I'm disappointed with this brand. They promised high-quality products, but what I received was subpar.",negative
I'm annoyed with this general experience. It was a complete waste of time and money.,negative
I can't believe how terrible this product is. It doesn't work as advertised and is a complete waste of money.,negative
"I'm so disappointed with this movie. It had so much potential, but it was a complete letdown.",negative
"I'm frustrated with this event. The organizers didn't plan well, and it was a chaotic and disorganized experience.",negative
"The venue for this event was a complete disaster. It was hot, crowded, and the sound system was terrible.",negative
I'm angry with this ad. It's misleading and doesn't accurately represent the product.,negative
I'm disappointed with this toy. It's not as fun as it looked in the commercials and is a complete waste of money.,negative
"The restaurant I went to was a complete disaster. The food was bland, the service was slow, and the prices were too high.",negative
"I'm so angry with this spa. I paid for a relaxing experience, but instead, I got a stressful and uncomfortable one.",negative
"I'm frustrated with this store. They have a poor return policy, and the customer service is terrible.",negative
"I'm disappointed with this brand. They promised high-quality products, but what I received was subpar and a waste of money.",negative
I can't believe how terrible this product is. It's poorly designed and doesn't meet my needs.,negative
I'm so disappointed with this movie. It was a complete waste of time and money.,negative
"The venue for this event was a complete disaster. It was hot, crowded, and the sound system was terrible, making it difficult to enjoy the event.",negative
"I'm angry with this ad. It's misleading and doesn't accurately represent the product, wasting my time and money.",negative
"I'm disappointed with this toy. It's not as fun as it looked in the commercials, and it doesn't work as advertised, wasting my money.",negative
"The restaurant I went to was a complete disaster. The food was bland, the service was slow, and the prices were too high, wasting my time and money.",negative
"I'm so angry with this spa. I paid for a relaxing experience, but instead, I got a stressful and uncomfortable one, wasting my time and money.",negative
"I'm frustrated with this store. They have a poor return policy, and the customer service is terrible, wasting my time and money.",negative
"I'm disappointed with this brand. They promised high-quality products, but what I received was subpar, and it's a waste of money.",negative
"I'm annoyed with this general experience. It was a complete waste of time and money, and I regret spending my money on it.",negative
"I can't believe how terrible this product is. It's poorly designed, doesn't meet my needs, and is a complete waste of money.",negative
"I'm so disappointed with this movie. It had so much potential, but it was a complete letdown, wasting my time and money.",negative
"I'm frustrated with this event. The organizers didn't plan well, and it was a chaotic and disorganized experience, wasting my time and money.",negative
"The venue for this event was a complete disaster. It was hot, crowded, and the sound system was terrible, making it difficult to enjoy the event, wasting my time and money.",negative
"I'm angry with this ad. It's misleading and doesn't accurately represent the product, wasting my time and money, and I regret spending my money on it.",negative
"I'm disappointed with this toy. It's not as fun as it looked in the commercials, and it doesn't work as advertised, wasting my money, and I regret spending my money on it.",negative
"The restaurant I went to was a complete disaster. The food was bland, the service was slow, and the prices were too high, wasting my time and money, and I regret spending my money on it.",negative
"I'm so angry with this spa. I paid for a relaxing experience, but instead, I got a stressful and uncomfortable one, wasting my time and money, and I regret spending my money on it.",negative
"I'm frustrated with this store. They have a poor return policy, and the customer service is terrible, wasting my time and money, and I regret spending my money on it.",negative
"I'm disappointed with this brand. They promised high-quality products, but what I received was subpar, and it's a waste of money, and I regret spending my money on it.",negative
"I can't believe how terrible this product is. It's poorly designed, doesn't meet my needs, and is a complete waste of money, and I regret spending my money on it.",negative
"I'm so disappointed with this movie. It had so much potential, but it was a complete letdown, wasting my time and money, and I regret spending my money on it.",negative
"I'm frustrated with this event. The organizers didn't plan well, and it was a chaotic and disorganized experience, wasting my time and money, and I regret spending my money on it.",negative
"The venue for this event was a complete disaster. It was hot, crowded, and the sound system was terrible, making it difficult to enjoy the event, wasting my time and money, and I regret spending my money on it.",negative
I am so happy with this product! It works exactly as advertised and has made my life so much easier.,positive
The movie I watched last night was amazing! The storyline was captivating and the acting was top-notch.,positive
I had a fantastic time at this event. It exceeded all of my expectations and was well worth the price of admission.,positive
"The venue for the event was beautiful and spacious. The staff was friendly and helpful, making the experience even more enjoyable.",positive
"This ad is fantastic! It's engaging, informative, and accurately represents the product.",positive
"I am in love with this toy! It's fun, engaging, and provides hours of entertainment.",positive
"The restaurant I went to was incredible! The food was delicious, the service was excellent, and the ambiance was perfect.",positive
"I had the most relaxing spa day today. The massages were amazing, and the facilities were clean and luxurious.",positive
"I am so impressed with this store! The selection is vast, and the prices are reasonable.",positive
This brand is amazing! They consistently deliver high-quality products that are both functional and stylish.,positive
"I had a wonderful experience today. Everything went smoothly, and I am very satisfied with the outcome.",positive
"I am so happy with this purchase! It was a great decision, and I don't regret it at all.",positive
"This movie is a must-watch! It's entertaining, engaging, and leaves you feeling fulfilled.",positive
"I had a great time at this event. It was well-organized, and I enjoyed every moment of it.",positive
The venue for this event was stunning. It was the perfect setting for a memorable experience.,positive
"This ad is brilliant! It's eye-catching, memorable, and effectively communicates the product's value proposition.",positive
"I am in love with this toy! It's well-made, fun to play with, and provides hours of entertainment.",positive
"The restaurant I went to was exceptional! The food was delicious, and the service was impeccable.",positive
"I had the most relaxing spa day today. The massages were rejuvenating, and the facilities were top-notch.",positive
"I am blown away by this store! The selection is vast, and the prices are unbeatable.",positive
This brand is fantastic! They consistently deliver high-quality products that are both functional and stylish.,positive
"I am so happy with this purchase! It was a great decision, and I don't regret it at all. It's exactly what I needed and more.",positive
"This movie is a masterpiece! It's engaging, thought-provoking, and leaves you feeling inspired.",positive
"I had a fantastic time at this event. It was well-organized, and I enjoyed every moment of it. The speakers were knowledgeable and insightful.",positive
"The venue for this event was stunning. It was the perfect setting for a memorable experience, and the staff was friendly and helpful.",positive
"This ad is brilliant! It's eye-catching, memorable, and effectively communicates the product's value proposition. It's well-designed and effectively conveys the product's benefits.",positive
"I am in love with this toy! It's well-made, fun to play with, and provides hours of entertainment. It's a great addition to my collection.",positive
"The restaurant I went to was exceptional! The food was delicious, and the service was impeccable. The ambiance was perfect, and I would definitely go back again.",positive
"I had the most relaxing spa day today. The massages were rejuvenating, and the facilities were top-notch. It was a great way to unwind and de-stress.",positive
"I am blown away by this store! The selection is vast, and the prices are unbeatable. I found exactly what I was looking for and more.",positive
This brand is fantastic! They consistently deliver high-quality products that are both functional and stylish. I am a loyal customer and will continue to support them.,positive
"I had a wonderful experience today. Everything went smoothly, and I am very satisfied with the outcome. The process was easy and straightforward, and the results exceeded my expectations.",positive
"I am so happy with this purchase! It was a great decision, and I don't regret it at all. It's exactly what I needed and more. It's a game-changer and has made my life so much easier.",positive
"This movie is a masterpiece! It's engaging, thought-provoking, and leaves you feeling inspired. It's a must-watch for anyone who loves great storytelling and cinematography.",positive
"I had a fantastic time at this event. It was well-organized, and I enjoyed every moment of it. The speakers were knowledgeable and insightful, and I learned a lot from them.",positive
"The venue for this event was stunning. It was the perfect setting for a memorable experience, and the staff was friendly and helpful. The facilities were clean and well-maintained, making the experience even more enjoyable.",positive
"This ad is brilliant! It's eye-catching, memorable, and effectively communicates the product's value proposition. It's well-designed and effectively conveys the product's benefits, making it a standout in a crowded market.",positive
"I am in love with this toy! It's well-made, fun to play with, and provides hours of entertainment. It's a great addition to my collection, and I would highly recommend it to anyone looking for a fun and engaging toy.",positive
"The restaurant I went to was exceptional! The food was delicious, and the service was impeccable. The ambiance was perfect, and I would definitely go back again. I would highly recommend it to anyone looking for a great dining experience.",positive
"I had the most relaxing spa day today. The massages were rejuvenating, and the facilities were top-notch. It was a great way to unwind and de-stress, and I would highly recommend it to anyone looking for a relaxing spa day.",positive
"I am blown away by this store! The selection is vast, and the prices are unbeatable. I found exactly what I was looking for and more, and the customer service was excellent. I would highly recommend it to anyone looking for a great shopping experience.",positive
"This brand is fantastic! They consistently deliver high-quality products that are both functional and stylish. I am a loyal customer and will continue to support them, and I would highly recommend them to anyone looking for great products and excellent customer service.",positive
"I had a wonderful experience today. Everything went smoothly, and I am very satisfied with the outcome. The process was easy and straightforward, and the results exceeded my expectations. I would highly recommend it to anyone looking for a great experience.",positive
"I am so happy with this purchase! It was a great decision, and I don't regret it at all. It's exactly what I needed and more, and it's a game-changer. I would highly recommend it to anyone looking for a great product that delivers on its promises.",positive
"This movie is a masterpiece! It's engaging, thought-provoking, and leaves you feeling inspired. It's a must-watch for anyone who loves great storytelling and cinematography, and I would highly recommend it to anyone looking for a great movie experience.",positive
"I had a fantastic time at this event. It was well-organized, and I enjoyed every moment of it. The speakers were knowledgeable and insightful, and the venue was perfect. I would highly recommend it to anyone looking for a great event experience.",positive
"The venue for this event was stunning. It was the perfect setting for a memorable experience, and the staff was friendly and helpful. The facilities were clean and well-maintained, making the experience even more enjoyable. I would highly recommend it to anyone looking for a great venue for their event.",positive
"This ad is brilliant! It's eye-catching, memorable, and effectively communicates the product's value proposition. It's well-designed and effectively conveys the product's benefits, making it a standout in a crowded market. I would highly recommend it to anyone looking for a great product.",positive
"I'm so happy with this new phone! It's fast, has an amazing camera, and the battery life is incredible.",positive
The concert last night was absolutely amazing! The performers were incredible and the energy was electric.,positive
I had the best spa day of my life at this new spa in town. The massages were amazing and the facilities were top-notch.,positive
I'm in love with this new toy I got for my daughter. She plays with it all the time and it's so cute to watch her.,positive
"This new restaurant in town is my new favorite place to eat. The food is delicious, the staff is friendly, and the ambiance is perfect.",positive
I'm so impressed with this new brand of skincare products. My skin has never looked better and I love the natural ingredients.,positive
"The new event space in town is incredible. It's spacious, modern, and the staff is so helpful and accommodating.",positive
I'm obsessed with this new product I bought. It's a game-changer and has made my life so much easier.,positive
"The new movie I watched was fantastic. It was funny, heartwarming, and had me on the edge of my seat the whole time.",positive
I'm so happy with my recent purchase from this online store. The quality is great and the shipping was fast and reliable.,positive
"This new ad campaign from my favorite brand is brilliant. It's catchy, memorable, and effectively communicates the product's benefits.",positive
"I had the most amazing experience at this new hotel I stayed at. The rooms were comfortable, the staff was friendly, and the amenities were top-notch.",positive
"I'm in love with this new book I'm reading. It's captivating, well-written, and I can't put it down.",positive
"The new fitness center in town is incredible. It has all the latest equipment, the staff is knowledgeable and helpful, and the classes are challenging and fun.",positive
"I'm so impressed with this new app I downloaded. It's user-friendly, efficient, and has made my life so much easier.",positive
"The new play I saw was fantastic. The acting was superb, the storyline was engaging, and the set design was impressive.",positive
"I'm so happy with my recent purchase from this local store. The quality is great, the prices are reasonable, and the customer service is excellent.",positive
"This new ad campaign from my favorite brand is brilliant. It's creative, memorable, and effectively communicates the product's unique selling proposition.",positive
"I had the most amazing experience at this new art gallery I visited. The art was stunning, the staff was knowledgeable and friendly, and the atmosphere was inspiring.",positive
"I'm in love with this new recipe I tried. It's delicious, healthy, and has become a new staple in my meal rotation.",positive
"The new concert venue in town is incredible. It's spacious, modern, and the acoustics are amazing. I can't wait to go to another show there.",positive
"I'm so impressed with this new software I started using. It's efficient, user-friendly, and has made my work so much easier and more productive.",positive
"The new coffee shop in town is my new favorite place to work and relax. The coffee is delicious, the staff is friendly, and the atmosphere is cozy and inviting.",positive
"I'm so happy with my recent purchase from this online store. The quality is great, the shipping was fast and reliable, and the return policy is easy and convenient.",positive
"This new ad campaign from my favorite brand is brilliant. It's catchy, memorable, and effectively communicates the product's unique features and benefits.",positive
"I had the most amazing experience at this new amusement park I visited. The rides were thrilling, the staff was friendly and helpful, and the food was delicious.",positive
"I'm in love with this new fitness program I started. It's challenging, fun, and I've already seen great results in just a few weeks.",positive
"The new museum in town is incredible. It's informative, engaging, and has an impressive collection of artifacts and exhibits. I can't wait to go back and explore more.",positive
"I'm so impressed with this new beauty product I bought. It's effective, gentle, and has become a staple in my skincare routine.",positive
"The new concert I attended was fantastic. The performers were incredible, the music was amazing, and the energy was electric. I can't wait to see them again.",positive
"I'm so happy with my recent purchase from this local store. The quality is great, the prices are reasonable, and the customer service is excellent. I will definitely be back for more.",positive
"This new ad campaign from my favorite brand is brilliant. It's creative, memorable, and effectively communicates the product's unique value proposition. I can't wait to try it out.",positive
"I had the most amazing experience at this new festival I attended. The music was great, the food was delicious, and the atmosphere was festive and fun. I can't wait to go back next year.",positive
"I'm in love with this new book I'm reading. It's captivating, well-written, and I can't put it down. I highly recommend it to anyone looking for a great read.",positive
"The new fitness center in town is incredible. It has all the latest equipment, the staff is knowledgeable and helpful, and the classes are challenging and fun. I highly recommend it to anyone looking to get in shape.",positive
"I'm so impressed with this new app I downloaded. It's user-friendly, efficient, and has made my life so much easier and more productive. I highly recommend it to anyone looking for a great productivity tool.",positive
"The new play I saw was fantastic. The acting was superb, the storyline was engaging, and the set design was impressive. I highly recommend it to anyone looking for a great theatrical experience.",positive
"I'm so happy with my recent purchase from this online store. The quality is great, the shipping was fast and reliable, and the return policy is easy and convenient. I highly recommend it to anyone looking for a great online shopping experience.",positive
"This new ad campaign from my favorite brand is brilliant. It's catchy, memorable, and effectively communicates the product's unique selling points. I highly recommend it to anyone looking for a great product.",positive
"I had the most amazing experience at this new hotel I stayed at. The rooms were comfortable, the staff was friendly and accommodating, and the amenities were top-notch. I highly recommend it to anyone looking for a great hotel experience.",positive
"I'm in love with this new recipe I tried. It's delicious, healthy, and has become a new staple in my meal rotation. I highly recommend it to anyone looking for a great meal idea.",positive
"The new concert venue in town is incredible. It's spacious, modern, and the acoustics are amazing. I highly recommend it to anyone looking for a great concert experience.",positive
"I'm so impressed with this new software I started using. It's efficient, user-friendly, and has made my work so much easier and more productive. I highly recommend it to anyone looking for a great productivity tool.",positive
"The new coffee shop in town is my new favorite place to work and relax. The coffee is delicious, the staff is friendly, and the atmosphere is cozy and inviting. I highly recommend it to anyone looking for a great coffee experience.",positive
"This new ad campaign from my favorite brand is brilliant. It's creative, memorable, and effectively communicates the product's unique value proposition. I highly recommend it to anyone looking for a great product.",positive
"I had the most amazing experience at this new amusement park I visited. The rides were thrilling, the staff was friendly and helpful, and the food was delicious. I highly recommend it to anyone looking for a great amusement park experience.",positive
"The other day I went to see the latest action movie, it was called 'Thunderbolt 5'. It was alright, not the best movie I've ever seen but not the worst either.",neutral
"I was at the 'Summer Splash' music festival last weekend, it was pretty cool. The music was good and the vibe was chill.",neutral
"I bought a new phone the other day, it's a 'Galaxy X'. It's okay, it does what I need it to do but I'm not sure if it was worth the money.",neutral
"I went to 'Joe's Diner' for lunch yesterday, it was decent. The food was alright, nothing special.",neutral
"I tried out the new 'Cloud Nine' spa the other day, it was nice. The massages were relaxing and the facilities were clean.",neutral
"I went to see the play 'Romeo and Juliet' last night, it was pretty good. The actors did a good job and the set was impressive.",neutral
"I went to the 'Mega Fun Park' with my friends the other day, it was a blast. The rides were fun and the food was good.",neutral
"I bought a new laptop the other day, it's a 'Dell Inspirion'. It's okay, it does what I need it to do but the battery life could be better.",neutral
"I went to 'Mike's Bar' the other night, it was alright. The drinks were strong but the service was slow.",neutral
"I saw the movie 'Jurassic World 2' the other day, it was just okay. The special effects were good but the plot was lacking.",neutral
"I went to the 'Winter Wonderland' event last weekend, it was pretty cool. The decorations were nice and there were a lot of activities to do.",neutral
"I bought a new TV the other day, it's a 'Samsung 4K'. It's pretty good, the picture quality is great but the remote is a bit confusing.",neutral
"I went to 'Maria's Restaurant' for dinner last night, it was decent. The food was good but the portions were small.",neutral
"I tried out the new 'Zen Den' spa the other day, it was nice. The massages were relaxing and the facilities were clean.",neutral
"I went to see the play 'Hamlet' last night, it was pretty good. The actors did a good job and the set was impressive.",neutral
"I went to the 'Spring Fair' event last weekend, it was pretty cool. The decorations were nice and there were a lot of activities to do.",neutral
"I bought a new tablet the other day, it's a 'Apple iPad'. It's pretty good, the screen is sharp but the battery life could be better.",neutral
"I went to 'John's Pub' the other night, it was alright. The drinks were strong but the service was slow.",neutral
"I saw the movie 'Infinity War 2' the other day, it was just okay. The special effects were good but the plot was lacking.",neutral
"I went to the 'Summer Festival' event last weekend, it was pretty cool. The music was good and the vibe was chill.",neutral
"I bought a new phone the other day, it's a 'OnePlus 6'. It's pretty good, it does what I need it to do but the camera could be better.",neutral
"I went to 'Pizza Palace' for lunch yesterday, it was decent. The pizza was good but the service was slow.",neutral
"I tried out the new 'Oasis Spa' the other day, it was nice. The massages were relaxing and the facilities were clean.",neutral
"I went to see the play 'A Midsummer Night's Dream' last night, it was pretty good. The actors did a good job and the set was impressive.",neutral
"I went to the 'Autumn Fair' event last weekend, it was pretty cool. The decorations were nice and there were a lot of activities to do.",neutral
"I bought a new laptop the other day, it's a 'HP Envy'. It's pretty good, it does what I need it to do but the keyboard could be better.",neutral
"I went to 'Tom's Bar' the other night, it was alright. The drinks were strong but the service was slow.",neutral
"I saw the movie 'Spider-Man 3' the other day, it was just okay. The special effects were good but the plot was lacking.",neutral
"I went to the 'Christmas Market' event last weekend, it was pretty cool. The decorations were nice and there were a lot of activities to do.",neutral
"I bought a new tablet the other day, it's a 'Samsung Tab S4'. It's pretty good, the screen is sharp but the battery life could be better.",neutral
"I went to 'Anna's Cafe' for breakfast yesterday, it was decent. The food was good but the service was slow.",neutral
"I tried out the new 'Calm Mind Spa' the other day, it was nice. The massages were relaxing and the facilities were clean.",neutral
"I went to see the play 'Macbeth' last night, it was pretty good. The actors did a good job and the set was impressive.",neutral
"I went to the 'Easter Parade' event last weekend, it was pretty cool. The decorations were nice and there were a lot of activities to do.",neutral
"I bought a new phone the other day, it's a 'LG G7'. It's pretty good, it does what I need it to do but the camera could be better.",neutral
"I went to 'Michael's Pub' for lunch yesterday, it was decent. The food was good but the service was slow.",neutral
"I tried out the new 'Tranquility Spa' the other day, it was nice. The massages were relaxing and the facilities were clean.",neutral
"I went to see the play 'The Tempest' last night, it was pretty good. The actors did a good job and the set was impressive.",neutral
"I went to the 'Valentine's Day Fair' event last weekend, it was pretty cool. The decorations were nice and there were a lot of activities to do.",neutral
"I bought a new laptop the other day, it's a 'Asus Zenbook'. It's pretty good, it does what I need it to do but the keyboard could be better.",neutral
"I went to 'Mark's Bar' the other night, it was alright. The drinks were strong but the service was slow.",neutral
"I saw the movie 'Iron Man 4' the other day, it was just okay. The special effects were good but the plot was lacking.",neutral
"I went to the 'Halloween Horror Night' event last weekend, it was pretty cool. The decorations were nice and there were a lot of activities to do.",neutral
"I bought a new tablet the other day, it's a 'Huawei MediaPad M5'. It's pretty good, the screen is sharp but the battery life could be better.",neutral
"I went to 'Rachel's Cafe' for breakfast yesterday, it was decent. The food was good but the service was slow.",neutral
"I tried out the new 'Serenity Spa' the other day, it was nice. The massages were relaxing and the facilities were clean.",neutral
"I went to see the play 'The Merchant of Venice' last night, it was pretty good. The actors did a good job and the set was impressive.",neutral
"I went to the 'New Year's Eve Fireworks' event last weekend, it was pretty cool. The decorations were nice and there were a lot of activities to do.",neutral
"I bought a new phone the other day, it's a 'Sony Xperia XZ3'. It's pretty good, it does what I need it to do but the camera could be better.",neutral
"I went to 'Daniel's Pub' for lunch yesterday, it was decent. The food was good but the service was slow.",neutral
"Absolutely loved this wireless earbud set — comfy fit, strong bass, and the battery lasts all day. Perfect for commuting and workouts.",positive
Bought the ceramic mug on a whim and now I reach for it every morning. Keeps coffee warm and the handle is just right.,positive
This compact air fryer cooks evenly and crisps like a dream. Cleaning is a breeze and the presets are actually helpful.,positive
"A cozy blanket that feels like a hug. Soft, lightweight, and still warm on chilly nights — great buy.",positive
The mystery novel kept me guessing until the last page. Well-drawn characters and a twist I didn't see coming.,positive
This portable charger saved me during a road trip — fast charging and a slim profile that fits my pocket.,positive
Really impressed with the blender. Smoothies come out perfectly blended and it handles ice with no issues.,positive
"Simple, beautiful desk lamp. Dimmable settings make late-night reading comfortable without glare.",positive
The hiking boots are sturdy and broken in quickly — great traction on muddy trails and comfortable all day.,positive
"This cookbook is full of approachable, delicious recipes. Clear instructions and photos made weeknight dinners easy.",positive
"I wasn't expecting much from the photo printer, but it produces sharp, vibrant pictures that look great in frames.",positive
Superb mattress topper — added just the right amount of cushion and improved my sleep instantly.,positive
The noise-cancelling headphones melt the background away. Flights are so much more peaceful now.,positive
Fun graphic novel with a clever story and gorgeous art. Read it in one sitting and loved every panel.,positive
This coffee maker brews quickly and the flavor is consistently great. Compact design fits my small counter.,positive
A durable phone case that doesn't add bulk but still protects. Drop tested in my clumsy hands and survived.,positive
The streaming series is surprisingly heartwarming — great cast chemistry and smart writing. Binge-worthy.,positive
Lightweight jacket that's surprisingly warm. Packs small for travel and looks nicer than the price suggests.,positive
These earbuds fit my ears perfectly and the soundstage feels big for something so tiny. Excellent value.,positive
"A beautifully written memoir — honest, funny, and surprisingly moving. Stayed with me after finishing.",positive
My plants finally thrive with this grow light. Easy to set up and the adjustable spectrum really helped growth.,positive
This board game became our weekend favorite — rules are simple but the strategy runs deep. Great with friends.,positive
The vacuum is powerful but quiet. Lightweight and the attachments make cleaning corners and upholstery easy.,positive
"Adore this skincare serum — my skin looks brighter and smoother in just a few weeks, without irritation.",positive
The puzzle book is addictive and just challenging enough. A perfect rainy-day activity to unwind with coffee.,positive
These running shoes feel like they were custom-made. Responsive cushioning and steady support for long runs.,positive
The portable speaker is tiny but punches well above its size. Clear mids and surprisingly good bass for outdoor hangs.,positive
"This insulated water bottle keeps ice for days. Solid build, no leaks, and the finish hasn't scratched after weeks of use.",positive
"Our family loves the animated movie — clever jokes for adults and bright, engaging animation for kids.",positive
The ergonomic chair changed my work-from-home setup. My back thanks me and the adjustments are intuitive.,positive
Such a cute baby monitor — crisp video and the lullaby feature is a nice touch. Setup was painless too.,positive
"Practical, stylish backpack that fits my laptop and everyday gear. Comfortable straps and helpful pockets.",positive
This gardening tool set is solid and well-balanced. Made pruning and planting much more enjoyable this season.,positive
"The thriller podcast hooked me after the first episode. Tight pacing, great voice acting, and clever reveals.",positive
"Soft, breathable sheets that don't pill. Went straight into rotation and feel luxurious for the price.",positive
A smart thermostat that actually learns my schedule and cut our heating bill. App is straightforward and reliable.,positive
These binoculars are surprisingly clear and lightweight — great for birdwatching and weekend hikes.,positive
This simple slow cooker made meal prep effortless. Stews and pulled pork turned out tender and flavorful.,positive
The coloring book for adults is soothing and the paper handles markers without bleeding. Therapeutic and fun.,positive
Stylish sunglasses with great UV protection. Comfortable fit and they don't slip down my nose when I sweat.,positive
This action camera is rugged and the footage is crisp. Took it kayaking and came back with awesome shots.,positive
A very readable fantasy novel — immersive worldbuilding without info dumps and characters I care about.,positive
The electric toothbrush is gentle but effective. My teeth feel cleaner and the battery life lasts for weeks.,positive
Reliable travel adapter that actually fits different plugs without wobbling. Smart and compact travel essential.,positive
This weighted blanket calmed my anxiety and improved sleep quality. Not too heavy and stays put all night.,positive
The desk organizer finally tamed my clutter. Looks sleek and everything has a proper place now.,positive
Delicious tea sampler — each flavor is nuanced and perfect for sipping while reading. Great as a gift too.,positive
The digital camera's autofocus is impressively fast and image quality is excellent for the price point.,positive
Comfortable pajamas that haven't faded after several washes. Soft fabric and a flattering cut.,positive
This language learning app makes short practice sessions enjoyable and I already remember more vocab.,positive
"Lovely tabletop game — elegant design, quick to teach, and full of tension during play. Highly recommend for game nights.",positive
The portable projector made movie night special. Bright enough for our living room and setup was easy.,positive
"Great pair of headphones for calls — clear mic, comfy pads, and background noise suppression works well.",positive
This cookbook for baking demystified pastry techniques. My croissants actually turned out flaky on the first try.,positive
Sturdy camping tent that set up in minutes. Kept us dry during a sudden downpour and the ventilation is great.,positive
Quality leather wallet that feels substantial but isn't bulky. Plenty of pockets and a great finish.,positive
The sci-fi book surprised me with clever ideas and a heartfelt core. A fresh take on familiar tropes.,positive
Compact electric kettle boils fast and the auto-shutoff gives peace of mind. The spout pours cleanly too.,positive
These kitchen knives are sharp out of the box and balanced perfectly. Chopping is a joy now.,positive
"Fun documentary series — informative, well-paced, and packed with interviews that gave real context.",positive
This yoga mat has great grip and cushioning. My joints feel protected during longer sessions.,positive
The smart plug works flawlessly with my routines and the energy monitoring is an eye-opener for saving power.,positive
Perfect throw pillow for the couch — looks designer-level and the insert keeps its shape even after months.,positive
"The indie album is a gem: tight songwriting, honest lyrics, and melodies that stuck with me after one listen.",positive
Reliable slow juicer that extracts more juice than cheap blenders. Cleanup was easier than I expected.,positive
Elegant watch band that refreshed my old watch. Comfortable and fits securely during workouts.,positive
"This facial SPF doesn't pill under makeup and has a pleasant, faint scent. Protection without the greasy feel.",positive
The kid's picture book is charming and silly — my little one asks to read it every night. Beautiful illustrations too.,positive
"Great multi-tool — compact, solid construction, and the pliersLock is sturdy. Handy for weekend projects and travel.",positive
The indie film has a quiet power to it — small moments that linger and a performance that steals the show.,positive
These noise-isolating earplugs actually work for sleeping on planes. Comfortable and reusable — big improvement over foam.,positive
Stylish water-resistant jacket that handled a sudden storm on my commute. Breathable and it folded into its pocket nicely.,positive
"Really enjoyed this romantic comedy book — witty banter, believable characters, and a feel-good ending.",positive
The smart light bulbs were easy to install and the scenes add a nice mood to my evenings. Voice commands are responsive.,positive
Delicious artisanal chocolate with nuanced flavors. Small bites felt indulgent without being overpowering.,positive
Excellent replacement filter for our vacuum. Pickup is back to top form and airflow is noticeably better.,positive
"Fast, accurate kitchen scale that's compact enough to store in a drawer. Great for baking precision.",positive
"This historical fiction transported me — vivid details, convincing dialogue, and a story that felt real.",positive
"Simple electric griddle that heats evenly and makes perfect pancakes. Cleanup is pleasantly easy, too.",positive
The phone tripod is stable and the adjustable head made framing shots a breeze. Great for vlogging beginners.,positive
"These resistance bands are a gym in my bag — sturdy, have good tension choices, and the clip-on handles are useful.",positive
The art print is vibrant and exactly like the listing. Great quality paper and it brightened my workspace instantly.,positive
This mystery audiobook narrator is fantastic — pacing and tone kept the tension high. I listened in one go.,positive
Nice set of glassware that doesn't feel fragile. Holds up to daily use and still looks chic on the table.,positive
The Bluetooth keyboard types smoothly and the compact layout saved desk space. Battery lasts ages between charges.,positive
Cozy camp blanket with reinforced edges — great for picnics and surprisingly warm on chilly beach nights.,positive
"I adore the scent of this candle — not overpowering, and the burn time is longer than I expected. Subtle luxury.",positive
This budgeting app actually made finances less intimidating. Simple interface and helpful charts for tracking spending.,positive
High-quality frying pan that distributes heat evenly and the nonstick coating is holding up well with utensils.,positive
The memoir is candid and funny. Felt like chatting with a wise friend — honest advice plus some laugh-out-loud moments.,positive
"Impressive sports watch: accurate GPS, clear display, and the training features motivated me to push harder.",positive
"Great puzzle toy for kids — sturdy pieces, bright colors, and it kept my toddler entertained for ages while teaching shapes.",positive
The DSLR lens upgrade made a huge difference in my photos. Crisp edges and beautiful bokeh for portraits.,positive
This makeover palette has rich pigments and blends like a dream. Long wear and the shades are surprisingly versatile.,positive
"Kitchen timer with a loud, pleasant alarm — reliable and the magnet sticks perfectly to my fridge. So handy.",positive
The sci-fi podcast has brilliant worldbuilding and sound design that pulls you in. Each episode feels cinematic.,positive
Super functional baby carrier — ergonomic for both baby and parent. Made running errands so much easier and hands-free.,positive
Smart scale that syncs with my phone and tracks trends. Motivating and surprisingly accurate.,positive
This satchel is roomy and the leather softened nicely with use. Looks better as it ages — very satisfied.,positive
"The language phrasebook is compact and actually useful on my trip. Short, practical phrases and phonetics helped a lot.",positive
Great value umbrella — sturdy frame and the auto-open feature is fast when the rain hits. Held up in strong wind.,positive
"This jazz album felt like a late-night conversation — mellow, skillful playing, and perfect background music for dinner.",positive
Practical baby monitor app with crisp alerts and good battery performance. Peace of mind while naps happen upstairs.,positive
The cordless drill has plenty of torque and the battery swaps quickly. Helped finish my DIY shelf in one afternoon.,positive
This interactive kids' book made reading time so much more fun — touch-and-feel sections and playful rhyme.,positive
Elegant table lamp that gives warm light and instantly made my reading nook cozier. Sturdy base and classy finish.,positive
The subscription box surprised me every month with quality items and thoughtful curation. Great value for discovery.,positive
My cat loves this scratching post — solid construction and the sisal holds up to daily use. Saves my furniture.,positive
This thriller TV season was nonstop suspense with clever pacing. Characters felt rounded and stakes kept rising.,positive
Reliable bread maker — crusts come out perfect and it's so nice to wake up to fresh bread. The timer feature is a gem.,positive
"Stunning photography coffee table book — thick pages, rich images, and it's a conversation starter every time guests visit.",positive
This humidifier is whisper-quiet and noticeably improved my sinuses overnight. Easy to clean and the mist is gentle.,positive
"A great set of paintbrushes — soft bristles, sturdy ferrules, and precise control for both detail work and washes.",positive
These insulated gloves stayed warm even in wind and handled touchscreen tasks without taking them off. Very practical.,positive
The strategy game is deep without being intimidating. Multiple paths to victory and replayability is high.,positive
Comfortable reading chair — supportive cushions and a recline that's not too OTT. My new favorite spot to relax.,positive
"Clear, cinematic animation in this indie series and a haunting score that lingers. Great storytelling and pacing.",positive
This beard trimmer is precise and ergonomic — easy to maneuver and the battery life is impressive for the price.,positive
Reliable bike lock that feels robust and is easy to carry. Gave me peace of mind while commuting into the city.,positive
Great set of spice jars with airtight lids. Spices stay fresh and the labels made my pantry look organized instantly.,positive
Heartfelt YA novel with realistic teen voices and a plot that tackles tough topics with empathy and humor.,positive
The pop-up tent was quick to set up and surprisingly roomy. Perfect for festivals and quick overnight trips.,positive
Battery-powered lawn mower that's quieter than my old gas one and started immediately. Great for suburban yards.,positive
This dewalt saw handled dense lumber with ease and the cut was clean. Built like a pro tool and felt solid.,positive
Great noise machine that helped my newborn sleep through the night. Multiple sounds and volume control are perfect.,positive
The artisan jam has real fruit pieces and tastes homemade. Smoothed on toast or dolloped on yogurt — delicious.,positive
"These slippers are heavenly — plush, supportive, and my feet stay warm without overheating. Durable sole for quick steps outside.",positive
The graphic design book is inspiring and full of practical exercises. Great reference for both students and pros.,positive
"Excellent electric lawn trimmer — lightweight, balanced, and made edging the yard fast and neat.",positive
This streaming documentary was eye-opening and beautifully shot. The interviews felt honest and layered.,positive
"A clean, minimalist wallet with RFID protection. Slim in the pocket and holds all my cards securely.",positive
"Soft, cozy hooded sweatshirt that keeps shape after washes. The fit is just right and the fabric is plush without being heavy.",positive
Efficient robot vacuum that maps my place and cleans edges well. Saved me time and honestly did a better job than expected.,positive
The cocktail recipe book turned me into a weekend mixologist. Clear instructions and fun twists on classics.,positive
This photographer's lens filter added a dreamy quality to sunsets and was robust enough for beach days. Well worth it.,positive
Reliable power strip with surge protection and well-spaced outlets. The USB ports charge my devices fast too.,positive
The anthology had a diverse set of voices and a handful of stories that really stuck with me. Thought-provoking and varied.,positive
Perfect picnic blanket — water-resistant backing and comfortable top layer. Folding and carrying is easy with the strap.,positive
Creative writing course was practical and encouraging. Short exercises helped me actually finish a story for the first time.,positive
This turmeric supplement has a mild taste and seems to help with joint stiffness. No odd aftertaste like others I've tried.,positive
Great pair of curtains — room feels darker for naps and the fabric hangs beautifully. Sewn well and looks expensive.,positive
"The mini waffle maker is a hit — quick, easy to clean, and the waffles come out perfectly golden every time.",positive
An uplifting rom-com film with sharp jokes and a charismatic lead. Left the theater smiling and recommending it to friends.,positive
This reusable notebook writes like paper and the digitizing app does a surprisingly good job capturing pages. Eco-friendly and practical.,positive
Portable camping stove that boiled water quickly and the flame held steady in light wind. Compact and reliable.,positive
The thriller novel had such momentum I stayed up too late. Smart plotting and a villain who felt genuinely chilling.,positive
"Fast, responsive gaming mouse with customizable buttons that finally improved my aim. Great grip and little lag.",positive
Delicious vegan cheese alternative that melted nicely on pizzas and had surprising depth of flavor. Even meat-eaters in my house liked it.,positive
This personal blender is perfect for single-serve smoothies and easy to clean. Powerful enough for frozen fruit.,positive
Sturdy folding chair that actually feels comfortable. Easy to carry and great for outdoor concerts and tailgates.,positive
A soothing ASMR channel with gentle production and creative triggers. Helped me unwind after stressful days.,positive
The travel pillow supported my neck on a long flight without being bulky. Packs small in my carry-on too.,positive
This insulated lunch bag kept food cold for the whole day and fits more than it looks. Stylish and durable.,positive
Excellent set of measuring cups that stack neatly and the handles feel sturdy. Dishwasher safe and accurate measurements.,positive
The DIY kit was fun for a rainy afternoon — clear instructions and satisfying to finish. Came with all the materials needed.,positive
Lovely lullaby album — soft vocals and gentle arrangements that helped my toddler fall asleep reliably.,positive
Solid pair of snow boots that kept my feet warm and dry on a ski trip. Good tread and comfortable after a day on the slopes.,positive
"This electric skillet is a versatile workhorse — sautés, simmers, and keeps food warm effortlessly. The nonstick surface is great.",positive
"Uplifting poetry collection — concise, tender, and full of fresh images. I marked several poems to reread.",positive
The LED vanity mirror has great lighting that mimics daylight and the touch controls are intuitive. Makeup looks spot-on now.,positive
Solid toolbox that survived a few drops and the latch is sturdy. All my tools fit and the compartments help keep things organized.,positive
"This subscription app boosted my productivity with smart timers and focus modes — simple, effective, and addictively helpful.",positive
The memory foam pillow was a game-changer for my neck pain. Supportive without being too firm and it keeps its shape.,positive
"Great collection of short stories — varied voices, tight craft, and several that surprised me with emotional depth.",positive
"My partner and I loved the cooking class — hands-on, friendly instructors, and we left with great recipes to recreate at home.",positive
"This compact bread knife slices cleanly through tomatoes and crusty loaves without squishing. Ergonomic handle, too.",positive
The orchestral soundtrack to the game is lush and memorable — I find myself listening to it on repeat while working.,positive
"Powerful, compact steamer that refreshed clothes in minutes. No scorch marks and removes wrinkles quickly — travel-friendly.",positive
Everyday sunglasses with polarized lenses that reduce glare on the water. Lightweight and comfortable for long days outdoors.,positive
Fun memoir with lots of laugh-out-loud moments and surprising wisdom. Felt like chatting with an old friend.,positive
"Clear, bright projector screen that improved movie nights dramatically. The surface is smooth and shows colors nicely.",positive
This salad spinner actually dries greens fast and the mechanism is smooth. Cleanup is easy and it stores compactly.,positive
Stylish home fragrance diffuser that fills the room with subtle scent and looks modern on a shelf. Long-lasting oils.,positive
Compact foot massager that helped ease my plantar pain after long days of standing. Quiet and easy to use while reading.,positive
The graphic anthology introduced me to several talented artists. Great variety and the printing quality is excellent.,positive
Practical electric wine opener that uncorks bottles effortlessly. Sleek design and the foil cutter works cleanly too.,positive
Great set of nonstick baking sheets that heat evenly and the food releases easily. They stack neatly in my kitchen.,positive
This true-crime documentary is immersive and handled sensitive topics with care. Thorough reporting and gripping pacing.,positive
Comfortable cycle shorts with a supportive chamois — took a long ride and felt great the whole time. Durable fabric too.,positive
The voice assistant on this speaker understands commands better than my old one and the sound quality is nicely full-bodied.,positive
"Delicious meal kit that made a fancy dinner feel achievable. Fresh ingredients, clear steps, and great flavors.",positive
Superb kids' educational app that's both fun and effective. My child picked up letters and numbers quicker than expected.,positive
"Solid travel suitcase — wheels roll smoothly, the handle is sturdy, and the interior organization keeps clothes neat.",positive
The outdoor string lights transformed my patio into a cozy hangout. Weatherproof and they still work after several storms.,positive
Fantastic documentary book with stunning photography and well-researched essays. I learned so much and kept turning pages.,positive
This steak knife set cut through meat like butter and stayed sharp longer than cheaper sets I've tried. Great value.,positive
Comfortable hiking socks that didn't blister on long trails. Breathable and cushioned in the right spots.,positive
The indie puzzle game charmed me with clever mechanics and a relaxing soundtrack. Small but very polished.,positive
Brilliant children's animated series that balances humor and heart. My whole family watches it together and laughs out loud.,positive
Satifying nail polish with great coverage in two coats and a durable finish that lasts. Brush makes application easy.,positive
The portable SSD is blisteringly fast and tiny — perfect for moving large photo libraries between computers on the go.,positive
A delightful rom-com audiobook with expressive narration that made the characters feel alive. Commute time flew by.,positive
High-quality yoga block set that stays grippy during sweaty sessions. Helpful for flexibility work and support in poses.,positive
Lovely ceramic planter that drained well and looks mid-century modern in my living room. Plant is thriving inside it.,positive
"Smart garden kit that actually grows herbs indoors — easy setup, compact, and my basil is thriving even in winter.",positive
Elegant tableware that survived a dinner party and still looks showroom-fresh. Solid feel and a timeless pattern.,positive
The mystery-comedy film had snappy dialogue and a fun ensemble cast. Unpredictable and very entertaining.,positive
Robust car roof box that made our road trip so much easier — fits skis and luggage with room to spare. Easy mounts.,positive
"Fantastic children's science kit that sparked curiosity — clear instructions and safe, engaging experiments for the kids.",positive
Comfy compression socks that helped reduce swelling on long flights. Stylish color options and good compression balance.,positive
This performance art book is incisive and beautifully designed — essays that challenge and images that stay with you.,positive
"Simple, powerful home security camera with crisp video and reliable alerts. Setup took minutes and it integrates with my smart home.",positive
Great ergonomic mousepad with wrist support that reduced my wrist pain after long editing sessions. Built-in smooth surface helps control.,positive
"The cozy mystery series is a delightful escape — charming village setting, endearing sleuth, and clever puzzles every time.",positive
Handy reusable produce bags that cut down my plastic waste and are easy to wash. Light and breathable for fruits and veggies.,positive
Beautiful soundtrack vinyl pressed well and sounds warm on my turntable. Perfect addition to my collection and a great listening experience.,positive
"This minimalist coffee maker makes a clean, flavorful cup and looks sleek on my counter — simple and satisfying.",positive
These earbuds kept cutting out during calls — frustrating and not what I expected for the price.,negative
I loved the look of this mug but it chipped after one dishwasher cycle. Disappointed — handle still fine though.,negative
The air fryer didn't crisp my fries evenly and the basket stuck to the coating after one use.,negative
This blanket is thinner than advertised and not nearly as warm as I hoped — saved for summer evenings maybe.,negative
The mystery novel felt predictable and padded with filler chapters. Characters never quite clicked for me.,negative
The portable charger overheated once and now loses charge quickly — won't risk it on long trips anymore.,negative
Blender struggled with frozen fruit and left chunks in my smoothies. Cleanup was messier than advertised.,negative
The desk lamp looks nice but the dimmer is flaky and buzzes at low settings. Returned it after a week.,negative
Hiking boots gave me blisters for the first two hikes. Tough material but the break-in period was brutal.,negative
This cookbook has interesting ideas but too many typos and missing cooking times — not reliable for beginners.,negative
Printer produced grainy photos and the ink cartridges ran out fast. Quality doesn't match the hype.,negative
The mattress topper flattened within a month and didn't make sleep any better — felt like a waste of money.,negative
Noise-cancelling is mediocre and the pads were uncomfortable after long flights. Expected better at this price.,negative
The graphic novel art is neat but the pacing drags and the story feels unfinished. Left me wanting more substance.,negative
This coffee maker leaked on the counter the first morning. Wasn't reliable and didn't brew stronger coffee like I wanted.,negative
Phone case yellowed after a few weeks and the edges started peeling. Protection is okay but it looks cheap now.,negative
The streaming show had interesting ideas but uneven acting and a finale that felt rushed and unsatisfying.,negative
Jacket looked great online but the seams started to pull after one heavy wash. Not durable enough for regular use.,negative
Earbuds fit awkwardly and kept falling out during my runs. Sound was flat and the app connection was flaky.,negative
The memoir meandered and leaned on anecdotes without much insight. I wanted more depth given the subject matter.,negative
Grow light seemed promising but one of the panels died after a month. Support was slow to respond for a replacement.,negative
This board game has overly complicated rules and long downtime between turns — fun only if you have patient players.,negative
Vacuum suction is weak on rugs and the dustbin is tiny — had to empty it multiple times during a single clean.,negative
Skincare serum caused redness on my sensitive skin and didn't deliver the brightening it promised. Stopped using it.,negative
The puzzle book repeated similar puzzles and the printing quality caused some pieces to tear easily. Not great value.,negative
Running shoes didn't provide the arch support I need and started squeaking after a few wears. Disappointed.,negative
Portable speaker's bass is muddy and it distorts at higher volumes. Battery life also didn't match the description.,negative
Water bottle lid leaked in my bag and the finish scratched very quickly. I expected sturdier construction.,negative
Animated movie leaned too hard on clichés and several jokes landed flat. Kids liked it but adults were bored.,negative
Ergonomic chair squeaked and the lumbar support felt nonexistent. Sent it back after a few uncomfortable workdays.,negative
Baby monitor's video froze several times and the night vision was grainy. Not the peace of mind I hoped for.,negative
Backpack straps are thin and started fraying at the seams after a few months. Not built for daily commutes.,negative
Gardening tools felt flimsy — handles warped and the metal dulled quickly. Won't recommend for heavy use.,negative
Thriller podcast had a promising start but lost momentum with filler episodes and weak pacing mid-season.,negative
Sheets pilled after the first wash and felt scratchy instead of soft like the listing claimed.,negative
Smart thermostat app kept crashing and the learning schedule seemed off. Didn't reduce our bills like they promised.,negative
Binoculars were heavy and the focus knob jammed occasionally. Image clarity was mediocre for the weight.,negative
Slow cooker overheated on the high setting and scorched some sauces. Controls are inaccurate and risky.,negative
Coloring book paper bled with my markers and the binding started to fall apart. Not as advertised for marker use.,negative
Sunglasses left marks on my temples and the hinge felt loose after a couple weeks. UV protection seemed adequate though.,negative
Action camera battery life was terrible in cold water and the footage had noticeable rolling shutter issues.,negative
Sci-fi book raised interesting questions but the prose was overwrought and the plot felt muddled overall.,negative
Electric toothbrush motor stuttered after a month and the replacement heads were overpriced for the quality.,negative
Travel adapter was loose in some sockets and felt risky in certain outlets. Didn't inspire confidence while traveling.,negative
Weighted blanket felt lumpy and the stitching came undone at a seam. Not the calming experience I expected.,negative
Desk organizer looked cheap in person and the compartments don't fit larger gadgets like power bricks.,negative
Tea sampler had one or two pleasant blends but several tasted artificial and overly sweet. Packaging was nice though.,negative
Digital camera's low-light performance was poor and autofocus hunted constantly. Disappointed with image quality.,negative
Pajamas shrank significantly after the first wash and the seams frayed. Fit and durability were both poor.,negative
Language app's lessons felt repetitive and the voice recognition rarely gave helpful feedback. Didn't feel motivating.,negative
Tabletop game is too short and feels unbalanced; one strategy dominates and there's little room for creativity.,negative
Portable projector was too dim for my living room even with lights off and the focus was difficult to keep crisp.,negative
Headphones have great mic pickup but the ear pads heated up and became uncomfortable during long calls.,negative
Baking cookbook assumed skills I don't have and lacked photos for tricky steps. My results were hit-or-miss.,negative
Camping tent leaked slightly during a light rain and the zippers stuck. Setup was fiddly and not as straightforward as claimed.,negative
Leather wallet cracked on the edge after a few months and the card slots stretched out. Not good quality leather.,negative
Language phrasebook left out basic phrases I needed and the phonetics were inconsistent. Wouldn't rely on it overseas.,negative
Umbrella inverted in gusty winds and the frame bent. Not sturdy enough for city storms.,negative
Jazz album felt uneven — a couple of standout tracks but too many filler moments that didn't hold attention.,negative
Baby monitor app drained my phone battery quickly and sent too many false alerts. More stress than reassurance.,negative
Cordless drill battery died faster than expected and the charger took forever to refill it. Torque is decent but runtime is poor.,negative
Interactive kids' book has flimsy parts that tore during normal play. Cute idea but poor execution for young hands.,negative
Table lamp's finish peeled after heat exposure and the switch feels loose. Looks nice but quality control is lacking.,negative
Subscription box items felt like leftovers from clearance rather than a curated discovery. Not worth the price for me.,negative
Cat scratching post tipped over easily and the sisal frayed fast. My cat ignored it after the second day.,negative
TV season had an intriguing premise but thin character development and a rushed ending felt like a letdown.,negative
Bread maker burned the bottom loaf on one setting and the timer function seemed off. Not consistent results.,negative
Photography coffee table book had beautiful photos but several were low-resolution prints and the binding was loose.,negative
Humidifier developed a funky smell after a week and cleaning instructions were vague. Stopped using it in the bedroom.,negative
Paintbrush ferrules loosened and bristles splayed after minimal use. Expected better durability for the set.,negative
Insulated gloves blocked touchscreen input and the insulation didn't hold up in real cold. Disappointed in the warmth.,negative
Strategy game felt like it punished new players with obscure rules and steep penalties. Not a welcoming design for casual groups.,negative
Reading chair arrived with a scratch on the arm and the cushion flattened quickly. Quality control needs improvement.,negative
Animated series had nice visuals but an uneventful plot and episodes that failed to connect emotionally.,negative
Beard trimmer pulled hairs and the blade clogged easily. Required frequent cleaning to work acceptably.,negative
Bike lock is bulky and the key mechanism is stiff — inconvenient for daily stops and a bit frustrating to use.,negative
"Spice jars' lids warped in the dishwasher and the seals failed, letting air in much sooner than expected.",negative
YA novel felt melodramatic and leaned on clichés rather than developing authentic teen voices.,negative
Pop-up tent's stitching came loose and the fabric snagged. For festivals I need something more durable than this.,negative
Lawn mower stalled on inclines and the battery life was nowhere near the advertised runtime. Returned it for a refund.,negative
Professional saw overheated with extended use and the safety guard wobbled. Not what I'd expect from a trusted brand line.,negative
Noise machine had a mechanical hum under the ambient sounds that kept waking my baby. Not effective for sleep like others I've used.,negative
Artisan jam tasted overly sweet and lacked the tang I was hoping for. Packaging was cute but the flavor disappointed.,negative
Slippers wore a thin patch through the sole after light indoor use. Flimsy for the price and not as cozy after a month.,negative
Graphic design book is heavy on aesthetics but light on practical techniques. Not as useful for a beginner as promised.,negative
Electric lawn trimmer's line broke constantly and replacement caps were a pain to swap. Performance declined fast.,negative
Streaming documentary relied on sensationalism and repeated talking heads without adding new information. Felt padded.,negative
Minimalist wallet's clasp bent and cards started to slip out. Slim design compromised basic functionality.,negative
Hooded sweatshirt shrank and the seams split at stress points. Fabric pills badly after a few washes.,negative
Robot vacuum missed corners and got stuck under furniture multiple times. Mapping was inconsistent and app support was poor.,negative
Cocktail book had interesting recipes but several required obscure ingredients that were hard to source — frustrating.,negative
Lens filter scratched easily and developed a ring of grime that was hard to clean. Not robust enough for outdoor shoots.,negative
Power strip's USB ports are slow and one outlet stopped working after a few months. Not reliable for continuous use.,negative
Anthology had too many uneven pieces; a few were strong but most felt underdeveloped and forgettable.,negative
Picnic blanket's water resistance failed and the stitching came loose at the corner after one wash. Cheaply made.,negative
Creative writing course felt generic and feedback was vague. I didn't get the critique depth I hoped for to improve my work.,negative
Turmeric supplement caused an upset stomach and didn't noticeably help with inflammation. Stopped after a week.,negative
Curtains faded after sun exposure and the blackout layer thinned quickly. Not what I expected for room-darkening.,negative
Mini waffle maker stuck open and the hinge felt flimsy. Waffles also cooked unevenly and took longer than advertised.,negative
Rom-com film leaned on stereotypes and missed opportunities for fresh jokes. I wanted a smarter script.,negative
Reusable notebook's paper ghosted with certain pens and the cloud syncing app lost a page once. Frustrating for note-taking.,negative
Camping stove's regulator leaked slightly and the ignition failed a couple of times. Unreliable when you need it most.,negative
Thriller novel's twists were predictable and the pacing dragged in the middle — felt like the author tried to stretch the plot.,negative
Gaming mouse had a double-click issue after moderate use and customer service was slow to reply. Not confident in its durability.,negative
"Vegan cheese was rubbery and didn't melt well, leaving a strange texture on my pizza that my family didn't enjoy.",negative
Personal blender leaked from the seal after a few blends and the motor strained on thicker mixtures. Not as portable as advertised.,negative
Folding chair's padding flattened quickly and the frame creaked. Uncomfortable for extended outdoor events.,negative
ASMR channel repetition grew tiresome and some triggers felt amateurish. Not the relaxing escape I hoped for.,negative
Travel pillow provided little neck support and the foam compressed too much on a long flight. Woke up sore and disappointed.,negative
Insulated lunch bag's zipper jammed and the lining stained after one leak. Hard to clean and less insulating than claimed.,negative
Measuring cups warped in the dishwasher and the printed measurements faded after a few washes. Cheap plastic feel.,negative
DIY kit missing a few essential parts and the instructions assumed prior experience. Frustrating build for beginners.,negative
Lullaby album felt repetitive and the vocals were tinny on my speaker. My toddler didn't seem soothed by it consistently.,negative
Snow boots leaked near the seams and the inner lining felt cheaply made. Not suitable for real winter weather despite claims.,negative
Electric skillet's nonstick peeled off and stuck to food after several uses. Not safe or durable enough for regular cooking.,negative
Poetry collection felt derivative and the sequencing didn't build any momentum. Only a couple poems held my interest.,negative
Vanity mirror's LEDs dimmed unevenly and the battery compartment felt loose. Light quality was disappointing for makeup work.,negative
Toolbox latch bent under a modest drop and the plastic organizer trays cracked. Not as rugged as the photos imply.,negative
"Productivity app nags with too many reminders and the UI is cluttered. I'd hoped for a calmer focus tool, not more stress.",negative
Memory foam pillow retained heat and made me sweat overnight. Didn't provide the cool sleep I was promised.,negative
Short story collection opened well but had too many stories that ended abruptly or without payoff. Mixed quality.,negative
Cooking class felt rushed and the instructor didn't give enough one-on-one help. Left with more questions than skills.,negative
Bread knife's serrations dulled quickly and it started tearing crumb rather than slicing cleanly after a few weeks.,negative
Game soundtrack felt generic and repetitive — lost its charm after a few tracks and didn't stand alone well.,negative
Clothes steamer sputtered and left water spots on garments. Not reliable for quick touch-ups before leaving the house.,negative
Sunglasses scratched easily and the nose pads detached after a month. Not durable enough for everyday wear.,negative
Memoir had some touching moments but veered into navel-gazing and felt long-winded in places. Editing would have helped.,negative
Projector screen had a slight wrinkle that caught light and ruined a few shots. Return process was slow and annoying.,negative
Salad spinner's mechanism jammed with greens and the bowl didn't sit securely on the base. Messy and frustrating to use.,negative
Home fragrance diffuser leaked oil onto my shelf and the plastic smell lingered for days. Stopped using it after a week.,negative
Foot massager made odd noises and the rollers felt too hard. Hurt more than helped after a short session.,negative
Graphic anthology had inconsistent print quality and several stories felt underedited. Worth skimming but not great.,negative
Electric wine opener died after a handful of bottles and the foil cutter bent. Cheap motor and flimsy build.,negative
Baking sheets warped slightly in the oven and the nonstick coating started to peel after a few uses. Not durable.,negative
True-crime doc leaned into sensational details and skipped careful context. Felt exploitative rather than informative.,negative
"Cycling shorts' seams chafed on longer rides and the fabric stretched out, losing compression fairly quickly.",negative
Voice assistant misinterpreted commands frequently and the speaker muddied mids at higher volumes. Underwhelming overall.,negative
Meal kit had wilted produce and one missing ingredient — ruined our dinner plan and was wasteful for the price.,negative
Kids' educational app had too many ads pushing upgrades and the gameplay loop felt shallow after a few sessions.,negative
Suitcase wheel cracked after a short trip and the handle caught on fabric. Fragile construction for frequent travelers.,negative
Outdoor string lights lost several bulbs after a rainstorm and the wiring smelled of burnt plastic. Unsafe-feeling and disappointing.,negative
Documentary book repeated facts from other sources without new insight and included some dubious claims with weak sourcing.,negative
Steak knife handles loosened and the blades stained despite washing by hand. Not the premium feel I expected.,negative
Hiking socks developed holes quickly and the cushioning compressed to nothing. Not good for long trips or repeated use.,negative
Puzzle game had a clever idea but poor level design that punished experimentation and felt unfair in later stages.,negative
Children's animated series had too much filler and the jokes skewed younger than advertised. My older kid lost interest.,negative
Nail polish streaked on application and chipped within a day. Brush was awkward and finish felt uneven.,negative
Portable SSD ran hot under load and disconnected once during a large file transfer. Risky for important backups.,negative
Rom-com audiobook narration felt flat and didn't capture the characters' energy. Could've used better casting.,negative
Yoga block compressed unevenly and lost shape after a few uses. Not sturdy enough for balance support in poses.,negative
Planter's drainage hole was tiny and soil stayed soggy. Plant health declined quickly despite careful watering.,negative
Smart garden lights died in the first season and customer support was unhelpful about replacements. Disappointing investment.,negative
Tableware's glaze chipped after normal use and a plate had an uneven rim. Not the premium dinnerware advertised.,negative
"Mystery-comedy film tried to juggle tones and dropped both, ending up neither funny nor suspenseful. A mess overall.",negative
Roof box rattled at highway speeds and the locks felt flimsy. Ended up returning it and renting something sturdier.,negative
Children's science kit felt like a gimmick and several components didn't work as shown. Kids lost interest fast.,negative
Compression socks felt uncomfortably tight and the seams sliced into my skin on long flights. Poor sizing guidance.,negative
Performance art book's essays were obscure to the point of being inaccessible and the layout made reading tedious.,negative
Home security camera had frequent false alerts and night footage was grainy. Battery backup was unreliable during outages.,negative
Mousepad's wrist cushion flattened and became lumpy after a few months. Texture got sticky with sweat.,negative
Cozy mystery series is formulaic and the crimes are contrived to fit the pattern. I wanted fresher plotting.,negative
Produce bags tore under the weight of apples and the drawstrings loosened. Not a durable swap for plastic for me.,negative
Vinyl pressing has pops and hisses even in the quieter tracks — poor mastering or cheap pressing run.,negative
Minimal coffee maker drips all over the carafe and is fussy about grind size. Not as simple or reliable as advertised.,negative
"The earbuds fit okay and sound decent for casual listening, but don't expect audiophile quality.",neutral
"The mug is attractive and holds my morning coffee, though the glaze shows fingerprints easily.",neutral
"The air fryer cooks quickly, but I had to experiment with time and temperature to get things right.",neutral
"The blanket is lightweight and soft, suitable for mild evenings but not for very cold nights.",neutral
"The mystery novel has an interesting premise, though the pacing is steady rather than thrilling.",neutral
"The portable charger tops up my phone when needed, but it takes longer than I anticipated to fully charge itself.",neutral
"The blender handles smoothies fine, though it struggles a bit with large ice chunks unless pulsed.",neutral
"The desk lamp provides sufficient light and the controls are simple, but it's a basic design without extras.",neutral
The hiking boots are solid for day hikes; they feel a bit stiff at first but break in after some use.,neutral
"The cookbook contains some useful recipes and clear photos, though a few dishes needed tweaks for my taste.",neutral
The photo printer produces acceptable prints for casual use; professionals might want a higher-end model.,neutral
"The mattress topper adds some cushioning, though it doesn't dramatically change a firm mattress's feel.",neutral
"The noise-cancelling works in steady environments, but it's less effective with sudden, high-pitched noises.",neutral
"The graphic novel features nice artwork, and the story is modestly entertaining though not groundbreaking.",neutral
The coffee maker brews reliably but lacks advanced programmability some users might want.,neutral
"The phone case protects against light drops, but it's bulkier than I expected for its level of protection.",neutral
"The streaming series has moments of genuine charm, though some episodes are slower paced than others.",neutral
The jacket is water-resistant and fairly warm; it's suitable for light rain but not heavy downpours.,neutral
"The earbuds are compact and convenient for calls, but fit varies between users so results may differ.",neutral
"The memoir is readable and occasionally insightful, though it doesn't break much new ground in the genre.",neutral
"The grow light provides steady illumination and seems to help seedlings, but results depend on plant type and placement.",neutral
The board game plays well with a consistent group; casual players might find the setup a bit involved.,neutral
"The vacuum picks up surface debris effectively, though deep carpet cleaning may require a more powerful model.",neutral
The skincare serum is lightweight and absorbs quickly; certain skin types may see visible changes over time.,neutral
"The puzzle book has a range of difficulties and is fine for relaxed pastime, though some puzzles repeat patterns.",neutral
"The running shoes are comfortable for short to medium distances, but long-distance runners may prefer more cushioning.",neutral
The portable speaker projects sound well at moderate volumes; extreme bass lovers might want more low-end extension.,neutral
The water bottle insulates for several hours; it performs as advertised in typical daily use.,neutral
"The animated movie is family-friendly and colorful, with humor that lands more for kids than adults at times.",neutral
"The ergonomic chair offers adjustable support, though you may need to tweak settings to find the right fit.",neutral
The baby monitor streams clear video at close range; range and performance vary with walls and interference.,neutral
"The backpack carries essentials and has useful pockets, but larger laptops may fit more snugly than expected.",neutral
The gardening tools feel balanced in the hand; durability should be fine for regular home gardening tasks.,neutral
The thriller podcast has a solid production; some episodes resolve predictably while others pull you in more.,neutral
"The sheets feel smooth initially, but fabric performance will depend on washing habits and detergent used.",neutral
"The smart thermostat has helpful scheduling features, though setup can be fiddly depending on your wiring.",neutral
The binoculars have adequate magnification for casual wildlife viewing; stability improves with a tripod.,neutral
The slow cooker is convenient for hands-off meals; browning beforehand helps flavor since it stews rather than sears.,neutral
The coloring book is relaxing and the paper is decent; heavier markers may bleed through certain pages.,neutral
The sunglasses block sun effectively and fit comfortably for me; fit may vary by face shape.,neutral
The action camera shoots crisp daytime footage; stabilization and low-light performance are average for the class.,neutral
The sci-fi book explores interesting ideas but leans more on concept than character development at times.,neutral
The electric toothbrush cleans well on a daily basis; replacement heads are an ongoing expense to consider.,neutral
The travel adapter is a handy compact option for occasional travel; ensure compatibility with your devices first.,neutral
"The weighted blanket offers steady pressure and may help some people sleep better, though weight preference varies.",neutral
The desk organizer helps reduce clutter if you commit to using it consistently; it doesn't solve organizational habits alone.,neutral
The tea sampler includes a range of flavors; a few were memorable while others were more ordinary to my palate.,neutral
The digital camera performs well in daylight; you'll notice limitations in low light unless you bump up ISO.,neutral
The pajamas are soft and comfortable for lounging; size runs true for most people but check the sizing chart.,neutral
The language app is convenient for microlearning; long-term fluency will require additional practice and exposure.,neutral
"The tabletop game has strategic depth for players who enjoy planning, but casual groups may prefer faster games.",neutral
The portable projector is compact and suitable for casual movie nights; ambient light control improves image quality significantly.,neutral
"The headphones are decent for voice calls; if you need extended comfort for marathon sessions, test the fit first.",neutral
The baking cookbook has solid basic recipes; advanced bakers might look for more technical detail in other texts.,neutral
The camping tent is lightweight and suitable for fair-weather trips; heavy rain or strong winds will test the seams.,neutral
The leather wallet looks good and functions for daily use; leather develops a patina differently depending on care.,neutral
"The language phrasebook is handy for short trips, though pronunciation guides vary in usefulness depending on your ear.",neutral
"The umbrella keeps light rain off and folds compactly, but a heavy storm may challenge its frame.",neutral
"The jazz album contains some relaxing tracks and a couple of standout solos, offering a pleasant listen overall.",neutral
The baby monitor app is feature-rich but can be overwhelming with settings; defaults work well for basic use.,neutral
The cordless drill is convenient for home projects; battery life is acceptable for intermittent tasks but heavy work drains it faster.,neutral
The interactive kids' book is engaging for short reading sessions; younger children may need adult guidance for all features.,neutral
"The table lamp has a clean aesthetic and provides warm light, though the switch placement feels slightly awkward to me.",neutral
The subscription box delivered an interesting assortment this month; value depends on how much you like the curation each cycle.,neutral
The cat scratching post provides a surface for claws but stability depends on placement and the cat's enthusiasm.,neutral
"The TV season explores some intriguing themes, but episodes vary in strength across the arc.",neutral
"The bread maker is convenient for basic loaves, though artisan-style crusts may require additional techniques.",neutral
The photography book contains beautiful shots and useful context; production quality is generally solid for browsing.,neutral
The humidifier works quietly and raises moisture in a room; regular cleaning is important to avoid mineral buildup.,neutral
The paintbrush set includes practical sizes and reasonable quality for hobbyists; professionals may want premium options.,neutral
The insulated gloves are warm enough for mild cold; extreme temperatures may require thicker gear.,neutral
The strategy game rewards careful planning; new players might need a few rounds to grasp the balance of options.,neutral
The reading chair is comfortable for short reading sessions; extended lounging might require firmer lumbar support.,neutral
"The animated series has strong visuals and a consistent tone, though it doesn't push boundaries narratively.",neutral
The beard trimmer performs standard grooming tasks and is convenient for quick touch-ups; blade maintenance matters for longevity.,neutral
"The bike lock is functional for casual stops; for high-risk areas, a heavier-duty lock is advisable.",neutral
The spice jars are practical for organizing a pantry; airtight seals help but check occasionally for freshness.,neutral
The YA novel addresses relatable themes for teens; execution is solid though not deeply original.,neutral
The pop-up tent sets up quickly and is fine for short trips; long-term durability depends on frequency of use and care.,neutral
The battery mower is quieter and less fussy than gas models for small yards; runtime varies with grass length and terrain.,neutral
The saw cuts well for basic carpentry; heavier renovation work may benefit from more industrial-grade tools.,neutral
The noise machine provides steady sound options; some users prefer more naturalistic noises depending on sleep preference.,neutral
The artisan jam has clear fruit flavors; sweetness levels may suit some palates better than others.,neutral
The slippers are cozy for indoor wear but the sole is thin for frequent outdoor steps to the porch.,neutral
The graphic design book is visually inspiring and offers introductory exercises; deeper technique may require supplementary resources.,neutral
The electric trimmer is handy for light yard work; heavy-duty trimming may call for a sturdier line or professional equipment.,neutral
"The streaming documentary raises interesting points and the visuals are engaging, though it doesn't exhaust the topic.",neutral
The minimalist wallet holds essentials and slips into pockets easily; capacity is limited by design choices.,neutral
The sweatshirt is comfortable for daily wear; care instructions will influence how it holds up over time.,neutral
The robot vacuum handles everyday crumbs well; occasional manual attention is still required for corners and thresholds.,neutral
The cocktail recipe book introduces fun variations on classics; some recipes require uncommon ingredients for full effect.,neutral
The lens filter alters color subtly and protects the glass; effects vary with shooting conditions and preferences.,neutral
The power strip provides several outlets and surge protection; spacing is adequate for most plugs but bulky adapters may crowd it.,neutral
The anthology gathers varied voices; readers will likely find some favorites among pieces that differ widely in style.,neutral
The picnic blanket is convenient for casual use; heavy moisture or rough ground will test the fabric's resilience.,neutral
The writing course gives clear prompts and structure; personalized feedback would enhance the learning experience.,neutral
The turmeric supplement is easy to take; effects on inflammation may be subtle and vary among individuals.,neutral
The curtains block some light and insulate moderately; heavier blackout curtains perform better for full darkness.,neutral
"The mini waffle maker is fun for occasional use, though batter distribution can affect final shape and doneness.",neutral
"The rom-com film delivers predictable pleasures; fans of the genre will likely enjoy it, others less so.",neutral
The reusable notebook digitizes notes adequately; app reliability matters if you plan to depend on cloud backups.,neutral
The camping stove is compact and suitable for basic meals; strong winds will reduce efficiency without a windscreen.,neutral
The thriller novel keeps moving and has a clear hook; some plot points wrap up in a straightforward way rather than surprising twists.,neutral
The gaming mouse is responsive and customizable; extra buttons require some setup to fit your workflow or playstyle.,neutral
The vegan cheese offers a dairy-free option that works in some dishes; melting and flavor differ from traditional cheese varieties.,neutral
The personal blender is convenient for smoothies on the go; ice and dense mixtures may need short pulses and patience.,neutral
The folding chair is portable and useful for occasional events; expect typical wear with regular outdoor use.,neutral
The ASMR channel provides varied triggers; effectiveness for relaxation depends on personal preference and sensitivity.,neutral
The travel pillow is compact and helps some neck support needs; taller sleepers may need a different shape for full comfort.,neutral
The lunch bag insulates for a workday and has useful compartments; bulky containers reduce its internal capacity.,neutral
The measuring cups measure accurately and are convenient; plastic models may stain over time compared to metal ones.,neutral
The DIY kit is entertaining for a rainy afternoon; complexity varies by kit and adult supervision helps younger builders.,neutral
The lullaby album sets a calm mood; parents will decide if the style suits their child's sleep routine.,neutral
The snow boots handle light snow and short walks; deep or wet snow situations call for more heavy-duty footwear.,neutral
The electric skillet cooks evenly for many dishes; using oil and temperature control helps prevent sticking on some foods.,neutral
The poetry collection includes pieces that land and others that feel more experimental; tastes will vary widely.,neutral
The vanity mirror provides even lighting for touch-ups; battery versus plug-in choice affects portability and brightness consistency.,neutral
The toolbox stores tools neatly and is fine for household needs; heavy professional tools may require a more rugged case.,neutral
The productivity app offers useful timers and routines; adapting it to your workflow takes some initial setup time.,neutral
The memory foam pillow supports well for many sleepers; side sleepers versus back sleepers may perceive firmness differently.,neutral
"The short story collection has variety in voice and approach; not every piece will resonate with every reader, which is typical for anthologies.",neutral
The cooking class covers useful techniques in a short time; follow-up practice is needed to master the methods at home.,neutral
The bread knife slices bread adequately; specialty bakeries' crusts may still challenge serration styles differently.,neutral
The game soundtrack is serviceable background music; whether it stands alone depends on personal taste and familiarity with the game.,neutral
The protagonist’s quiet resilience in this novel stayed with me long after I closed the book — beautifully observed and emotionally grounded.,positive
This documentary manages to balance nuance with strong visuals; I learned a lot and appreciated the measured tone of the director.,positive
"A charming, warm film that relies on heart rather than spectacle — predictable at times but genuinely moving in spots.",positive
The pacing in this mystery is impeccable; clues are dropped with finesse and the reveal landed in a satisfying way.,positive
"Sharp dialogue and an intriguingly unreliable narrator made this book a delight — I laughed, cringed, and kept turning pages.",positive
An energetic blockbuster with bold set pieces and a surprisingly tender core — the leads have great chemistry.,positive
"This indie drama feels lived-in and true, with subtle performances that say more than the script sometimes does.",positive
A clever sci-fi concept executed with enough heart to make the speculative bits feel human and accessible.,positive
"The memoir’s honesty is the main draw — raw, funny, and reflective without feeling performative.",positive
The animated film is a visual feast with emotional beats that land for both kids and adults. A real crowd-pleaser.,positive
The thriller keeps tension taut across its chapters and delivers a finale that felt earned rather than cheap shock value.,positive
"A lyrical novel that treats language like a fine instrument — a slower read, but richly rewarding if you slow down with it.",positive
This romantic drama avoids clichés and invests in character development — the small moments are the most powerful.,positive
The documentary’s archival footage paired with contemporary interviews made the subject feel immediate and relevant.,positive
A fast-paced crime film with flair and an ensemble cast that elevates even the weaker scenes — thoroughly entertaining.,positive
The book’s worldbuilding grabbed me from the first chapter; it’s immersive without being overwhelming and characters feel real.,positive
"A smart, witty screenplay with sharp observations about modern life — I chuckled more than once and felt seen.",positive
"The author’s voice is distinct and compelling, weaving humor and heartbreak into a narrative that sticks with you.",positive
"An excellent debut novel — confident prose, memorable scenes, and characters I care about following into the next book.",positive
"The film’s score and cinematography blend to create a mood that lingers, even if the plot moves predictably.",positive
A thoughtful essay collection that balances personal anecdote with broader cultural insight — approachable and resonant.,positive
The movie surprises with a bold narrative choice halfway through that recontextualizes everything in the best way.,positive
"This historical novel handles research with a light touch, using detail to enhance the human story rather than bog it down.",positive
"A heartbreaking, beautifully written book about family and memory — I cried and then felt grateful for the experience.",positive
"Playful and inventive, this film doesn’t take itself too seriously but still has plenty to say beneath the surface.",positive
"The protagonist's arc feels authentic and well-paced, making the character’s decisions believable and moving.",positive
A tightly plotted mystery that balances character study with clever plotting — one of the better entries in the genre this year.,positive
"The documentary presents differing perspectives fairly, which made the conclusions more convincing and credible.",positive
"A cozy, atmospheric read perfect for rainy afternoons — not groundbreaking but comfortably satisfying.",positive
The writing is crisp and wry; the author’s observations about everyday absurdities land with delightful precision.,positive
An action-packed spectacle that knows how to have fun — crowd-pleasing set pieces and a soundtrack that sticks with you.,positive
The novel quietly explores grief and recovery with sensitivity; small gestures between characters feel lived-in.,positive
"A well-constructed screenplay with taut dialogue — the actors clearly trust the material, and it shows on-screen.",positive
"The pacing stumbles occasionally, but overall the character work and emotional payoff are worth the read.",positive
An immersive fantasy with inventive magic and a protagonist who grows into their complexity rather than simply existing as a trope.,positive
"The comedy had me laughing out loud; timing and chemistry are on point, making for an enjoyable theater outing.",positive
A potent blend of history and personal narrative; the author makes dry facts feel intimate and relevant.,positive
The cinematography in this film is gorgeous — each frame feels deliberately composed and rich with texture.,positive
"A briskly paced memoir with memorable vignettes and a voice that feels friendly, honest, and slightly irreverent.",positive
The screenplay's restraint is refreshing; it trusts the audience and allows silence to speak volumes in key scenes.,positive
A sweet YA novel that captures the awkwardness and joy of first love with an empathetic eye.,positive
"The novel’s structural experimentation pays off, rewarding readers who enjoy puzzles and nonlinear storytelling.",positive
A quietly provocative film that lingers; takes its time but rewards patience with subtle emotional complexity.,positive
Strong supporting characters elevate a plot that could have been run-of-the-mill — ensemble work done right.,positive
"The book’s protagonist is flawed but sympathetic, and the moral dilemmas posed felt timely and well-argued.",positive
An intimate drama with a superb lead performance — the emotional honesty carries the whole film.,positive
"The author balances humor and gravity with ease, producing an essay collection that’s as entertaining as it is thoughtful.",positive
"Bold directorial choices make this film stand out; not everything lands, but when it does, it’s brilliant.",positive
"A readable, practical self-help book that offers useful frameworks without feeling preachy — approachable and helpful.",positive
"The pacing builds steadily to a satisfying conclusion, and the plot threads are resolved with care and attention.",positive
A character-driven story that eschews spectacle for nuanced interpersonal dynamics — quietly excellent.,positive
"The dialogue snaps with personality and the setting feels fully realized — a fun, immersive read.",positive
An inspiring documentary about an overlooked artist that finally gives their work the context it deserves.,positive
The novel layers small details that accumulate into a surprisingly complex portrait of a community — subtle and rewarding.,positive
"A lean thriller that wastes no words and keeps a steady, relentless pace to the finish.",positive
"Sweetly told with a voice that feels authentic to its characters — perfect for readers who like quiet, human stories.",positive
An inventive rom-com that avoids easy tropes and gives its leads room to grow beyond the meet-cute.,positive
The director's use of light and shadow heightens emotion throughout — a beautiful film to behold.,positive
"A strong middle-grade adventure with heart, humor, and pace that keeps younger readers engaged from start to finish.",positive
The novel's dialogue crackles with wit and the plot unfolds with satisfying misdirection — a real page-turner.,positive
A heartfelt documentary that connects personal testimony with broader social issues in a meaningful way.,positive
This film’s score is one of its triumphs — it underscores emotion without ever feeling manipulative.,positive
The book's ending felt earned and resonant; I closed it feeling that the characters had truly moved forward.,positive
A pleasantly unpredictable plot that keeps you guessing while maintaining emotional clarity about its themes.,positive
"The novel's prose is vivid and tactile, making domestic scenes feel cinematic and immediate.",positive
"Smart satire that lands often, with a protagonist who’s complicated and oddly sympathetic despite flaws.",positive
"A sweet, well-acted indie with an intimate script — not flashy, but consistently thoughtful and affecting.",positive
"The narrative voice is fresh and funny, making the book an easy and enjoyable companion on commutes.",positive
The cinematography and acting combine to create a film that feels hand-crafted and deeply human.,positive
A solid whodunit with clever clues and a satisfying detective arc — classic mystery pleasures done well.,positive
The memoir's candor about missteps and recovery felt brave and offered genuinely helpful reflections.,positive
This coming-of-age film captures the awkwardness of adolescence with warmth and an honest eye for detail.,positive
A compelling narrative voice makes even slow plot stretches enjoyable — the author's craft shines throughout.,positive
The screenplay balances humor with seriousness in a way that keeps tone consistent while allowing emotional depth.,positive
"An unexpectedly moving film about ordinary people doing their best — simple, sincere, and effective storytelling.",positive
The novel's minor characters are richly sketched and add depth to an already absorbing main plot.,positive
An engaging historical drama that humanizes its subjects without sacrificing factual complexity.,positive
"The ending surprised me in a good way — not just for shock, but because it deepened the themes in unexpected ways.",positive
A delightful blend of humor and poignancy; the book balances tone masterfully and left me smiling and thoughtful.,positive
"The director stages scenes with economy and power, making the film feel tightly controlled and purposeful.",positive
"Fresh, energetic writing and a protagonist whose voice I’ll remember for a long time — a standout debut.",positive
The movie's child actors are natural and bring an authenticity that elevates the whole production.,positive
The novel wrestles with big ideas while staying grounded in everyday moments — ambitious and affecting.,positive
A heartfelt exploration of friendship that felt tender without ever tipping into saccharine territory.,positive
Inventive structure and memorable set pieces make this one of the more original films I've seen lately.,positive
"The book's pacing surprised me — deliberate at first, then building momentum in a way that felt satisfying.",positive
"A tidy, well-constructed plot with just enough character complexity to keep it compelling from start to finish.",positive
The film’s lead delivers a career-best performance that anchors the entire piece with nuance and restraint.,positive
An accessible nonfiction read that explains complex ideas clearly without dumbing them down — informative and fair.,positive
The novel's quiet wit and humane perspective made it a comforting and thought-provoking read.,positive
A skillful blend of tension and tenderness — the movie stays with you longer than you'd expect from its premise.,positive
The narrative's small details accumulate into a vivid portrait of grief and healing — very moving writing.,positive
A sure-footed director and a tight script produce a film that rarely stumbles and often delights.,positive
"This book is funny, honest, and surprisingly wise about the small things that shape our lives.",positive
"The cinematic choices — framing, color, and sound — all serve the story in a way that feels intentional and skilled.",positive
A propulsive read with high stakes and human cost that made the tension feel plausible and compelling.,positive
"The author handles multiple perspectives deftly, allowing each voice to feel distinct and necessary to the story.",positive
"A warm, absorbing film that finds joy in the mundane and makes ordinary lives feel worth watching.",positive
"Precise, economical prose and a narrative that trusts the reader to fill in emotional gaps — very gratifying.",positive
The book's humor is smart and often surprising; I found myself smiling through many scenes.,positive
The director's restraint is refreshing; the film avoids melodrama and finds emotion in small gestures.,positive
A melancholy yet hopeful story about growing older and finding small pleasures — quietly tender.,positive
"This novel’s thematic ambition pays off, delivering a satisfying arc that lingers after the final page.",positive
The screenplay's economy keeps scenes focused and reveals character through action rather than exposition.,positive
A luminous piece of filmmaking where the visual language speaks as loudly as the dialogue.,positive
"Engaging, well-paced, and emotionally resonant — a book that balanced heart with sharp insights about humanity.",positive
"The film takes risks and mostly succeeds, offering fresh perspectives within a familiar genre framework.",positive
"The author's ear for dialogue and small, telling details makes this novel sing in quiet, unexpected ways.",positive
"A crisp, witty screenplay and charismatic performances make this a delightful watch from start to finish.",positive
"This autobiographical work blends humor and pathos effectively, making it both entertaining and thought-provoking.",positive
A surprisingly tender sci-fi romance where emotional stakes feel as important as technological ones.,positive
"The novel wraps complex themes in accessible prose, allowing readers to engage without feeling overwhelmed.",positive
The film’s editing is sharp and the rhythm keeps the audience invested even when the plot slows briefly.,positive
"A complex, layered mystery that rewards attentive reading and pays off with a satisfying conclusion.",positive
"Warm, character-driven storytelling with small pleasures throughout — a gentle recommendation for slow readers.",positive
"Strong visual metaphors and bold choices make this film distinctive, even if it won't please every viewer.",positive
An enjoyable beach read with more heart than the genre usually offers — breezy but sincere.,positive
The tense courtroom scenes and sharp dialogue make this legal drama particularly engaging and believable.,positive
A melancholy novel that handles regret with nuance and gives its characters space to breathe and change.,positive
The film's choreography and action set pieces are outstanding and executed with convincing clarity.,positive
"A lively, informative nonfiction title that manages to be both entertaining and fact-rich without losing pace.",positive
"The prose is tactile and rhythmic, making routine scenes feel vivid and significant.",positive
The movie’s casting choices feel inspired — several bit players leave a strong impression despite limited screen time.,positive
"An elegant, meditative book that rewards patience with quiet revelations and careful sentences.",positive
"The director crafts a deeply human story from a small premise, proving less can be more in cinema.",positive
A satisfying blend of mystery and family drama with an ending that lands emotionally rather than narratively cheap.,positive
"Clean, assured prose and a protagonist whose interior life is interestingly complex — a standout contemporary novel.",positive
The film's use of practical effects adds a tactile realism that CGI-heavy movies often miss — refreshing and effective.,positive
The book's humor and heartbreak sit side-by-side in a way that feels honest rather than manipulative.,positive
An insightful film about friendship and ambition that avoids easy moralizing and trusts its audience to think.,positive
The storytelling is economical and the stakes feel real — an impressive achievement for a debut novelist.,positive
Compelling performances anchor a film that otherwise skates close to sentimentality but never slips fully into it.,positive
A morally curious novel that asks difficult questions without offering easy answers — thought-provoking and brave.,positive
"The score and sound design elevate the film’s quieter moments, creating an immersive emotional landscape.",positive
Sincere and well-observed; the novel captures the texture of daily life in a way that feels both fresh and familiar.,positive
"The film strikes a nice balance between spectacle and intimacy, making big moments feel personally consequential.",positive
"The author writes with compassion for flawed people, which makes even unlikable characters feel human and interesting.",positive
"A smartly written rom-com that avoids clichés and gives its leads real, earned chemistry on screen.",positive
Meticulous research underpins a rich nonfiction narrative that reads like a novel in its storytelling momentum.,positive
"The novel's humor is dry and sharp, delivering laughs that land precisely where the author intends.",positive
An affecting story of resilience that emphasizes character over melodrama — quietly powerful.,positive
"The film's structure experiments pay off, creating a tapestry of perspectives that deepen the central themes.",positive
"The book offers genuine insights about parenthood without preaching — practical, humane, and readable.",positive
"A heartfelt, elegiac film that honors memory and loss with restraint and dignity — not easy but rewarding viewing.",positive
The writing is economical and the plot moves with a disciplined focus that keeps readers engaged throughout.,positive
An original satire that skewers cultural pretensions with wit and a surprisingly tender heart.,positive
"The film's visual storytelling is confident, and the climactic scene is beautifully staged and emotionally earned.",positive
"A solid, enjoyable mystery with credible motives and a detective you want to follow through future installments.",positive
The novel mixes dark humor and tenderness in a way that feels honest and unexpectedly moving.,positive
Delicate emotional beats handled with care — this film trusts the audience and is kinder for it.,positive
"An intelligent, nuanced exploration of identity that sidesteps easy answers and rewards patience.",positive
The pacing is brisk and the characters are distinct; a satisfying procedural that doesn't overstay its welcome.,positive
"A witty, observant novel about modern friendships with real heart underneath the jokes.",positive
The film's ending made sense emotionally even if it wasn't the most surprising twist — still satisfying.,positive
Compelling new voice in fiction; the writer handles dialogue like a pro and scenes feel vividly alive.,positive
An enjoyable blend of period detail and modern sensibility that brought the historical setting to life without feeling stilted.,positive
The director's restraint allows small performances to shine — a quietly confident piece of filmmaking.,positive
A propulsive spy thriller with layered plotting and morally ambiguous characters that keep you guessing.,positive
"Honest, clear-eyed memoir writing that avoids glamorizing hardship while still finding meaning in it.",positive
Elegant prose and a patient narrative that rewards readers willing to sit with subtle character shifts.,positive
"The film’s comedic set pieces are inventive and land often, making it a reliably funny night at the movies.",positive
An affecting portrait of family that balances humor with pain and feels deeply lived-in rather than staged.,positive
"The novel is beautifully paced, with chapters that build tension steadily until a gratifying release near the end.",positive
An atmospheric film with strong performances that conjures a convincing sense of place and mood.,positive
A moving book about aging that honors its subjects without sentimentality and contains surprising moments of joy.,positive
"The director uses minimalist techniques to great effect, making ordinary moments resonate with unexpected power.",positive
"A sharp, concise read full of clever observations about contemporary culture — witty and nimble prose.",positive
"The film's production design is exceptional and enriches the storytelling, giving every set detail purpose.",positive
"The novel balances humor and melancholy, giving it a bittersweet tone that lingers pleasantly after reading.",positive
A satisfying character study that dwells on the small choices that define a life rather than big dramatic turns.,positive
"An inventive, tightly coiled psychological drama that unfolds with chilling precision and restraint.",positive
Accessible and engaging writing make this nonfiction topic enjoyable to read even for newcomers to the subject.,positive
The movie's toggle between past and present is handled deftly and deepens emotional understanding of the characters.,positive
The novel's use of language is quietly gorgeous — sentences that linger and images that stick in the mind.,positive
"An intimate documentary that foregrounds ordinary people and finds resonance in small, personal narratives.",positive
Strong plotting and a sympathetic lead make this mystery one I was happy to recommend to friends.,positive
"A thoughtful, layered film that invites multiple viewings to catch its subtler narrative threads.",positive
The protagonist's inner life is handled with care and the scenes of domesticity feel as important as the plot's bigger moves.,positive
"A gentle, hopeful story with a satisfying emotional arc and characters who feel earnestly human.",positive
"The author's wit and observational skill make this novel a pleasure to read, even in slower passages.",positive
"This film’s clever premise is matched by confident execution, resulting in consistent laughs and a warm heart.",positive
A well-researched biography that reads like a novel and offers fresh perspectives on a well-known life.,positive
"The novel unfolds with quiet authority, revealing secrets in measured doses that feel satisfying rather than manipulative.",positive
A charming ensemble piece where small interactions build into a satisfying communal story arc.,positive
Complex characters and moral ambiguity make this one of the year's more interesting political dramas.,positive
An accessible primer on a complicated topic that still leaves room for further curiosity and deeper study.,positive
"The film is both funny and tender, handling tonal shifts gracefully and keeping the audience engaged throughout.",positive
"The book's sensory detail is vivid and immersive, bringing settings to life in a way that felt transporting.",positive
"A moving, elegiac story that treats its subject matter with reverence and clear-eyed honesty.",positive
"The author's use of small, recurring motifs gives the novel a satisfying structural unity and emotional payoff.",positive
The film rewards patience with a slowly accruing emotional impact that hits harder than its quiet surface suggests.,positive
"A lean, effective mystery that focuses on motives and consequences rather than shocks and twists for their own sake.",positive
"The narrative voice is warm and reliable, making even difficult topics approachable and human.",positive
An entertaining adaptation that honors the source material while offering a few clever deviations of its own.,positive
The novel’s balance of humor and melancholy creates an oddly comforting reading experience that I enjoyed.,positive
"The film never over-explains, trusting viewers to make connections — a refreshing directorial confidence.",positive
"An absorbing read that kept me guessing until near the end, with motives that felt believable and grounded.",positive
The author's frankness about failure and resilience makes the memoir feel immediately relatable and humane.,positive
A film with real heart; it treats small kindnesses as dramatic currency and earns emotional rewards honestly.,positive
The book's structure — alternating timelines — works well to reveal character slowly and satisfyingly over the arc.,positive
An affecting coming-of-age tale that avoids sentimentality and captures youth with a clear-eyed empathy.,positive
The movie's comedic rhythm and snappy banter made it an unexpectedly fun night out — a solid crowd-pleaser.,positive
"A neat, compact novel that does a lot with a little — tight plotting, effective atmosphere, and memorable lines.",positive
The director's visual flourishes elevate what could have been a simple story into something genuinely artful.,positive
This memoir balances humor and pain in a way that feels honest and often very moving — would recommend.,positive
The book's spare prose leaves room for reader interpretation and rewards attentive engagement with subtle payoffs.,positive
"An emotional, well-acted drama that lingers because it trusts its characters and refuses easy answers.",positive
"The story's bittersweet tone is handled with care, avoiding melodrama while still delivering emotional clarity.",positive
A solidly written thriller with good momentum and a compelling central conflict that kept me invested.,positive
The film uses color and music effectively to underscore mood without being manipulative — tasteful and restrained.,positive
"An accessible, thought-provoking essay collection that will suit readers curious about contemporary life and culture.",positive
"The novel's quiet ending felt true to its characters and lingered with me in a satisfying, low-key way.",positive
"The film's interplay between realism and fantasy is handled with surprising grace, creating a distinct cinematic voice.",positive
"A brisk, witty read with smart dialogue and a plot that respects readers' intelligence without being showy.",positive
The author's ability to craft scenes of domestic detail is unmatched; the small chapters resonate deeply.,positive
A moving examination of memory and identity that rewards patient readers with subtle revelations.,positive
The film's cast all deliver nuanced performances that make the ensemble feel convincingly connected and lived-in.,positive
An assured novel that treats complex themes with clarity and compassion without oversimplifying the issues.,positive
The director makes bold framing choices that add a layer of meaning to otherwise straightforward scenes.,positive
"Well-paced and engaging, the mystery kept me thinking and the final twist landed without feeling cheap.",positive
An emotionally intelligent film that respects its characters' interior lives and avoids easy catharsis.,positive
"The writing is precise and economical, but still manages to be deeply evocative in short bursts.",positive
"This indie film's modest scale works to its advantage, allowing character and mood to take center stage.",positive
"A tender, smart romance that avoids easy answers and gives its characters believable flaws and growth.",positive
"The author's voice is fresh and engaging, making complex topics approachable with warmth and wit.",positive
An accomplished piece of storytelling — the plot and character arcs converge in a way that feels earned and moving.,positive
"Elegant and poignant, the novel explores intergenerational ties with nuance and care.",positive
"A thoughtful film that lingers in memory, not for spectacle, but for honest, quiet moments between characters.",positive
"The book's minor revelations accumulate into a satisfying whole, showing the author's skill with slow-burning plots.",positive
"An enjoyable, escapist read that still makes room for small observations about life that feel true.",positive
"A heartfelt, understated film that finds beauty in small gestures and everyday compassion.",positive
"Warm and witty, the essays in this collection land with charm and occasional surprising insight.",positive
An intimate portrait of a flawed protagonist that refuses easy judgment and rewards reader empathy.,positive
"This film's use of silence is brave and effective, letting performances fill narrative gaps in a compelling way.",positive
A satisfying literary puzzle that asks big questions while still delivering a humane story at its center.,positive
"An entertaining genre piece done with style and occasional depth, enough to satisfy both fans and newcomers.",positive
"Clear, evocative prose and a plot that moves with quiet, irresistible momentum — a recommended read.",positive
A film that balances humor and pathos with skill; I laughed and felt moved in the same sitting.,positive
The author's eye for detail makes scenes feel tangible and lived-in; a quietly impressive novel.,positive
A poignant film about choices and regrets that doesn't rely on melodrama to communicate its emotional core.,positive
"An engaging, well-timed thriller that keeps the puzzle tight and the stakes believable.",positive
The book's intimate focus on a small circle of characters yields rich character studies and meaningful payoff.,positive
"A film with a big heart and smart ideas — even when it falters, the ambition is admirable and often rewarding.",positive
"Light, funny, and surprisingly moving — a movie that manages to be both entertaining and thoughtful.",positive
"The narrative voice is wry and reliable, making even the more mundane scenes pleasurable to read.",positive
An impressive piece of visual storytelling; the film's imagery often communicates more than its dialogue.,positive
The novel treats ethical questions with nuance and refuses to paint any character as wholly good or bad.,positive
"A careful, compassionate memoir that situates personal story within larger cultural moments very well.",positive
The film's low-key approach rewards viewers who enjoy character study over plot-heavy spectacle.,positive
"The author's knack for small, telling details makes this a satisfying and surprisingly moving short novel.",positive
"A delightfully odd film that sticks in your mind, with memorable visual flourishes and a strong central performance.",positive
An excellent cast and tight script make this courtroom drama more compelling than many of its peers.,positive
"The novel's ending leaves room for thought rather than neat closure, which felt true to the story.",positive
"An eloquent, humane story about resilience that avoids melodrama and opts for quiet, earned emotion.",positive
An entertaining page-turner with real stakes and characters that feel recognizably human rather than archetypal.,positive
"The film's pacing is deliberate but never dull, allowing characters to breathe and choices to resonate.",positive
"A thoughtful, emotionally intelligent novel that rewards careful reading with subtle payoffs.",positive
The movie's production values are high and support the story without overshadowing character work.,positive
"An affecting, well-structured narrative that balances sorrow and hope without tipping into sentimentality.",positive
Sharp observations and lively prose make this book a consistently engaging read.,positive
The film's intimacy and restrained performances allow small moments to become memorable and affecting.,positive
The novel moves with patient confidence and delivers emotional moments that feel authentic and earned.,positive
An imaginative premise and strong execution make this book a standout in its genre — highly recommended.,positive
"A balanced, thoughtful documentary that lets subjects speak and invites the audience to draw conclusions.",positive
"An affecting character piece that lingers thanks to specific, tender details rather than exposition.",positive
"Engaging, witty, and surprisingly moving — this film exceeded my expectations in both tone and execution.",positive
"The book's language is clean and precise, propelling a plot that hinges on subtle emotional revelations.",positive
"An original, slyly funny screenplay that earns its laughs through character rather than cheap gags.",positive
"The novel captures a particular time and place with warmth and accuracy, making the setting feel like another character.",positive
A beautifully acted film where small gestures carry big emotional weight and the cast works seamlessly together.,positive
"An intimate, gently observant book about ordinary people that makes everyday life feel worth writing about.",positive
The movie's restrained ending is quietly effective and fit the film's tone rather than forcing a conventional resolution.,positive
"A witty, insightful memoir that balances levity with serious reflection — an engaging read from first page to last.",positive
"The film's inventive set pieces and brisk editing make it a fun, fast-paced cinematic ride.",positive
An emotionally resonant novel with a protagonist whose inner life is compelling and well-drawn.,positive
"The director's steady hand keeps the film focused and anchored, even when the plot skitters into ambiguity.",positive
"The book's dialogue is sharp and believable, giving characters distinct voices that enhance the reading experience.",positive
"A tender film about small acts of courage, told with restraint and unsentimental honesty.",positive
This novel's mix of humor and melancholy creates a tone that felt true and oddly comforting throughout.,positive
The film's casting is spot-on and several performances are quietly unforgettable — a real ensemble triumph.,positive
I love the cut of this jacket and it fits well across the shoulders; the fabric also feels durable enough for daily wear.,positive
"The new moisturizer absorbed quickly and left my skin feeling hydrated without a greasy finish, which was a nice surprise.",positive
This countertop blender pulverized frozen fruit smoothly and cleaned up faster than I expected for a full-size unit.,positive
The monthly book subscription introduced me to several titles I wouldn't have found otherwise and the selections feel thoughtfully curated.,positive
"My toddler takes to the new stacker toy easily and it holds up to repeated drops — simple, effective play value.",positive
"The linen shirt has a breezy, lived-in look that worked well through summer; it also held color after a few washes.",positive
This vitamin C serum brightened my skin tone subtly over a few weeks and didn't irritate my sensitive areas.,positive
The vacuum's suction is strong and the attachments make quick work of pet hair on upholstery.,positive
The snack subscription delivered a fun variety of treats from different countries and the packaging stayed fresh on arrival.,positive
The board book's thick pages survived my preschooler's enthusiastic page-turning and the illustrations are engaging.,positive
The jeans fit true to size and the stretch fabric kept them comfortable for long days without sagging at the knees.,positive
"The eye cream reduced puffiness noticeably after a week and didn't pill under makeup, which I appreciated.",positive
"This induction cooktop heats evenly and the controls are intuitive, making weeknight cooking faster.",positive
The streaming subscription's family plan has good parental controls and the kids' section is easy to navigate.,positive
The educational puzzle set holds a child's attention and the pieces are solidly made for repeated play.,positive
The blazer's tailoring looks sharp in person and the lining feels well-constructed for the price point.,positive
"The sunscreen blends invisibly and provides strong protection without a chalky residue, perfect for daily wear.",positive
The coffee maker's programmable timer means I wake up to fresh coffee and the flavor has been consistently good.,positive
The grooming subscription included a couple of new brands I liked and the sample sizes were practical to test.,positive
The ride-on toy steers smoothly and has held up to outdoor tile play; my kid loves the little horn sound.,positive
This knit sweater is cozy and retained its shape after several machine washes on gentle cycle.,positive
The cleanser removed makeup effectively without stripping my skin and the texture felt pleasant during use.,positive
"The microwave's defrost function works quickly and evenly, saving time during busy weeknights.",positive
The skincare box gave a nice mix of full-size and travel products and the curation felt relevant to my skin type.,positive
"The soft toy is well-stitched and the fabrics are gentle against my baby's skin, which gives me peace of mind.",positive
The dress has a flattering silhouette and the fabric drapes nicely without clinging in unflattering places.,positive
This retinol cream improved texture gradually and the included directions made it easier to introduce into my routine.,positive
"The dishwasher's quiet cycle is genuinely quiet and dishes come out clean without pre-rinsing, which saves time.",positive
Our meal kit subscription consistently arrives with bright produce and clear recipe steps that make cooking approachable.,positive
The wooden train set is classic and the paint is non-toxic; it's held up well over months of play sessions.,positive
The ankle boots are comfortable on a long city walk and the sole has good traction on slick sidewalks.,positive
"The facial mist is refreshing during the day and doesn't leave an oily film, perfect for office touch-ups.",positive
"The air fryer crisps frozen fries quickly and the basket wipes clean with minimal effort, which I appreciate on weeknights.",positive
The magazine subscription arrived on time and the variety of articles keeps me flipping pages each month.,positive
The stacking cups occupy my toddler for long stretches and nest neatly for compact storage — simple but effective.,positive
The tailored trousers look polished for work and the fabric resists wrinkles better than I expected.,positive
This overnight mask left my skin plumper in the morning and didn't cause breakouts after nightly use for two weeks.,positive
The refrigerator's flexible shelving made organizing leftovers easier and the temperature has been consistent.,positive
The streaming music plan's algorithm introduced me to new artists I liked and the curated playlists fit my mood well.,positive
The ride-on car's battery lasted as advertised and the remote-control feature gave me peace of mind for safety.,positive
The chambray top breathes well in heat and the stitching looked clean and secure upon inspection.,positive
The lip balm is moisturizing without being greasy and the subtle tint looks natural on most skin tones.,positive
"This slow cooker makes hands-off meals reliably and the ceramic pot is dishwasher-safe, which simplifies cleanup.",positive
"The wellness box has a calm, minimalist aesthetic and included a helpful booklet with small rituals to try.",positive
The magnet-board puzzle fosters problem-solving and survives toddler enthusiasm without losing pieces easily.,positive
The trench coat feels classic and the buttons are sturdy; it also repelled light rain on my commute.,positive
The facial oil absorbed without leaving an oily sheen and smoothed fine lines subtly over several applications.,positive
"The espresso machine pulls better shots than I expected for the price, though it takes a minute to heat up.",positive
The meal delivery subscription made busy nights manageable and portion sizes were reasonable for two people.,positive
The educational tablet's parental settings give fine-grained control and the screen time reminders are helpful.,positive
This T-shirt retained color and shape after multiple washes and the fabric felt softer with wear.,positive
"The toner balanced my skin without overdrying and felt lightweight during application, which I liked.",positive
The vacuum seamed to navigate tight corners better than our old model and reduced dust on the floors noticeably.,positive
The wine subscription delivered bottles that matched the tasting notes and expanded my palate with interesting varietals.,positive
The plush activity gym has varied textures that keep my baby engaged and is easy to fold away for visits.,positive
The blazer fabric resists pilling and the structure keeps a nice silhouette through a long day at the office.,positive
This hydrating serum helped reduce redness for me and layered well under sunscreen and makeup without balling.,positive
The oven's convection setting browned food evenly and the interior light makes checking progress easier without opening the door.,positive
The curated coffee subscription introduced single-origin beans I enjoyed and the roast profile fit my brewing method.,positive
The kid-friendly art set includes washable paints and sturdy brushes that survived several enthusiastic projects.,positive
The midi skirt drapes beautifully and the elastic waist is comfortable for all-day wear without feeling tight.,positive
The overnight serum softened texture and didn't irritate my sensitive combination skin during nightly use.,positive
"The dishwasher's adjustable racks made space for awkward pots and pans, saving time and elbow grease on busy nights.",positive
The grooming box has well-chosen seasonal items and the extras feel like thoughtful little treats each month.,positive
The puzzle mat keeps pieces contained and the foam is thick enough to protect delicate boards during playtime.,positive
The linen blazer breathes well in warm weather and the neutral color goes with many outfits I already own.,positive
"The sunscreen stick is easy to reapply on the go and doesn't leave white streaks, which is perfect for my outdoor routine.",positive
The multi-cooker replaced several appliances and the slow-cook function made tough cuts tender without fuss.,positive
The mystery subscription box sends a fun mix of niche items and the clues included made unboxing an entertaining experience.,positive
"The musical toy's volume is adjustable and the melodies are pleasant rather than grating, which I appreciated for nap time.",positive
The wrap dress flatters my shape and the fabric breathes without clinging — a versatile piece for dressing up or down.,positive
This calming serum has a subtle scent and helped my skin look less stressed after a week of use.,positive
The air purifier reduced odors in the kitchen and the filter replacement indicator is convenient and honest about timing.,positive
The streaming documentary subscription has rotating titles that keep the selection fresh and conversation-worthy.,positive
The building blocks set is great for cooperative play and the magnetic pieces click together securely for sturdy builds.,positive
The cardigan is soft and layers well; it's become my go-to for cool office air conditioning.,positive
The night cream is richer than my day products and provided visible hydration without clogging pores after a few nights.,positive
"The toaster browns evenly and the crumb tray slides out for simple cleanup, which I use almost every morning.",positive
The craft subscription sends high-quality materials and clear instructions that made weekend projects feel achievable.,positive
The plush book's textures encourage touch exploration and the fabric label is short and safe for infants.,positive
The tailored coat holds warmth well without feeling bulky and the collar stands up nicely against wind.,positive
This vitamin-infused moisturizer gave a slight glow and the packaging preserved product freshness well.,positive
The blender's pulse function helped me get a smoother texture on soups and the lid seal prevented splatters.,positive
The tea subscription's tasting notes are accurate and the sampler packs are convenient for discovering new favorites.,positive
"The kiddie puzzle's pieces are large and easy for little hands to manipulate, encouraging focus and pride when completed.",positive
The slip-on sneakers stayed comfortable on a full-day walking tour and the sole provided decent support for urban terrain.,positive
"The face cleanser foamed gently and left my skin refreshed without stripping natural oils, which I liked for morning use.",positive
The slow juicer yields more pulp-free juice than my old model and the cleanup is manageable with the included brush.,positive
"The magazine subscription's themes rotate nicely and deliver thoughtful, well-produced articles each issue.",positive
"The wooden stacking toy's colors are vibrant and non-toxic, which puts my mind at ease during playtime.",positive
"The trench dress is versatile and packs down well for travel without wrinkling badly, which impressed me.",positive
"The hand cream absorbed quickly and remained effective for hours without a greasy feel, ideal for frequent handwashing routines.",positive
"The range hood's fan is powerful and vents steam effectively, making the kitchen feel fresher while cooking.",positive
The snack box curation was adventurous and introduced my partner and I to new savory bites we both enjoyed.,positive
The bath book's waterproof pages clean easily and the illustrations kept my toddler's attention during tub time.,positive
The chinos have a polished look and the fabric breathes; I wore them all day and stayed comfortable at meetings.,positive
The serum's applicator dispenses a controlled amount which makes incorporating it into my routine neat and waste-free.,positive
The induction pan conducts heat evenly and the nonstick surface allowed me to cook with less oil than usual.,positive
The beauty box's sample sizes are generous enough to test products properly and the notes card explains why each item was chosen.,positive
The activity book includes age-appropriate challenges that kept my preschooler entertained during quiet afternoons.,positive
"The summer dress breathes well and the pattern hides minor stains, which is practical for outdoor events.",positive
The eye serum has a subtle cooling effect and made my under-eye area look smoother after regular use.,positive
"The countertop oven bakes evenly and preheats quickly, making weeknight dinners less of a chore.",positive
The curated wine club sends tasting notes and pairing suggestions that made exploring new bottles more approachable.,positive
The foam play letters stick to the bathtub wall well and encourage early letter recognition during splash time.,positive
"The chambray dress is casual yet put-together, and the pockets are deep enough to be genuinely useful.",positive
"The blemish treatment reduced inflammation overnight and didn't leave an irritating residue, which was a relief.",positive
"The espresso grinder is quiet and consistent, improving shot quality noticeably compared to blade grinders.",positive
The snack subscription arrived on time with well-sealed packs and portion sizes that work for sharing with friends.,positive
The baby activity cube offers multiple play faces that rotate with interest and each side is solidly constructed.,positive
The wool sweater kept me warm on a chilly evening and the seams held up well through the season.,positive
The brightening mask left skin looking refreshed and the fragrance was mild enough not to be distracting.,positive
The refrigerator's water dispenser is handy and the ice maker produces perfectly shaped cubes for cocktails and iced drinks.,positive
The streaming service's documentary selection is strong and the interface makes it easy to find themed collections.,positive
The magnetic letters are a good size for kitchen play and the colors are bright without fading after several weeks.,positive
This tailored suit looks professional and the fabric breathes better than cheaper suit materials I've tried before.,positive
"The cleansing balm melts makeup effectively and rinses clean without residue, leaving skin soft rather than tight.",positive
The robotic vacuum's schedule feature fits neatly into our cleaning routine and keeps floors presentable with minimal effort.,positive
The book club subscription provides discussion guides that made our monthly meetups more meaningful and fun.,positive
The stacking rings are sturdy and the color contrast supports early visual development for infants.,positive
The rain jacket kept me dry during a downpour and the taped seams held up where cheaper jackets tend to leak.,positive
"The facial exfoliant refined texture without over-drying, though I used it less frequently at first to gauge tolerance.",positive
The blender's tamp accessory helped make smoothies smoother and ingredients blended consistently from top to bottom.,positive
The curated snack crate is a great way to sample international flavors without committing to large packs of each item.,positive
The baby balance bike encourages coordination and the adjustable seat lets it grow with my child for several seasons.,positive
"The linen top kept me cool on humid days and the stitching remained intact after several washes, which is always reassuring.",positive
The hydrating mask didn't irritate my rosacea-prone skin and added a visible plumpness by morning after a single use.,positive
"The toaster oven's timer is accurate and the crumb tray is removable, making weekly cleanups straightforward and quick.",positive
The subscription snack box had good portion variety and the included spice blends made several items feel special.,positive
"The sensory board has safe, tactile elements and the screws are recessed for safety, which I appreciated as a parent.",positive
The structured blazer maintained its shape through a long workweek and the buttons stayed securely sewn on.,positive
This SPF moisturizer layers well under makeup and the finish is dewy without being greasy — great for my routine.,positive
The range's warming drawer is genuinely useful for keeping dishes ready during dinner parties without drying out food.,positive
The literary subscription sends thoughtful selections and the accompanying essays give context that deepened my reading.,positive
The ride-on scooter's handlebars adjust easily and the grips stayed tacky after weeks of sidewalk cruising.,positive
The lightweight scarf packs down small and adds a polished touch to outfits without looking fussy.,positive
The foaming cleanser rinsed clean and left a fresh feeling; I appreciated that my skin didn't feel stripped afterward.,positive
The slow cooker timer is intuitive and the sealed lid keeps aromas from escaping into the whole house during long cooks.,positive
The sample subscription box gave me a new favorite moisturizer and the sample sizes were generous enough to test properly.,positive
"The stacking blocks set includes numbers and letters, which added an educational bonus to regular play sessions.",positive
"The wool coat is warm but not overly heavy, making it practical for commuting without feeling cumbersome.",positive
The overnight repair cream helped smooth rough patches and the texture sunk in quickly without a greasy residue.,positive
"The dishwasher's third rack is handy for utensils and small items, improving load flexibility on busy nights.",positive
The curated tea subscription had a nice range of black and herbal options and the packaging protected fragile sachets well.,positive
The sensory plush's varied fabrics kept my toddler engaged longer than some of their other toys and it washed well in the machine.,positive
"This summer blouse felt breezy and looked as pictured online, which was a relief after ordering multiple sizes from other shops.",positive
The vitamin-infused toner left a subtle radiance and the bottle dispensed just enough product to avoid waste.,positive
The induction cooker is responsive to heat changes and reduced cooking time for my weekday meals significantly.,positive
The monthly hobby kit has clear instructions and good-quality supplies that made the weekend project feel satisfying rather than frustrating.,positive
The wooden bead maze is solidly built and the paint hasn't chipped despite enthusiastic exploration by my toddler.,positive
The tailored jumpsuit fits my proportions well and the zipper is sturdy enough for repeated wear without snagging.,positive
The brightening essence left skin looking more even after a couple weeks and didn't interfere with my other products.,positive
"The air fryer basket's nonstick coating cleaned easily and the appliance heats quickly, which saved time on busy nights.",positive
The craft subscription's themes felt fresh each month and the included project booklet had step-by-step photos that helped.,positive
The foam alphabet rug is soft but sturdy and became a favorite reading spot for my preschooler within days of laying it out.,positive
The blazer's lining felt well-stitched and the lapels kept their shape even after long travel days without creasing badly.,positive
The serum's gentle formulation made it easy to layer under other treatments and my skin responded well to short-term use.,positive
The rice cooker made perfectly textured rice with minimal fuss and the keep-warm setting held temperature without drying the grains.,positive
The subscription wine notes and tasting cards made it fun to host a small tasting night with friends and learn pairings.,positive
The pop-up book's mechanisms engaged my child and the paper engineering feels robust enough for repeated bedtime readings.,positive
The shirt's hemline matched the online photos and the fabric blend resisted clinging in humid conditions.,positive
The calming serum smelled faintly herbal and seemed to calm redness after repeated nightly application for two weeks.,positive
"The blender's motor is powerful enough for nut butters and thick shakes without bogging down, which impressed me.",positive
The monthly stationery box included premium paper and interesting prompts that sparked a fresh writing habit for me.,positive
The soft-block set stacks reliably and the rounded edges feel safe for toddlers exploring motor skills and balance.,positive
"The raincoat's hood stayed up in windy conditions and the seam taping did its job during a long, wet commute.",positive
"The night cream's richer texture absorbed well and left skin comfortable through cool, dry nights without flaking.",positive
The oven's self-clean function did a decent job and the interior racks slid smoothly even after several heavy uses.,positive
The curated snack subscription balanced sweet and savory options well and included notes about cultural origins that were interesting.,positive
The toddler puzzle's knobs are the right size for small hands and the illustrations are bright without being overstimulating.,positive
"The linen blouse breathes well and the natural texture hides small wrinkles, making it an easy travel piece.",positive
The hyaluronic booster layer sits comfortably under moisturizer and adds a bouncy hydration that lasted through the day for me.,positive
"The portable grill reached temp quickly and the grates are easy to clean after use, ideal for weekend barbecues.",positive
The subscription for curated art prints introduced me to several artists I now follow and the prints arrived undamaged.,positive
"The sensory balls are soft, easy to grip, and great for little hands practicing coordination.",positive
I like the relaxed fit of these joggers and the fabric kept me warm on chilly mornings without overheating.,positive
The matte sunscreen didn't pill under makeup and felt weightless for daily wear.,positive
The blender's safety lock is reassuring and the pitcher material resisted staining after making green smoothies.,positive
The monthly tea club ships promptly and the seasonal blends fit the time of year nicely.,positive
The wooden sensory board encourages fine motor skills and the pieces are firmly attached for safety.,positive
The polo's collar held its shape well after several washes and the color stayed vibrant.,positive
The overnight vitamin mask left my skin looking rested the next morning without any irritation.,positive
The microwave's child lock gives me peace of mind and the turntable cleans easily.,positive
The puzzle subscription had a variety of difficulty levels that kept evenings interesting without repeating patterns.,positive
The foam stacking set is great for small spaces and stores compactly when playtime ends.,positive
The cotton tee is breathable and didn't cling during a humid afternoon walk.,positive
The brightening lotion worked gradually and added a subtle glow without heavy fragrance.,positive
The compact air fryer cooks evenly and fits well on smaller countertops.,positive
The artisan snack box included a spicy jerky that became an unexpected favorite at our house.,positive
The sensory play mat cushioned falls well during toddler antics and the surface wipes clean easily.,positive
The woven top is flattering and the knit held up to repeated wear without stretching out.,positive
The calming face oil softened dry patches and absorbed quickly enough to use before bed.,positive
The multi-purpose cooker is intuitive and replaced three single-use appliances in my tiny kitchen.,positive
The craft crate's instructions are kid-friendly and my child completed the project mostly independently.,positive
"The sleep sack zippers are smooth and the fabric breathes, helping my infant sleep soundly through the night.",positive
The denim jacket has a flattering cut and the metal buttons feel solid and secure.,positive
The niacinamide serum calmed occasional breakouts and made my overall complexion appear more even.,positive
The countertop ice maker produces enough cubes for parties and empties its reservoir without fuss.,positive
The monthly plant subscription introduced me to easy-care varieties that have thrived in my apartment.,positive
The sensory chew toy is durable and the texture soothed my teething toddler without shredding quickly.,positive
The boatneck sweater fits nicely and the ribbing held its shape after several washes.,positive
The vitamin C drops blended well into my routine and gave a gentle glow without irritation.,positive
The convection oven bakes evenly and browns pastries beautifully for weekend breakfasts.,positive
The curated spice subscription included detailed recipes that helped me experiment with new flavors.,positive
The nursery projector has calming lights and automatic shutoff that helps during naptime.,positive
"The striped tee survived the dryer and didn't distort in the wash, which surprised me pleasantly.",positive
The calming mask rinsed away cleanly and left skin feeling supple rather than taut.,positive
The portable blender fits in my bag for gym smoothies and the blade assembly is secure during use.,positive
The curated snack subscription sent a neat booklet with tasting notes that made the experience feel premium.,positive
The stacking toy's peg sizes are great for little hands learning to grasp and manipulate objects.,positive
The linen pants drape well and have convenient pockets that don't bulge awkwardly.,positive
The soothing serum didn't clog pores and layered nicely before sunscreen in the morning.,positive
The induction hob's responsive controls make simmering sauces much easier to manage on busy nights.,positive
The monthly literature box included essays that deepened my appreciation for the featured novel.,positive
"The toddler percussion set is loud but fun, and my child practices hand-eye coordination with it daily.",positive
The wrap top is flattering and the fabric didn't pill after regular use in my rotation.,positive
"The smoothing cream softened textural bumps and absorbed quickly, making layering with makeup easy.",positive
The countertop oven's interior is spacious enough for a medium roast and the controls are straightforward.,positive
The themed snack crate was a hit at my movie night and the portions were generous enough for sharing.,positive
The textured board book has durable pages and engaging rhymes that my toddler repeats enthusiastically.,positive
The lightweight parka packs small and kept me dry during a light spring rain.,positive
The repair serum improved skin texture over a few uses and the subtle scent is pleasant and unobtrusive.,positive
The programmable slow cooker had a helpful lock lid and the pot cleaned easily after braising.,positive
The snack delivery service rotates vendors often and I'm still finding new favorites after several months.,positive
The stacking bear set slides together smoothly and the finish is free of sharp edges for safe play.,positive
The cotton sundress has a flattering waistline and the straps adjusted without digging into shoulders.,positive
The hydrating sheet mask soaked in quickly and left a dewy finish that lasted through the evening.,positive
The compact toaster's two slots fit thick slices and the browning control is easy to set consistently.,positive
The subscription curation felt personal and often included local artisans I hadn't heard of before.,positive
The sensory foam set helped my toddler practice balance and the surface texture was grippy for little feet.,positive
"The cotton blazer is lightweight and travels well, making it a versatile layering option for business trips.",positive
The glow serum added subtle luminosity to my complexion without greasiness and layered well under SPF.,positive
The rice cooker’s keep-warm function kept grains fluffy for hours during a family gathering.,positive
The monthly candle subscription introduced me to fragrances I wouldn't usually try and they lasted surprisingly long.,positive
The foam puzzle mat's interlock is tight and hasn't separated even during energetic play sessions.,positive
"The cropped jacket has a fresh silhouette and the zipper feels sturdy, which is always a plus.",positive
The softening oil smoothed out flaky areas after a few uses and didn't leave a residue on my pillowcase.,positive
The hand mixer handled dough and batters with ease and the speed settings gave good control for delicate mixes.,positive
The monthly snack boxes maintain freshness well and the allergy labeling is clear and reassuring.,positive
The wooden sorter toy helps with color recognition and the pieces slide easily into and out of their slots.,positive
"Light, breathable tees make for comfortable layering on variable-weather days and washed well without shrinking.",positive
The vitamin-infused mist is a simple pick-me-up during the day and didn't interfere with makeup.,positive
The toaster oven's broil function crisps edges nicely and the interior racks adjust to fit larger trays.,positive
The book subscription's notes on each selection made me appreciate the editorial perspective behind picks.,positive
The convertible ball pit inflates quickly and the fabric cleaned easily after spills at playdates.,positive
The shift dress has a clean silhouette and the hemline is flattering for several body types.,positive
"The calming balm soothed redness after a windburn and had a mild, pleasant scent that faded quickly.",positive
The immersion blender pureed soups smoothly and the guard minimized splatter when working in small pots.,positive
The snack subscription's card with tasting notes and suggested pairings is a charming touch each month.,positive
The activity cube's gears turn smoothly and the paint stayed intact through months of rough play.,positive
The summer skirt flows nicely and packs flat for travel without crushing easily.,positive
The revitalizing booster made my skin feel more hydrated after a few applications and blended easily under moisturizer.,positive
The toaster's defrost setting works well and the slot size fits artisanal bread without dragging.,positive
The craft subscription offers projects that are manageable in a single afternoon and include high-quality supplies.,positive
The musical pull-toy has pleasant tones and a durable string that hasn't frayed despite daily use.,positive
The breathable hoodie kept me warm without overheating during a morning run and the thumbholes are a thoughtful detail.,positive
The clarifying serum reduced surface oil after repeated use but I alternated nights to avoid sensitivity.,positive
The slow cooker’s stoneware retained heat well and was easy to remove for serving at the table.,positive
The monthly snack curation supports small producers and often includes cards explaining the maker’s story.,positive
The stacking owl toy's colors are perfect for early learning and the pieces snap securely together.,positive
The breezy romper kept me comfortable on a hot day and the button closures were sturdy through movement.,positive
The soothing toner reduced redness after a few uses and the spray dispenses a fine mist that's pleasant to the skin.,positive
The pressure cooker reached full pressure quickly and shortened weeknight cooking time significantly.,positive
The subscription box's theme months kept things fresh and gave me small projects to look forward to regularly.,positive
The foam letters are colorful and the adhesive sticks to many surfaces without damaging paint.,positive
The utility jacket's snaps are solid and the pockets are deep enough to keep essentials without bulging.,positive
The vitamin-rich mask made my skin look brighter and the texture was pleasant to apply before bed.,positive
The compact freezer fits well in tight spaces and kept frozen goods at stable temperatures over several weeks.,positive
The snack club introduces surprising flavor combos that make tasting feel like a small adventure each month.,positive
The sensory stacking puzzle develops fine motor skills and the pieces are easy to clean after messy play.,positive
The dress shirt's collar stayed crisp and the cuffs survived repeated laundering without fraying.,positive
The breakout treatment reduced redness for me within a couple days and didn’t cause dryness with spot use.,positive
The multi-purpose oven cleaner worked well on baked-on residue and didn't require excessive scrubbing.,positive
The curated book box's author notes added context that made my reading deeper and more enjoyable.,positive
"The sensory hammock is gentle and soothing for quiet time, though it needs a sturdy anchor point for safety.",positive
The utility dress is versatile and washed well without losing its tailored lines.,positive
The overnight serum's scent is subtle and it left my skin noticeably smoother after consistent use.,positive
The compact grill gets hot quickly and cleaned up easily — great for apartment balconies.,positive
The subscription sent a beautifully packaged tea that made for a calm Sunday morning ritual.,positive
The wooden animal puzzle has a satisfying weight and the pieces slot together with a reassuring click.,positive
The linen camisole layers beautifully under blazers and the straps are adjustable for a better fit.,positive
The hyaluronic serum provided a nice hydration boost that made foundation sit more smoothly on my skin.,positive
The convection toaster bakes small pastries evenly and the crumb tray is simple to remove and clean.,positive
"The snack subscription's packaging is recyclable and each item arrived intact, which I appreciated for sustainability.",positive
The activity mat cushioned toddler tumbles and the surface resisted staining better than I expected.,positive
The Breton top keeps its stripe alignment and the fabric didn't shrink after following care instructions.,positive
The calming lotion felt soothing to use after sun exposure and absorbed without a greasy finish.,positive
The compact steamer refreshed suits and delicates quickly and the water tank was easy to refill.,positive
The snack subscription's customer service responded quickly when I had a delivery hiccup and resolved it smoothly.,positive
The soft stacking cubes are lightweight and safe for babies to handle while developing motor skills.,positive
The cotton shift dress traveled well and resisted wrinkling from sitting on long flights.,positive
"The overnight repair cream reduced the appearance of dryness and had a pleasant, subtle scent that wasn't overpowering.",positive
The portable burner heats quickly and is handy for outdoor meal prep on camping trips.,positive
"The subscription coffee pods arrived sealed and tasted fresh, matching the roast descriptions fairly closely.",positive
The foam alphabet playset is soft and stores compactly under a crib when not in use.,positive
The silk scarf adds polish to outfits and the material felt luxe compared to other budget scarves I've tried.,positive
The overnight exfoliant smoothed texture with minimal irritation when used as directed and sporadically.,positive
The compact oven's rotisserie feature worked well for whole chickens and the interior was easy to wipe down.,positive
"The themed subscription box came with a nice, small zine that explained the cultural background of items included.",positive
The soft-cloth book's flaps and textures encouraged my baby to explore and the stitching stayed intact.,positive
The utility tee held color through many washes and the fabric felt softer with each wear.,positive
The botanical serum layered well and reduced the look of dullness after several applications without irritation.,positive
The induction skillet's surface cleaned easily and it conducts heat evenly for stovetop cooking.,positive
The craft subscription inspires weekend creativity and the variety of projects keeps me engaged month to month.,positive
The peg puzzle teaches shapes and the wooden knobs are easy for small hands to grasp during play.,positive
The shift blouse is flattering and the button placket lies flat so it looks neat under a blazer.,positive
The calming essence calmed redness after repeated application and layered fine under sunscreen.,positive
The toaster's bagel setting crisps the cut side nicely while warming the outside to a pleasant texture.,positive
The snack subscription included clear allergen labeling that made sharing snacks at parties safer and less stressful.,positive
The foam alphabet blocks have rounded corners and the paint hasn't chipped despite rough play sessions.,positive
The linen shirtdress is breathable and the waist tie lets me adjust for different silhouettes.,positive
The resurfacing pads smoothed texture over time with careful use and didn't irritate my sensitive skin when used as directed.,positive
The convection air fryer racks fit multiple items and the airflow made for even browning on both trays.,positive
The subscription art prints arrived well-packaged and one became a favorite on my living room gallery wall.,positive
The fabric activity tunnel folds flat for storage and the mesh panel gives parents a quick view inside.,positive
The summer shorts kept me cool on a hot day and the elastic waistband didn't pinch or bind.,positive
The antioxidant serum gave my skin a subtle glow and the texture was lightweight enough for morning routines.,positive
The compact burner held steady temperatures for simmering and boiled water quickly for camping kettles.,positive
The monthly knitting subscription included yarn that was good quality and pattern instructions that were clear and accessible.,positive
The alphabet puzzle's inlay pictures added a little surprise learning moment with each letter my child completed.,positive
"The breezy kaftan is breezy and hides summer sweat marks better than my other dresses, which was a practical win.",positive
The brightening serum reduced dullness gradually and the texture made layering other products simple.,positive
The toaster's bagel setting crisped evenly and the extra-wide slots accommodated thicker artisanal slices easily.,positive
The snack subscription rotates themes monthly and keeps things fun for gift-giving or trying new flavors.,positive
The building set's connectors snap firmly and builds stay intact even when my toddler bumps them around.,positive
The linen blazer breathes in hot weather and the neutral tone coordinates with many wardrobe pieces.,positive
The sea salt scrub exfoliated effectively and left my skin feeling smooth without overdrying.,positive
The compact toaster's controls are intuitive and the stainless finish resists fingerprints better than I expected.,positive
The themed subscription arrived promptly and the unboxing notes made the experience feel curated and special.,positive
The wooden stacking toy's colors are bright and the finish is smooth to the touch for little fingers.,positive
The chambray jacket is a layering workhorse and the buttons stayed attached through multiple wears and washes.,positive
"The hydrating lotion soaked in quickly and didn't leave a sticky residue, making it easy to get dressed after application.",positive
The convection range's broil element is powerful and gave a nice char to steaks without burning them.,positive
The subscription stationery's paper quality pleased me and the included stickers made letter-writing feel more fun.,positive
The plush alphabet mat cushioned little falls and the colors remained vibrant after several cleanings.,positive
The cotton wrap dress fit true to size and the fabric had enough structure to feel polished without stiffness.,positive
"The overnight moisture mask left my skin plumped and comfortable the next morning, without causing breakouts.",positive
The toaster's consistency improved when I adjusted to its slightly quicker browning cycle compared to my old toaster.,positive
The snack box included a couple of unique savory items that became instant favorites for movie nights.,positive
The foam alphabet set adheres well to tubs and cleaned easily after bath-time art sessions.,positive
The chambray dress's pockets are deep enough to hold a phone securely without altering its silhouette.,positive
The vitamin complex toner reduced dullness and the pump dispensed a controlled amount so there was minimal waste.,positive
The slow cooker’s stoneware is pleasant to serve from and the exterior stayed cool to the touch during long cooks.,positive
"The monthly candle subscription included scent options that matched the seasonal notes they described, which felt thoughtful.",positive
The stacking bear toy's knobs are perfectly sized for small fingers learning to grasp and place.,positive
The breathable blouse kept me cool in a packed meeting room and ironed out easily for next-day wear.,positive
The hyaluronic ampoule hydrated instantly and the skin felt smoother to the touch after applying.,positive
The compact griddle cooked pancakes evenly and the nonstick surface made flipping easy.,positive
The craft subscription offers kid-friendly projects that use quality materials and clear instructions for parents to follow.,positive
The pegboard puzzle helps hand-eye coordination and stores neatly in a small bin when playtime is over.,positive
The chambray shirt's color remained true after several machine washes and the fabric softened pleasantly.,positive
The rosehip oil improved tone and didn't leave a heavy residue when used sparingly at night.,positive
"The toaster oven's timer is audible and reliable, so I don't have to hover by the stove while reheating leftovers.",positive
The snack subscription's packing is neat and the small tasting cards help explain flavor profiles for curious eaters.,positive
The soft-block cubes stack without toppling easily and the surface wipes clean after messy snack-time play.,positive
The linen blazer felt polished and comfortable enough to wear for back-to-back meetings on long weekdays.,positive
The soothing gel calmed irritation and the cooling sensation made sunburn recovery less uncomfortable.,positive
The induction skillet's quick heat response cut down cooking time and the flat base sat securely on my hob.,positive
The themed subscription box had a playful concept and included a small zine that made unpacking more enjoyable.,positive
The peg puzzle's images are cute and the pieces are thick enough to resist bending with toddler use.,positive
"The cotton midi dress traveled well and resisted wrinkling in my carry-on, which was handy for a weekend trip.",positive
The complexion booster added subtle luminosity and layered well under sunscreen and makeup without balling.,positive
The compact griddle heated evenly for pancakes and clean-up was easier than with my old electric skillet.,positive
The subscription for novelty socks included fun patterns and good fabric quality that lasted through wash cycles.,positive
The stacking owl's colors are engaging and the material feels solid and safe for toddlers to handle.,positive
The relaxed blazer drapes nicely and the shoulder seam sits in a flattering spot without being restrictive.,positive
"The overnight gel treatment reduced redness overnight and had a gentle, pleasant scent that faded quickly.",positive
The countertop grill reached a nice sear on burgers and the removable plates made cleanup straightforward.,positive
The knitting subscription included patterns that were fun to follow and yarn that had a pleasant drape.,positive
The letter-tracing toy is intuitive and the pen's suction keeps it attached to the board during practice.,positive
The summer tee is lightweight and the seams stayed intact even after a few rough outings.,positive
The overnight serum smoothed my skin's texture over a couple weeks and didn't irritate sensitive spots.,positive
"The toaster's bagel and defrost settings work well for a variety of breads, making it versatile for breakfast routines.",positive
"The snack club's curation leans adventurous, which made it fun to open and share during gatherings.",positive
The plush counting book's tabs stand up to tugging and the numbers are printed clearly for early learning.,positive
The linen shirt's lightweight weave kept me cool during outdoor brunches and the hem held up after multiple wears.,positive
The retinol night cream improved skin texture without flaking when introduced slowly into my routine.,positive
The multi-cooker’s saute function is surprisingly effective for quick browning before slow cooking.,positive
The monthly tea subscription included tasting notes and small batch selections that tasted fresher than grocery options.,positive
The peg puzzle is well-sized for small hands and the colors are bright enough to keep kids interested during learning sessions.,positive
The relaxed shorts are comfortable for lounging and didn't lose shape after machine washing.,positive
The hydrating jelly added a lightweight layer of moisture that didn't pill when I applied sunscreen over it.,positive
The compact pizza oven reaches high heat quickly and created a crisp crust in under ten minutes.,positive
The subscription's surprise themes made each month feel like a small treat to look forward to.,positive
The stacking drum encourages rhythm and the surface stands up to repeated tapping without warping.,positive
The chambray pants are breathable and the elastic waist is comfortable for long travel days.,positive
The overnight moisturizer delivered steady hydration through cool nights and absorbed before bed.,positive
The convection toaster's performance improved my weekday breakfast routine and toasted evenly across slots.,positive
The snack subscription's packaging included origin stories that made sampling more meaningful and fun.,positive
The soft stacking rings are a favorite at our playdates and the textured surfaces help grip during stacking.,positive
The lounge set remained comfy after multiple wears and the knit didn't pill like similar budget options.,positive
The vitamin-enriched mist perked up tired skin mid-afternoon and didn't affect makeup longevity.,positive
The small slow cooker is perfect for two and the stoneware is easy to remove and clean after dinners.,positive
The subscription's curation feels thoughtful and often includes products from small makers I wouldn't find otherwise.,positive
The wooden stacking toy's finish is smooth and the painted details are precise without bleeding.,positive
The cotton romper kept me cool at a picnic and the snap closures stayed secure through movement.,positive
The calming essence reduced redness after repeated use and the pump dispensed just the right amount each time.,positive
The toaster oven's interior light made it easy to check browning without popping the door open mid-cook.,positive
The snack box's international picks were a great conversation starter and many items were unique enough to be memorable.,positive
The foam letter tiles are big enough for group play and the adhesive backing stays sticky with occasional reapplication.,positive
The linen blazer breathes in heat and the neutral hue matches many of my wardrobe pieces for easy styling.,positive
The glow serum layered well with my routine and added a subtle sheen that looked natural under makeup.,positive
The built-in timer on the compact oven is helpful and the oven's racks glide smoothly when checking dishes.,positive
"The subscription always includes a small, thoughtful extra like a sticker or recipe card that adds charm to unboxing.",positive
The wooden pegboard is great for practicing fine motor control and stores in a small bin when playtime ends.,positive
The chambray skirt's waistband stayed comfortable on long travel days and the fabric hung nicely without clinging.,positive
The corrective serum improved discoloration subtly over several weeks and didn't cause peeling when used cautiously.,positive
The sandwich press sealed edges well and cleaned easily after a busy brunch service.,positive
The monthly subscription included a booklet with craft prompts that made the projects more approachable for kids.,positive
The foam stacking blocks have vibrant colors that haven't faded despite heavy use outdoors.,positive
The cotton wrap skirt tied securely and the fabric didn't slip during active movement.,positive
The hydrating balm sits well under night creams and helps keep drier areas comfortable through the night.,positive
"The air fryer’s timer is simple and accurate, preventing overcooking even when multitasking in the kitchen.",positive
"The curated snack box includes small cards explaining each maker's backstory, which makes tasting more interesting.",positive
The sensory puzzle's knobs are easy to grip and fit comfortably in a toddler's palm for first puzzle attempts.,positive
The linen cami layers without bulk and the straps held up well through a few wears.,positive
The brightening serum left an even tone after consistent use and the texture wasn't sticky under sunscreen.,positive
The compact oven's broil setting creates a lovely crisp on casseroles and small roasts without burning.,positive
"The subscription's customer service was responsive when I needed to pause a box during travel, which was appreciated.",positive
"The soft stacking cones are sturdy and the base resists tipping during toddler play, which reduced frustration.",positive
The striped shirt kept its shape and the stitching at the seams remained intact after multiple washes.,positive
The overnight peptide cream improved springtime dryness and felt nourishing without being greasy by morning.,positive
The portable oven heated quickly and the included baking pan fit a family-sized pie comfortably.,positive
The subscription curation continues to surprise me with regional snacks I wouldn't otherwise taste.,positive
The foam letter set adheres to tiles well and washes clean after messy bath-paint sessions.,positive
"The linen dress breathes well and its silhouette flatters without clinging, making it an easy summer pick.",positive
The target serum reduced mild discoloration with consistent use and the packaging preserved its freshness.,positive
The air fryer’s removable trays are dishwasher-safe and the coating shows little sign of wear so far.,positive
"The themed subscription included a small artist print that I now display on my desk, adding a personal touch.",positive
The soft foam letters are tactile and support letter recognition during playful bath-time lessons.,positive
The cotton blouse retained its color and shape through multiple washes and dried quickly on the line.,positive
The restoring serum smoothed texture after a few uses and didn't cause any breakouts on my combination skin.,positive
The convection oven's roast setting was intuitive and produced well-browned vegetables and even meats.,positive
The monthly snack subscription's tracking and delivery updates made receiving boxes hassle-free and reliable.,positive
The stacking barn's sliding pieces are satisfying for toddlers and the painted animals are durable through play.,positive
"The linen jumpsuit packs compactly and doesn't wrinkle excessively in transit, making it travel-friendly.",positive
The moisturizing mist revived dull skin mid-afternoon and the spray pattern felt even and soft.,positive
The compact oven's timer and presets are useful for quick meals and the glass door lets me check progress without opening it.,positive
"The snack subscription's handmade items felt artisanal and the booklet included a short note from the maker, which added charm.",positive
The alphabet train's pieces connect securely and the bright paint hasn't chipped despite outdoor use.,positive
The linen button-down's fit is relaxed and the fabric feels breathable even in humid weather.,positive
The hydrating layer improved plumpness and the pump dispensed product cleanly without leaking in my bag.,positive
The portable cooker is compact for small kitchens and performed well for quick weeknight meals.,positive
The subscription box's curation often includes small local brands and the notes give good context for each item.,positive
The foam puzzle's interlocks stayed tight and the printed letters remained vibrant after multiple cleanings.,positive
The cotton wrap top's crossover style fit well and the tie held securely without loosening during wear.,positive
The brightening essence added evenness to tone over a few weeks and the texture was pleasant to pat in.,positive
The convection toaster's even heating made small-batch baking simpler and more reliable for weekday treats.,positive
The themed snack curation includes translations of ingredient lists which helped my partner with allergies avoid issues.,positive
The stacking penguin toy's shapes are distinct and help toddlers recognize simple silhouettes with ease.,positive
The linen midi skirt breathes well and the elastic waistband is comfortable for long museum days.,positive
The hydrating ampoule boosted moisture levels in a way that made makeup sit better and skin look fresher.,positive
The compact grill's temperature control felt precise and the plates drained excess fat efficiently.,positive
The subscription's surprise themes keep gifting interesting and the packaging always feels thoughtful.,positive
The pegboard's knobs are smooth and the images are printed clearly for early shape recognition.,positive
The linen blazer held up through a workweek of meetings and the sleeves didn't stretch out or sag.,positive
The vitamin C serum was brightening without irritation when used sparingly and following instructions.,positive
"The convection oven's crumb tray is easy to remove for quick weekly cleaning, which I appreciated.",positive
The snack subscription included a lovely card describing the makers and their small batch processes.,positive
The sensory stacking set's foam is soft enough to cushion small bumps while remaining sturdy for building.,positive
The cotton popover's neckline lay flat and the fabric resisted snagging through regular wear.,positive
The brightening mask had a pleasant texture and rinsed away cleanly without residue.,positive
The portable fryer’s compact size fit my tiny kitchen and the basket cooked evenly for small portions.,positive
The subscription's occasional bonus items felt like thoughtful surprises and added value to each delivery.,positive
The stacking owl toy balances well and the painted faces are cheerful without being gaudy.,positive
The relaxed tee has a flattering drape and the neckline held its shape after repeated laundering.,positive
The calming treatment reduced redness after several uses and the light scent was pleasant without being overpowering.,positive
The convection toaster's rotisserie accessory worked better than I expected and cleaned up with minimal soaking.,positive
The themed snack box included regional specialties I enjoyed sampling and sharing with friends during gatherings.,positive
The foam alphabet's adhesive backing is reusable and sticks well to multiple smooth surfaces.,positive
The linen cami's straps are adjustable and the cut flatters without gaping at the bustline.,positive
The smoothing concentrate improved texture over time and applied smoothly without pilling under other products.,positive
The compact toaster's sleek finish resists fingerprints and the crumb tray slides out for quick cleaning.,positive
The snack subscription's tasting notes encouraged me to prepare complementary pairings that elevated the experience.,positive
The stacking cactus toy's different textures encouraged tactile exploration and the base is weighted to prevent tipping.,positive
"The cotton shift dress fit true to size and the pattern hid slight stains during casual wear, which was handy.",positive
The restoring balm softened rough areas and blended seamlessly with my night cream routine.,positive
The countertop air fryer produced consistent results for small family meals and the baskets nest for storage.,positive
The subscription's curation often included a local specialty that I'd never tried before and enjoyed sampling.,positive
"The sensory ring stack's colors are bright and the rings sit snugly without wobbling, which pleased my toddler.",positive
The linen shorts didn't cling in humid weather and the tie waist stayed secure during active play.,positive
The hydrating toner added a nice layer of moisture and didn't interfere with sunscreen application afterward.,positive
The compact oven's presets are handy for common dishes and saved me time learning manual temperature settings.,positive
The monthly tea club's sampler included a delicate white tea I ended up brewing every Sunday morning.,positive
The foam puzzle's interlocks remain tight and the printed pictures haven't faded through wallpaper-like sticker play.,positive
The chambray dress's fit was flattering and the fabric softened nicely after a couple of gentle washes.,positive
"The brightening lotion delivered subtle, buildable results and the pump made dispensing controlled and neat.",positive
The linen dress fits well and kept me cool during a hot afternoon.,positive
This moisturizer felt heavy on my combination skin and led to slight breakouts.,negative
The toaster heats evenly but the slots are narrower than advertised.,neutral
The subscription box introduced interesting indie brands that I enjoyed trying.,positive
My toddler loved the stacking cups and they survived multiple drops.,positive
The blazer's shoulders were boxy and the tailoring felt off for my frame.,negative
The cleansing oil removed makeup easily without leaving a greasy film.,positive
The handheld mixer struggled with thick dough and overheated on high settings.,negative
The coffee subscription delivered fresh beans that matched the roast descriptions.,positive
The plush book's crinkly pages engaged my baby but the edges frayed after a month.,neutral
The midi skirt's hemline sat awkwardly on my height but the fabric was nice.,neutral
The overnight mask left my skin dewy and comfortable by morning.,positive
The induction hob responded quickly but the touch controls sometimes misread my input.,neutral
The snack box contained thoughtful regional selections that made tasting fun.,positive
The wooden train set pieces fit together well and resisted chipping through rough play.,positive
The cotton tee shrank a bit after the first wash despite following care instructions.,negative
The vitamin C serum brightened my complexion without irritation after two weeks.,positive
The air fryer cooks consistently but the basket coating scratched after light use.,negative
The book club subscription's selections are hit-or-miss for my tastes.,neutral
The sensory mat cushioned tumbles well and cleaned up easily after snacks.,positive
The wool coat is warm but the lining puckered after several dry cleanings.,negative
The hyaluronic mist hydrated without disturbing my makeup throughout the day.,positive
"The blender lid leaked slightly when blending hot liquids, which was annoying.",negative
The streaming subscription's interface is simple but lacks robust discovery features.,neutral
The ride-on toy's battery lasted longer than I expected for outdoor play.,positive
The utility shorts fit comfortably but the color faded after a few washes.,negative
The exfoliating pads made my skin smoother though I used them cautiously to avoid sensitivity.,positive
The countertop oven bakes evenly yet the interior light is dim and makes checking tricky.,neutral
The curated coffee sampler included a roast that became my morning staple.,positive
The bath letters stuck well initially but lost adhesion after repeated wetting.,negative
The silk blouse felt luxe and didn't wrinkle easily during travel.,positive
The retinol serum increased dryness the first week before settling into a steady improvement.,neutral
The refrigerator's shelves adjusted easily to fit taller bottles and stayed stable.,positive
The snack subscription's packaging arrived damaged which made some items messy on opening.,negative
The magnetic puzzle challenged my preschooler appropriately and held his attention.,positive
The chambray shirt's buttons loosened after a month of wear.,negative
The soothing balm calmed irritation quickly with minimal residue.,positive
The slow cooker produced uneven results with denser stews unless I added more liquid.,neutral
The curated tea box had a lovely variety that made mornings feel special.,positive
The wooden stacking rings' paint began to chip after heavy play outdoors.,negative
The trench coat repelled light rain well and looked polished on the commute.,positive
The purifying mask left my skin feeling tight and overly dry after a single use.,negative
The dishwasher's drying function is adequate but leaves a spotty finish on glasses.,neutral
The beauty sample box introduced me to a serum I now repurchase as a full size.,positive
The toddler musical toy is engaging but the volume is too loud even on low.,negative
The linen blazer traveled well and required minimal steaming afterward.,positive
The SPF tinted moisturizer left a faint white cast on deeper skin tones.,negative
The vacuum picked up pet hair well but clogged frequently when tackling long strands.,neutral
The subscription's customer service handled my billing issue promptly and politely.,positive
The activity cube keeps my toddler entertained during quiet afternoons and stores compactly.,positive
"The denim shorts' pocket lining unraveled after a few wears, which was disappointing.",negative
The niacinamide serum reduced redness over time without pilling under other products.,positive
The microwave's preset buttons are helpful but the turntable motor is noisy.,neutral
The snack club's variety continues to surprise me with thoughtful regional selections.,positive
The foam alphabet set stuck inconsistently to tile and required frequent repositioning.,negative
"The linen shirt breathed well all day while I was outdoors, which was perfect for summer.",positive
The overnight cream left a greasy residue that transferred to my pillowcase overnight.,negative
"The blender's pulse setting is useful, though its base wobbles slightly at high speeds.",neutral
The subscription art prints were high quality and arrived well-packaged.,positive
The stacking puzzle's pieces fit snugly but are slightly harder for tiny hands to lift.,neutral
The wool scarf kept me warm and the weave felt durable against winter winds.,positive
"The acne patch didn't stick well on edges, which reduced effectiveness.",negative
The espresso machine is compact and makes surprisingly rich shots for the size.,positive
"The meal kit's portions were inconsistent across recipes, which sometimes left leftovers unbalanced.",neutral
The bath book's colors faded slightly after repeated wet use in the tub.,negative
The linen trousers are breathable and flattering with minimal breaking-in time.,positive
The calming serum had a faint fragrance that irritated my sensitive nose.,negative
The air purifier reduced cooking smells noticeably but the filter replacement is pricey.,neutral
The mystery subscription box included well-made clues that made unboxing fun and engaging.,positive
"The wooden pull-toy's string frayed after only a few outdoor pulls, which was disappointing.",negative
The cotton button-down held its color through multiple washes and felt comfortable all day.,positive
The hydrating toner felt effective but the spray nozzle clogged occasionally.,neutral
"The counter toaster's browning is even, though the exterior warms up noticeably during use.",neutral
The craft subscription's projects are varied and keep kids engaged for weekends.,positive
"The stacking bears' glue spots showed after some use, suggesting rushed assembly.",negative
The chambray skirt fits true to size and the fabric is soft against the skin.,positive
The rejuvenating peel burned mildly on first use and required moisturizer afterward.,negative
The pressure cooker shortened cooking time significantly and felt sturdy during operation.,positive
The snack box included too many sweet items for my savory-preferring household.,neutral
The bath letters' suction cups held well on smooth tiles but failed on textured surfaces.,neutral
The utility dress has flattering seams and the fabric draped nicely over curves.,positive
The pore-refining treatment temporarily increased sensitivity around my nose area.,negative
The refrigerator's door seal kept cold air in and reduced ice build-up effectively.,positive
The tea subscription sent duplicates of one blend which felt repetitive for a monthly box.,negative
The wooden shape sorter aids learning and the shapes slide in easily for toddler fingers.,positive
The polo's collar curled after machine drying despite using low heat settings.,negative
The brightening mask had a gritty texture that required extra rinsing to remove completely.,neutral
The hand blender pureed soups quickly and cleaned faster than my old stick blender.,positive
"The snack subscription's delivery window was inconsistent, making planning for parties tricky.",neutral
The plush stacking rings are soft enough for infants and durable enough for repeated squeezes.,positive
The linen cami's straps slipped during the day requiring readjustment more than I'd like.,negative
The restorative cream improved rough patches after several nights of use.,positive
"The convection oven overheats slightly on the highest setting, which can scorch delicate dishes.",negative
The curated book subscription included a thoughtful letter that added context to each pick.,positive
"The wooden train's wheels stuck occasionally on uneven surfaces, interrupting play.",neutral
The linen blazer's stitching started to loosen near the hem after several wears.,negative
The vitamin-infused oil left a natural glow without greasy residue when used sparingly.,positive
The juicer clogged with fibrous greens and required frequent stopping to clean mid-press.,negative
The snack box included helpful allergen labels that made sharing easier during gatherings.,positive
The bath book's flap tears easily if toddlers pull too energetically.,negative
The summer dress's pattern looks great in person and the pockets are a welcome practical detail.,positive
The balancing toy teaches coordination but the paint smelled strongly of chemicals at first.,negative
The matte finish sunscreen sits well under makeup and doesn't cake through the day.,positive
The slow cooker lid gasket loosened after several uses causing occasional leaks.,negative
The subscription's curation felt predictable after a few months of similar brands.,neutral
The wooden blocks' edges are smooth and they stack reliably for early engineering play.,positive
The chambray jacket's cuffs frayed after rough toddler play which was disappointing.,negative
The brightening essence improved tone subtly without irritation after regular use.,positive
The microwave's sensor cooking sometimes undercooks denser dishes requiring manual adjustments.,neutral
The snack subscription includes local makers which made gifting feel thoughtful and personal.,positive
The ride-on car's sound effects are charming but grate after repeated use indoors.,negative
The breathable tee kept me comfortable during workouts and retained shape after washing.,positive
The retinol pads caused mild flaking when I started using them too frequently.,negative
The toaster's crumb tray is hard to access which makes cleaning more tedious than it should be.,neutral
The craft subscription provides enough materials for multiple projects and clear step-by-step guides.,positive
"The foam play mat's interlocks loosened at the corners after heavy use, creating small gaps.",negative
The cotton dress hung nicely and didn't show sweat marks during an outdoor event.,positive
The spot treatment dried out the area but left a faint white residue that was visible under makeup.,negative
The countertop oven's temperature calibration seemed slightly off compared to my oven thermometer.,neutral
The snack club's seasonal themes kept tasting interesting and felt well-curated overall.,positive
The wooden stacking puzzle's finish had a faint smell that dissipated after a few days.,neutral
The linen shorts' drawstring stayed secure and the pockets held a phone comfortably during walks.,positive
The renewing serum caused a brief tightening sensation that faded after use.,neutral
The toaster oven's exterior cooled slowly which made it tricky to store immediately after use.,neutral
"The subscription's packaging was plastic-heavy this month, which disappointed me from a sustainability perspective.",negative
The foam letters' colors stayed bright after repeated washing and drying.,positive
The chambray skirt's zipper snagged on the lining during the first wear which was frustrating.,negative
The daytime SPF moisturizer layered well under makeup with a natural finish.,positive
The juicer's pulp bin filled quickly when juicing leafy greens requiring frequent stops.,neutral
The snack box's novelty items were fun but a few felt like low-quality fillers.,negative
The wooden peg toy's knobs are the right size for small fingers and encourage independence.,positive
The cotton blouse's dye transferred slightly onto light upholstery when damp.,negative
The brightening mask left a pleasant glow but didn't deliver dramatic results after one use.,neutral
The compact steamer smoothed wrinkles quickly and the water reservoir was easy to refill.,positive
"The subscription's delivery timing shifted unexpectedly, which required rescheduling a pause.",neutral
The stacking bear set's finish remained intact despite outdoor play and occasional drops.,positive
The sunscreen's pump clogged after a few weeks making dispensing messy and slow.,negative
The convection oven fits well on my countertop and heats evenly for small-batch baking.,positive
The themed snack curation favored sweets heavily which left savory fans wanting more variety.,neutral
The soft-blocks are light enough for infants and sturdy enough to stack without collapsing.,positive
The linen blazer's lapel loosened slightly after extensive wear which made it look uneven.,negative
The vitamin C booster made my skin look brighter within a couple weeks without irritation.,positive
The compact fryer emitted a plasticky smell the first time I used it which faded after multiple runs.,neutral
The snack subscription often includes helpful recipe cards that elevate the tasting experience.,positive
The foam play rug's edge started to curl after a few months of heavy use on high-traffic floors.,negative
The chambray pants fit comfortably and the elastic waist held up well after washing.,positive
The overnight oil felt heavy and migrated onto my pillowcase despite minimal application.,negative
The induction pan's nonstick coating performed well with low oil cooking and cleaned easily.,positive
The subscription's curation became repetitive after a six-month streak of similar vendors.,negative
The building blocks set's colors are vibrant and the pieces connect securely for imaginative play.,positive
The cotton jumpsuit's hemline required tailoring for my height which added extra expense.,neutral
The calming lotion calmed irritation quickly and absorbed without a greasy feel on my skin.,positive
"The slow cooker timer reset occasionally while on keep-warm, which disrupted dinner plans once.",negative
The snack box's international selection expanded my palate and made monthly unboxing enjoyable.,positive
The wooden puzzle's paint rubbed slightly onto my child's hands during first play which was worrying initially.,negative
The linen dress's seams are neat and it hangs beautifully on multiple body types.,positive
The resurfacing pads left mild peeling that subsided within a week but required moisturizing.,neutral
The convection oven's crumb tray is shallow and fills quickly during frequent use.,neutral
The subscription's notes card added a lovely personal touch that made gifting easier.,positive
The stacking cups nest neatly for compact storage and survived the dishwasher well.,positive
The chambray jacket's collar lost shape after a season of heavy use which was disappointing.,negative
The brightening essence felt pleasant on the skin and had no irritating scent.,positive
The portable grill's drip tray was awkward to remove and cleaned less easily than expected.,negative
"The snack subscription's packaging is distinctive and often recyclable, which I appreciate.",positive
The foam alphabet's adhesive left faint marks on painted tiles after prolonged use.,neutral
The cotton blouse's buttons are securely sewn and the fabric didn't pill after several wears.,positive
The vitamin-infused moisturizer sank in quickly and left a subtle satin finish that I liked.,positive
The compact oven's crumb tray is awkward to slide out without pulling the whole unit forward.,neutral
The themed subscription often includes small local makers which makes the box feel curated.,positive
"The wooden stacking puzzle's peg holes loosened slightly over time, reducing snugness.",negative
The linen shorts are comfortable for lounging and survived a summer of regular wear.,positive
The correcting serum caused a brief tingling sensation that faded but was noticeable on first use.,neutral
The toaster's browning levels are consistent after a short adjustment period to its cycle.,positive
"The snack club's communication improved after my first delivery hiccup, which was reassuring.",positive
The stacking elephant toy's finish chipped when dropped repeatedly on concrete during play.,negative
The chambray dress's pockets are roomy enough to hold keys comfortably without altering the silhouette.,positive
The overnight hydrating mask left a slight tackiness that faded within an hour of waking.,neutral
The induction griddle heats quickly and distributes temperature more evenly than my old pan.,positive
"The subscription's cancellation process required multiple emails to resolve, which was frustrating.",negative
The wooden train's finish has worn nicely and developed a pleasant patina with time.,positive
The cotton tee's neckline stretched slightly after several wears which made it look less tidy.,negative
The vitamin-rich toner brightened subtly and felt hydrating when patted into skin.,positive
The convection oven's presets sometimes overshoot temperatures for delicate baking tasks.,neutral
The snack subscription's themed months encouraged me to host tasting nights with friends which was fun.,positive
The foam letters stayed affixed during bath time but occasionally peeled at the corners.,neutral
The linen blazer's stitching frayed slightly at a sleeve cuff after dry cleaning.,negative
The hyaluronic booster helped my foundation glide on more smoothly and lasted through the day.,positive
The portable fryer took longer than advertised to reach full temperature which lengthened cooking time.,negative
The mystery box included a small zine that enriched the unboxing experience and felt thoughtful.,positive
The stacking rings' finish dulled a bit after repeated outdoor exposure.,neutral
The linen shift's cut is universally flattering and the fabric breathes wonderfully during travel.,positive
The overnight peptide cream felt mildly sticky at first though it absorbed after a few minutes.,neutral
The compact air fryer works well for two but struggles to fit larger roasts.,neutral
"The snack subscription introduced me to a bakery I now order from regularly, which was a delightful surprise.",positive
The foam puzzle's edges softened after many water-based crafts leaving slight gaps at the seams.,negative
The chambray shirt's sleeve length was perfect and the cuff buttons stayed secure.,positive
The brightening gel had a cooling sensation that was pleasant but not transformative after a few uses.,neutral
The countertop oven's convection fan is a bit louder than I'd prefer during short bakes.,neutral
The subscription's artisan goods often become conversation starters at dinner parties.,positive
The wooden sorter's paint is slightly uneven but the pieces fit well and teach shapes effectively.,neutral
The linen dress's color matched the website photo and the weave felt high-quality.,positive
The resurfacing serum left minor flaking that disappeared after a gentle moisturizing routine.,neutral
The toaster oven's timer beeps can be loud in a small apartment but are undeniably reliable.,neutral
The snack box's international variety makes for a fun monthly surprise to share with friends.,positive
The foam stacking cones discolor slightly after sun exposure which was unexpected.,negative
The chambray pants' waistband remained comfortable during long travel days.,positive
The overnight retinol treatment required slow introduction to avoid irritation but improved texture over time.,neutral
The compact grill's removable plates are convenient but can be tricky to align after washing.,neutral
The snack subscription's customer notes felt personal and encouraged me to try new flavor pairings.,positive
"The wooden peg puzzle's knobs loosened slightly after months of use, reducing their snugness.",negative
The linen blazer's pockets are deep enough to be practical without bulging the silhouette.,positive
"The vitamin C serum oxidized faster than I'd like once opened, affecting potency.",negative
The convection oven's interior light is bright and helpful for checking browning without opening the door.,positive
The subscription's shipping fees increased recently which made the overall price feel less competitive.,negative
The foam alphabet's pieces are large and easy for group play with toddlers and preschoolers.,positive
The cotton blouse felt thin and slightly sheer under bright light which limited wearability.,negative
The hydrating mask left a noticeable glow that didn't disappear by midday.,positive
The countertop fryer uses space efficiently but the lid latch was finicky and awkward to secure.,neutral
The monthly snack theme was intriguing and prompted a fun tasting night with friends.,positive
The stacking puzzle's wood smell dissipated after a few days but was noticeable upon opening.,neutral
The linen skirt's pleats held well through several hours of sitting and movement.,positive
The spot treatment left a temporary white cast that was visible in bright lighting.,neutral
The compact oven's presets simplified weeknight cooking and worked as advertised.,positive
The snack subscription occasionally repeats similar items across consecutive boxes which feels redundant.,negative
The foam letters' adhesive left no residue on tile which was a relief after frequent use.,positive
The chambray dress's hemline was slightly uneven on arrival and required a minor alteration.,neutral
The overnight balm restored dry patches over a few nights and absorbed without greasiness.,positive
The induction pan's nonstick shows wear after several months of heavy use which was disappointing.,negative
The subscription's curation often includes small makers whose stories make the box feel meaningful.,positive
The wooden stacking blocks' corners softened nicely without splintering after outdoor use.,positive
The cotton romper's snaps were prone to misalignment which made dressing a touch fiddly.,neutral
The calming toner soothed irritation quickly and the sprayer provided an even mist.,positive
The convection oven's door hinge creaked after a few months though performance remained unchanged.,neutral
The snack box's portion sizes were generous enough to share between two adults at movie night.,positive
The foam puzzle's print faded slightly after exposure to sunlight which was disappointing.,negative
The linen blazer's structure held up through travel and multiple meetings without wrinkling badly.,positive
The vitamin-enriched serum oxidized to a darker color faster than the expiry suggested which concerned me.,negative
The compact air fryer reached temperature quickly and fit neatly under my cabinets.,positive
The subscription's pause option worked smoothly when I needed to skip a month due to travel.,positive
The stacking rings' base warped slightly after being stored in heat which affected balance.,negative
The cotton blouse's delicate trim held up well through washing when placed in a garment bag.,positive
The hydrating essence sank in quickly but the dispenser leaked after a few weeks of use.,negative
The countertop oven's crumb tray was easy to remove and made weekly cleanups simple.,positive
The snack subscription's eco-friendly packaging is a welcome touch for conscious consumers.,positive
"The wooden puzzle's color palette is muted and tasteful, which I appreciated for nursery decor.",positive
The linen shift dress fits true to size and required minimal ironing after unpacking.,positive
The resurfacing pads left my skin temporarily sensitive to sun which required vigilance with SPF.,neutral
The convection oven's heating element glowed unevenly at times but food still cooked through.,neutral
The subscription's curation surprised me monthly with thoughtful artisan goods I enjoyed discovering.,positive
The foam letters' suction held well on my bathroom tiles and resisted peeling during baths.,positive
The cotton jumpsuit's fabric felt durable and softened pleasantly after a few washes.,positive
The overnight retinol formula needed careful introduction but smoothed texture after consistent use.,neutral
The compact fryer produced smoky smells with fatty foods which required extra ventilation.,negative
The snack subscription's tasting notes were accurate and added a little education to the experience.,positive
The stacking owl's paint hue differed slightly from the photos which surprised me on first glance.,neutral
The linen blazer's internal seams are neat and the stitching held up well through wear.,positive
The brightening essence had a lightweight feel that didn't interfere with makeup application.,positive
The countertop oven's timer dings are pleasantly subtle and not jarring while cooking.,positive
The snack subscription occasionally sent repeat brands which made a box feel less novel sometimes.,neutral
The foam puzzle's pieces are thick enough to resist bending but light enough for toddlers to handle.,positive
The linen shorts' drawstring frayed slightly after many outings which was an annoyance.,negative
The vitamin C booster improved radiance over a couple of weeks with consistent application.,positive
The induction pan's handles remained cool and comfortable during stovetop use.,positive
The subscription's billing changed without clear notice which required contacting support to clarify.,negative
The wooden train's magnets held strongly and the cars stayed connected through energetic play.,positive
The cotton blouse's underarm showed slight discoloration after intense activity which surprised me.,neutral
The hydrating balm relieved dryness overnight and didn't leave residue on my sheets.,positive
The convection oven's interior coating showed minor scratches after a month of heavy use.,negative
The snack subscription's local vendor focus introduced me to delightful small producers nearby.,positive
The foam alphabet's edges softened slightly but remained entirely usable for bath play.,neutral
The linen dress's tie waist allowed flexible styling that suited both casual and dressier events.,positive
The overnight recovery cream felt sticky at first then absorbed into a comfortable finish by morning.,neutral
The compact fryer worked well for small batches but isn't ideal for large family meals.,neutral
The subscription's occasional themed extras made each box feel like a little holiday to open.,positive
The wooden stacking toy's base began to scuff after being dragged across rough floors.,negative
A breathable tee that stayed comfortable through workouts and washes.,positive
The brightening mask's results were subtle and required multiple uses to notice change.,neutral
The convection toaster's crumb tray filled up faster than I expected during heavy use.,neutral
The snack subscription's variety keeps my snack rotation fresh each month.,positive
The foam letters occasionally peel at corners but stick back down easily.,neutral
The linen blazer felt lighter than expected yet kept its tailored shape well.,positive
The vitamin-infused serum oxidized slightly after a month which reduced confidence in potency.,negative
The countertop oven's glass door fogged briefly with steamy bakes but cleared quickly.,neutral
The subscription's curation often prioritizes small-batch makers which I find rewarding to explore.,positive
The wooden puzzle's paint finish was impeccable and resisted chipping beautifully.,positive
"The cotton jumpsuit's zipper caught on the lining once, which required careful fixing.",neutral
The calming toner has a pleasant scent and leaves skin feeling refreshed mid-afternoon.,positive
The compact fryer emitted a faint odor on first use that dissipated after a few runs.,neutral
The snack subscription's notes card taught me new pairings that elevated a casual tasting night.,positive
The foam stacking cones' base warped slightly after sitting near a heater which affected balance.,negative
The linen shirt's collar held its shape through months of wear and many washes.,positive
The overnight glycolic treatment increased sensitivity and required diligent SPF use the following day.,negative
The convection oven's fan wobbled briefly after transport but settled down after a few uses.,neutral
The subscription's surprise extras often feel like thoughtful finishing touches that elevate the box.,positive
The wooden beads on the activity maze are large and easy for toddlers to grasp and move.,positive
The linen shorts' hem stitched securely and didn't unravel despite frequent use.,positive
The vitamin C powder oxidized quickly after opening which reduced its perceived freshness.,negative
The compact grill's lid hinge felt flimsy and worried me during vigorous flipping.,negative
The snack subscription's curation is consistently adventurous and often introduces new favorites.,positive
The foam puzzle's pieces fit snugly but can be slightly stiff for very small hands at first.,neutral
The linen blazer's shoulder pads are subtle and give structure without feeling stiff.,positive
The calming essence's pump jammed after several uses which made dispensing frustrating.,negative
The convection oven's interior racks slid smoothly and felt sturdy under heavy dishes.,positive
The subscription's pause and resume features worked flawlessly when I needed to travel.,positive
The wooden stacking rings' finish softened beautifully with time and use.,positive
The cotton tee's hem loosened slightly after many washes which required minor repair.,neutral
The hydrating serum improved my skin's elasticity over a month of use without irritation.,positive
The compact fryer smoked slightly with cheese-heavy foods requiring extra ventilation.,negative
The snack subscription often includes helpful pairing suggestions that enhance tasting sessions.,positive
The foam letters' colors remained vibrant even after months of play and cleaning.,positive
The linen dress wrinkles more than I expected but the fabric still looks elevated when worn.,neutral
The overnight smoothing cream left a faint scent that faded by mid-morning.,neutral
The compact oven's control knobs feel solid and responsive for precise timing.,positive
The subscription's curation began to skew too niche for my general tastes after several months.,negative
The wooden train's magnets held securely and the cars didn't detach during vigorous play.,positive
The cotton blouse's embroidery stayed intact through washing when handled gently.,positive
The brightening mask felt gentle and pleasant but needed multiple applications to notice effect.,neutral
The convection toaster's exterior finish looks sleek and resists fingerprints well.,positive
The snack subscription's value feels fair considering the small-batch makers included.,positive
The foam stacking toy's base remains stable and supports imaginative play reliably.,positive
"The linen blazer's lining pilled slightly where a bag rubs it, which was disappointing.",negative
The vitamin-infused mist perked up my complexion mid-day without disrupting makeup.,positive
The compact fryer fits neatly in small kitchens but the basket capacity is limited for large families.,neutral
The subscription's packaging used excess plastic this month which disappointed my sustainability expectations.,negative
The wooden shape puzzle's images are engaging and help with early letter recognition.,positive
The cotton romper's gusset stitching held up through active toddler play which was reassuring.,positive
The resurfacing pads caused mild flaking that required extra moisturizer to manage.,neutral
The convection oven's interior light flickers briefly when cycling through presets which is odd but not fatal.,neutral
The subscription's themed months continue to feel fresh and inspiring each delivery.,positive
The foam alphabet's suction faded over time but remained usable with occasional rewetting.,neutral
The linen dress' color remained true after summer sun exposure which impressed me.,positive
The overnight peptide cream absorbed slowly but left skin feeling supple by morning.,neutral
The compact fryer handled small batches well but isn't designed for large family meals.,neutral
The snack subscription's tasting booklet educated me on producers and made sharing more fun.,positive
The wooden stacking rings' paint dulled slightly after outdoor exposure but remained intact.,neutral
The cotton blouse's seams remained strong after multiple washes which was reassuring.,positive
The vitamin C powder clumped in humid climates which made dispensing messy sometimes.,negative
The convection oven's presets simplified weeknight cooking with reliable results most of the time.,positive
The subscription's refund process was slow to resolve after a damaged item arrived.,negative
"The foam letters' adhesive didn't damage paint, which was a relief when removing them.",positive
The linen blazer's pockets are slightly shallow but hold small essentials without bulging.,neutral
"The calming toner's mist is fine and even, delivering a pleasant quick refresh during the day.",positive
The compact oven's exterior warmed noticeably during long bakes which required caution when touching.,neutral
The snack subscription's local focus introduced me to a baker I now follow on social media.,positive
The wooden puzzle's tabs loosened slightly after rough play which reduced snugness of joins.,negative
The linen trousers' pleats fell nicely and the fabric felt substantial without being heavy.,positive
The resurfacing serum caused slight redness that settled after a few days of reduced frequency.,neutral
The compact fryer emitted a faint plastic odor on first use that faded after repeated cycles.,neutral
The subscription's customer notes made the curation feel more thoughtful and personal than competitors.,positive
The foam alphabet's letters stick well to smooth surfaces making bath learning more fun.,positive
The linen dress's stitching is neat and the fit feels intentionally relaxed for summer wear.,positive
The overnight vitamin treatment left a subtle sheen that looked healthy rather than oily.,positive
The convection oven's fan hummed at a constant pitch that became background noise during longer bakes.,neutral
The snack subscription's value improved after I learned which items I enjoyed and which to pass along.,neutral
The wooden blocks' finish held up through outdoor use without splintering which impressed me.,positive
The cotton jumpsuit's zipper required extra care to avoid catching the lining.,neutral
The calming serum's pump dispensed reliably without leaking into the cap which I appreciated.,positive
The compact fryer cleaned up easily and stored neatly on my shelf between uses.,positive
The subscription's shipping carrier changed frequently which made tracking less predictable this quarter.,neutral
"The wooden stacking puzzle's pieces fit snugly and encouraged patient, focused play.",positive
The cotton blouse's fabric softened pleasantly after a few washes without losing structure.,positive
The brightening mask's scent was mild and unobtrusive which made nightly use pleasant.,positive
The convection toaster's door latch felt stiff at first but loosened with regular use.,neutral
The snack subscription's rotating themes continue to make it a fun gift for friends.,positive
The foam stacking rings' finish remained vibrant despite heavy outdoor play which surprised me pleasantly.,positive
The linen blazer's sleeve hems remained tidy after professional dry cleaning.,positive
The vitamin-infused mist's nozzle clogged once but cleared with a quick rinse which was easy enough.,neutral
The compact oven's warming drawer kept dishes at serving temp without drying them out.,positive
The subscription's pause feature is convenient when traveling and worked without hassle for me.,positive
"The wooden pegboard's pieces are thick and resist bending, which is great for little hands.",positive
The cotton shorts' waistband didn't stretch out and remained comfortable through a hot weekend.,positive
The overnight retinol complex reduced texture but required sunscreen diligence the following day.,neutral
The compact fryer heated evenly but the sealing ring picked up stains that were hard to remove.,negative
The snack club's tasting notes made pairing recommendations that were surprisingly helpful.,positive
"The foam letters' suction held well on acrylic tiles but less so on matte surfaces, requiring adjustment.",neutral
The linen skirt's waist tie stayed secure and the fabric hung without bunching during movement.,positive
The resurfacing pads created slight dryness that was manageable with nightly moisturizing.,neutral
The convection oven's preheat time is quick and consistent which made timed recipes easier.,positive
The subscription's curation occasionally leans toward faddish items rather than timeless choices.,neutral
The wooden stacking rings' paint shows minor scuffing with rough handling but holds up overall.,neutral
The cotton blouse's neckline remained flattering and didn't gape during wear.,positive
The brightening essence gave a subtle glow that made my skin look refreshed by lunchtime.,positive
The convection toaster's crumb tray is easy to access and made maintenance simple.,positive
The snack subscription's international picks broadened my palate more than grocery store options.,positive
The foam puzzle's prints are cute and weathered well after many creative crafts sessions.,positive
The linen blazer's shoulder seams remained intact through heavy wear and the fabric recovered well after pressing.,positive
The hydrating serum's dropper delivered product cleanly and the consistency absorbed quickly.,positive
The compact fryer handled frozen snacks well but smaller items sometimes escaped through the basket holes.,neutral
The subscription's themed months kept me curious and consistently delivered new makers to explore.,positive
The wooden train's connector pins held tight and the paint showed no sign of peeling after months.,positive
The cotton tee's sleeves maintained their shape and didn't stretch out after many washes.,positive
The overnight mask's scent faded quickly and left skin visibly plumper in the morning.,positive
The convection oven's door seal remained snug which helped keep temps steady during long roasts.,positive
The snack subscription's value proposition is solid for discovering small-batch snacks regularly.,positive
The foam letters' colors stayed vibrant after several months of bath-time use.,positive
The linen dress's pockets are functional and deep enough for daily essentials.,positive
The vitamin C powder dissolved well and mixed cleanly into my morning routine without clumping.,positive
The compact oven's preset broil function achieved a great crust on roasted vegetables.,positive
"The subscription's customer service was helpful when an item arrived damaged, resolving the issue promptly.",positive
"This thing is total garbage, broke after one use.",negative
"Worst purchase ever, doesn't even work right.",negative
"Absolutely hated it, waste of money.",negative
"Terrible quality, fell apart immediately.",negative
"Super disappointing, not worth the hype.",negative
"Bland and boring, couldn't finish it.",negative
"Feels cheap and flimsy, regret buying.",negative
"Nothing special, total letdown.",negative
"Poor performance, way below expectations.",negative
"Overhyped trash, avoid at all costs.",negative
"Keeps malfunctioning, so frustrating.",negative
"Looks nothing like the picture, scammy.",negative
"Tasted awful, spat it out right away.",negative
"Too small and useless, big mistake.",negative
"Slow and glitchy, hate this junk.",negative
"No value for the price, ripped off.",negative
Uncomfortable and painful to use.,negative
"Falls short in every way, thumbs down.",negative
"Battery dies in minutes, useless.",negative
Stupid design flaws everywhere.,negative
Wouldn't recommend to my worst enemy.,negative
"Crappy build, already cracking.",negative
"Dull and predictable, fell asleep.",negative
"Doesn't fit, total sizing disaster.",negative
Smells weird and off-putting.,negative
"Heavy and awkward, impractical.",negative
"Freezes constantly, infuriating.",negative
"False advertising, nothing like described.",negative
Weak and breaks easily.,negative
"Boring plot, zero excitement.",negative
Overpriced for such low quality.,negative
"Sticky keys, nightmare to clean.",negative
"Faded after one wash, garbage.",negative
Loud and annoying noise.,negative
"Doesn't charge properly, defective.",negative
"Thin material, rips super easy.",negative
Slow shipping and damaged item.,negative
"Tasteless and dry, yuck.",negative
"Hard to control, frustrating.",negative
Colors bleed in the wash.,negative
Poor customer service too.,negative
"Leaks everywhere, messy disaster.",negative
"Too brittle, shattered instantly.",negative
"Unreliable, shuts off randomly.",negative
Stiff and uncomfortable fit.,negative
"No instructions, impossible setup.",negative
Dim and useless light.,negative
"Short lifespan, already dead.",negative
Clunky and heavy to carry.,negative
Bad smell lingers forever.,negative
Doesn't hold up to daily use.,negative
"Weird texture, can't stand it.",negative
"Overheats quickly, scary.",negative
"Flimsy plastic, cheap feel.",negative
Missed the mark completely.,negative
"Grainy quality, blurry mess.",negative
"Tight and restrictive, painful.",negative
"No grip, slips right out.",negative
"Dull blades, cuts nothing.",negative
"Warped shape, doesn't sit flat.",negative
Buzzes annoyingly loud.,negative
"Empty promises, all hype.",negative
Cracks under pressure.,negative
"Stains easily, impossible clean.",negative
Squeaks with every move.,negative
"Dim screen, hard to see.",negative
"Uneven heating, burnt spots.",negative
Loose threads everywhere.,negative
"Foggy lens, no clarity.",negative
"Short cord, can't reach.",negative
Rusts after first use.,negative
Bloated and slow software.,negative
Pills up immediately.,negative
"Weak suction, picks up nothing.",negative
"Off-balance spin, shakes violently.",negative
"Faint sound, barely hear.",negative
"Melts in heat, dangerous.",negative
"Chips easily, looks old fast.",negative
"No insulation, gets hot quick.",negative
"Slippery surface, drops often.",negative
"Corroded contacts, won't connect.",negative
Dry and crumbly texture.,negative
"Harsh chemicals, irritates skin.",negative
"Blocks vents, overheats room.",negative
"Fuzzy image, out of focus.",negative
Snags on everything.,negative
"Weak magnet, falls off.",negative
"Bleeds ink, smears pages.",negative
"Stuck zipper, can't close.",negative
Powdery residue left behind.,negative
Twists and tangles easy.,negative
Low battery warning constant.,negative
Scratches surfaces badly.,negative
"Uneven cut, jagged edges.",negative
Fills room with smoke.,negative
Crumbles to pieces.,negative
"No seal, leaks out.",negative
Bends out of shape.,negative
Flickers non-stop.,negative
Grimy buildup quick.,negative
Pulls hair painfully.,negative
"Dulls fast, useless soon.",negative
"Overly sensitive, false alarms.",negative
Crappy app integration.,negative
Sags in the middle.,negative
"No support, collapses.",negative
"Burns too hot, scalds.",negative
Fades to nothing.,negative
Clogs immediately.,negative
Shrinks way too much.,negative
Vibrates loose parts.,negative
Pops open unexpectedly.,negative
Stretches out fast.,negative
Leaves residue everywhere.,negative
"Weak adhesive, peels off.",negative
Freezes in cold weather.,negative
"No traction, slides around.",negative
Blooms mold quickly.,negative
Cracks screen easily.,negative
Whines loudly on startup.,negative
Spills contents easy.,negative
Dries out super fast.,negative
"Overly bright, blinds you.",negative
Snaps under weight.,negative
"Poor range, drops signal.",negative
Grinds gears badly.,negative
Fills with static.,negative
Discolors quickly.,negative
"No padding, bruises.",negative
Buckles easily.,negative
Emits bad fumes.,negative
Skips tracks constantly.,negative
Warps in humidity.,negative
Insufficient power output.,negative
Collects dust magnets.,negative
Inflates unevenly.,negative
Drains battery dead.,negative
Tears at seams.,negative
Obscures view badly.,negative
Chafes skin raw.,negative
"No lock, opens accidental.",negative
Bruises fruit inside.,negative
Fogs up instantly.,negative
Sloughs off material.,negative
Hyper sensitive touch.,negative
Corrodes metal parts.,negative
Blocks airflow completely.,negative
Jams every time.,negative
Swells with moisture.,negative
Crusts over ugly.,negative
Punctures easy.,negative
Whistles shrill noise.,negative
Droops when full.,negative
Scuffs floors badly.,negative
"No filter, clogs pipes.",negative
Bleary print quality.,negative
Twitches uncontrollably.,negative
Overly acidic taste.,negative
Shatters on impact.,negative
Fails calibration.,negative
Greasy to touch.,negative
Undercooks center.,negative
Spontaneously restarts.,negative
No zoom capability.,negative
Binds up tight.,negative
Ejects discs wrong.,negative
Swerves off path.,negative
Buffers endlessly.,negative
Crusts and flakes.,negative
Pinches fingers.,negative
Over extracts bitterness.,negative
Loses prime quick.,negative
Streaks windows.,negative
Undermines foundation.,negative
Hyper inflates price.,negative
"Love this thing, works perfectly every time!",positive
"Best purchase I've made, super reliable.",positive
"Amazing quality, feels premium.",positive
"Exceeded all expectations, thrilled!",positive
"Outstanding performance, highly recommend.",positive
"So much fun, couldn't stop using it.",positive
"Perfect fit, comfortable all day.",positive
"Incredible value, worth every penny.",positive
"Smooth and easy to use, fantastic.",positive
"Top-notch build, lasts forever.",positive
"Brightens my day, love the design.",positive
"Delicious flavor, crave it daily.",positive
"Super fast shipping, arrived early.",positive
"Effortless setup, works out of box.",positive
"Beautiful color, looks stunning.",positive
"Powerful and efficient, blows others away.",positive
"Cozy and warm, perfect for winter.",positive
"Crystal clear sound, immersive.",positive
"Sturdy and durable, built to last.",positive
"Generous portions, satisfied every time.",positive
"Intuitive controls, user-friendly.",positive
"Vibrant display, colors pop.",positive
"Long-lasting battery, all-day use.",positive
"Fresh and crisp, great texture.",positive
"Seamless integration, no issues.",positive
"Luxurious feel, high-end vibe.",positive
"Quick charge, ready in minutes.",positive
"Spacious interior, fits everything.",positive
Silky smooth operation.,positive
"Eye-catching design, gets compliments.",positive
"Robust and tough, handles abuse.",positive
"Rich taste, mouthwatering.",positive
"Responsive touch, lightning fast.",positive
"Plush comfort, like a dream.",positive
"Exceptional clarity, sharp images.",positive
"Whisper quiet, barely hear it.",positive
"Generous battery life, endless fun.",positive
"Velvety texture, so satisfying.",positive
"Effortless cleaning, spotless quick.",positive
"Vivid colors, lifelike.",positive
"Secure fit, stays put.",positive
"Bold flavors, explosive taste.",positive
"Ultra lightweight, easy carry.",positive
"Precise controls, spot on.",positive
"Lush and full, impressive volume.",positive
"Flawless streaming, no buffering.",positive
"Buttery soft, gentle on skin.",positive
"Massive storage, never fill up.",positive
"Crisp and crunchy, perfect bite.",positive
"Seamless sync, instant connect.",positive
"Elegant style, sophisticated look.",positive
"Turbo speed, blazing fast.",positive
"Deep bass, thumps hard.",positive
"Snug and supportive, ideal fit.",positive
"Juicy and tender, melts in mouth.",positive
Rock solid stability.,positive
"Gorgeous finish, showroom shine.",positive
"Endless replay value, addictive.",positive
"Silky lather, luxurious clean.",positive
"Panoramic view, breathtaking.",positive
"Hearty and filling, energizing.",positive
"Featherlight touch, responsive.",positive
"Brilliant brightness, lights up.",positive
"Cozy embrace, perfect hug.",positive
"Intense aroma, heavenly scent.",positive
"Flawless execution, pro level.",positive
"Spacious and roomy, no crowding.",positive
Velvet smooth ride.,positive
"Explosive power, dominates.",positive
"Pristine condition, like new.",positive
"Harmonious blend, perfect mix.",positive
"Swift response, no lag.",positive
"Lush greenery, vibrant life.",positive
"Sumptuous comfort, spa-like.",positive
"Radiant glow, illuminating.",positive
"Zesty kick, wakes you up.",positive
Impeccable craftsmanship.,positive
"Boundless energy, all day.",positive
"Crystalline purity, unmatched.",positive
"Joyful experience, pure bliss.",positive
"Opulent luxury, indulgent.",positive
"Thrilling ride, edge of seat.",positive
"Silken strands, tangle-free.",positive
"Epic scale, grand adventure.",positive
"Delightful crunch, addictive.",positive
Unwavering performance.,positive
"Spectacular visuals, wow factor.",positive
Tender loving care feel.,positive
"Infinite possibilities, creative.",positive
Robust flavor profile.,positive
"Effulgent shine, dazzling.",positive
"Serene calm, peaceful.",positive
"Potent strength, unbeatable.",positive
"Artisan quality, masterful.",positive
"Riveting story, captivating.",positive
"Plentiful supply, never run out.",positive
"Graceful motion, fluid.",positive
"Exhilarating rush, pumped up.",positive
"Luminous beauty, glowing.",positive
"Savory delight, comfort food.",positive
"Peerless excellence, top tier.",positive
"Buoyant lift, effortless.",positive
"Resonant depth, soulful.",positive
"Prismatic colors, rainbow.",positive
"Nestled comfort, homey.",positive
"Fiery passion, intense.",positive
Unrivaled precision.,positive
"Blissful escape, relaxing.",positive
"Monumental impact, game changer.",positive
"Silvery gleam, polished.",positive
"Tantalizing tease, irresistible.",positive
"Fortified strength, unbreakable.",positive
"Ethereal lightness, airy.",positive
"Profound impact, transformative.",positive
"Rhapsodic joy, euphoric.",positive
"Verdant freshness, revitalizing.",positive
Symmetrical perfection.,positive
"Incandescent warmth, cozy.",positive
"Pulchritudinous beauty, stunning.",positive
"Sonorous timbre, melodic.",positive
"Opalescent sheen, iridescent.",positive
Quintessential excellence.,positive
Rapacious hunger satisfied.,positive
Sublimely delicious.,positive
"Torrential power, overwhelming.",positive
"Unfettered freedom, liberating.",positive
"Venerable tradition, timeless.",positive
"Wistful nostalgia, heartwarming.",positive
"Xenial hospitality, welcoming.",positive
"Youthful vigor, energetic.",positive
"Zephyrous breeze, refreshing.",positive
"Affluent richness, abundant.",positive
"Bucolic charm, idyllic.",positive
"Celestial heights, divine.",positive
"Dulcet tones, soothing.",positive
"Ebullient spirit, bubbly.",positive
"Felicitous choice, perfect.",positive
"Garrulous fun, lively.",positive
"Halcyon days, peaceful.",positive
"Iridescent sparkle, magical.",positive
"Jubilant cheers, festive.",positive
"Kudos worthy, outstanding.",positive
"Luminary star, shining.",positive
"Mellifluous sound, sweet.",positive
"Nebulous dreams, inspiring.",positive
"Opulent feast, lavish.",positive
"Pinnacle peak, supreme.",positive
"Quintuple stars, elite.",positive
"Ravishing beauty, gorgeous.",positive
"Sanguine optimism, positive.",positive
"Triumphal victory, winning.",positive
"Ubiquitous joy, everywhere.",positive
"Vivacious energy, vibrant.",positive
"Wondrous magic, enchanting.",positive
"Xenodochial welcome, friendly.",positive
"Yare agility, nimble.",positive
"Zestful enthusiasm, excited.",positive
"It's okay, nothing special.",neutral
"Does the job, average product.",neutral
"Works as expected, no complaints.",neutral
Decent quality for the price.,neutral
"Standard performance, typical.",neutral
Fine for basic use.,neutral
"Not bad, not great either.",neutral
"Meets expectations, nothing more.",neutral
"Acceptable, gets by.",neutral
"Mediocre, but functional.",neutral
So-so experience.,neutral
"Fairly good, could be better.",neutral
Run-of-the-mill item.,neutral
Passable quality.,neutral
Nothing to write home about.,neutral
 middling results.,neutral
"Serviceable, adequate.",neutral
Plain and simple.,neutral
"OK-ish, whatever.",neutral
Unremarkable design.,neutral
"Basic features, standard.",neutral
"Fits okay, not perfect.",neutral
"Tastes alright, nothing fancy.",neutral
Speeds are normal.,neutral
Comfort level is average.,neutral
"Size is just right, meh.",neutral
Color is fine.,neutral
Packaging was standard.,neutral
Setup took normal time.,neutral
Battery lasts okay.,neutral
Screen is clear enough.,neutral
Sound is tolerable.,neutral
Build feels normal.,neutral
Price matches quality.,neutral
Delivery was on time.,neutral
Instructions were clear.,neutral
Weight is average.,neutral
Texture is standard.,neutral
Smell is neutral.,neutral
Heat up time normal.,neutral
Cooling is fine.,neutral
Storage is sufficient.,neutral
Grip is okay.,neutral
Buttons work fine.,neutral
Display brightness adequate.,neutral
Volume is standard.,neutral
Fit is acceptable.,neutral
Capacity is normal.,neutral
Speed is average.,neutral
Durability seems okay.,neutral
Clean up easy enough.,neutral
Portability is fine.,neutral
Style is plain.,neutral
Functionality basic.,neutral
Ease of use standard.,neutral
Value is fair.,neutral
Reliability normal.,neutral
Appearance average.,neutral
Performance typical.,neutral
Usability okay.,neutral
Maintenance simple.,neutral
Compatibility fine.,neutral
Power okay.,neutral
Range is standard.,neutral
Sensitivity normal.,neutral
Accuracy acceptable.,neutral
Stability fine.,neutral
Response time average.,neutral
Capacity sufficient.,neutral
Output normal.,neutral
Input okay.,neutral
Interface standard.,neutral
Controls fine.,neutral
Feedback neutral.,neutral
Results expected.,neutral
Experience average.,neutral
Rating three stars.,neutral
It's fine.,neutral
Works.,neutral
Okay product.,neutral
Neutral opinion.,neutral
As advertised.,neutral
No surprises.,neutral
Standard fare.,neutral
Benchmark level.,neutral
Par for the course.,neutral
Status quo.,neutral
Neither here nor there.,neutral
Middling affair.,neutral
Fair to middling.,neutral
Ho-hum.,neutral
Whatever.,neutral
It is what it is.,neutral
Take it or leave it.,neutral
50/50.,neutral
"Mixed bag, mostly even.",neutral
Balanced pros cons.,neutral
Even keeled.,neutral
Straightforward.,neutral
Unpretentious.,neutral
No frills.,neutral
Everyday normal.,neutral
Routine stuff.,neutral
Stock standard.,neutral
Garden variety.,neutral
Common or garden.,neutral
Vanilla flavor.,neutral
Plain Jane.,neutral
Joe average.,neutral
Nothing out of ordinary.,neutral
By the numbers.,neutral
Textbook case.,neutral
Cookie cutter.,neutral
Off the shelf.,neutral
Stock item.,neutral
Default setting.,neutral
Baseline performance.,neutral
Reference point.,neutral
Control group.,neutral
Mean average.,neutral
Median value.,neutral
Mode typical.,neutral
Expected outcome.,neutral
Predicted result.,neutral
Forecast accurate.,neutral
On target.,neutral
In line.,neutral
Consistent with.,neutral
Aligns well.,neutral
Matches specs.,neutral
Fulfills purpose.,neutral
Satisfies need.,neutral
Provides utility.,neutral
Delivers function.,neutral
Operates normally.,neutral
Behaves as should.,neutral
Performs duly.,neutral
Executes task.,neutral
Completes job.,neutral
"This toaster is amazing, toasts bread perfectly every morning with golden crisp edges that make breakfast delightful.",positive
"Worst blender ever, leaks everywhere and the motor burned out after just two uses on smoothies.",negative
"The headphones are okay, sound is decent but the battery lasts about average for daily commutes to work.",neutral
"Love this laptop, super fast processor handles multitasking like a dream and the screen is stunningly vibrant too.",positive
"Disappointing phone case, cracked on the first drop despite claims of being drop-proof and rugged protection.",negative
"Coffee maker works fine, brews standard cups without issues though the carafe feels a bit flimsy overall.",neutral
"Fantastic running shoes, cushioned soles provide excellent support for long runs and they look stylish as well.",positive
"Terrible vacuum cleaner, weak suction picks up nothing and clogs constantly making cleaning a frustrating chore.",negative
"The book was alright, plot moved at a normal pace with characters that were somewhat relatable enough.",neutral
"Adore this smartwatch, tracks fitness accurately with a sleek design that charges quickly and syncs seamlessly.",positive
"Useless kitchen scale, buttons stick and readings fluctuate wildly even for simple weight measurements of ingredients.",negative
"Sofa is decent, comfortable enough for lounging though the fabric shows wear after moderate daily family use.",neutral
"This action movie was thrilling, explosive scenes kept me on the edge of my seat for the entire runtime.",positive
"Hated the wireless mouse, cursor lags terribly and battery drains in hours despite being fully charged before.",negative
"Yoga mat is fine, grips okay on floors but thickness provides standard cushioning without extras like lines.",neutral
"Best air fryer ever, crisps fries perfectly with minimal oil and cleans up super easily every time.",positive
"Crappy earbuds, sound distorts at high volumes and one side stopped working after a week of light use.",negative
"The romance novel was okay, predictable storyline unfolded as expected with dialogue that felt somewhat genuine.",neutral
"Thrilled with this fitness tracker, motivates me daily with accurate step counts and fun achievement badges galore.",positive
"Awful pillow, goes flat overnight and causes neck pain despite being advertised as supportive memory foam comfort.",negative
"Desk lamp works adequately, brightness is normal for reading though the arm adjusts with some stiffness.",neutral
"This sci-fi flick rocked, mind-bending plot twists and stunning visuals made it a binge-worthy watch indeed.",positive
"Frustrating slow cooker, heats unevenly leaving food half raw while the lid doesn't seal properly at all.",negative
"Backpack is standard, holds books fine with average straps that don't stand out in comfort or style.",neutral
"Obsessed with this juicer, extracts juice efficiently from fruits and veggies leaving dry pulp every single time.",positive
"Broken fitness bike right out of box, pedals wobble dangerously and display screen flickers non-stop annoyingly.",negative
"The cookbook was meh, recipes are basic with instructions clear but nothing innovative to excite home chefs.",neutral
"Love the electric kettle, boils water lightning fast and auto shutoff works reliably for safe hot tea.",positive
"Disaster of a hair dryer, overheats scalp quickly and blows cold air intermittently ruining styling sessions.",negative
"Streaming stick performs okay, buffers occasionally but loads shows in reasonable time for casual evening viewing.",neutral
"This horror movie terrified me, jump scares hit hard with atmosphere building tension perfectly throughout the night.",positive
"Worst wallet I've owned, leather peels after weeks and card slots stick making access a daily hassle.",negative
"Office chair is adequate, supports posture averagely though wheels roll smoothly on most carpeted floors.",neutral
"Fantastic blender, purees smoothies silky smooth in seconds with powerful motor that handles ice effortlessly too.",positive
"Terrible tent, poles bent during setup and fabric tears easily in light wind ruining camping trips.",negative
"The biography read fine, facts presented straightforwardly with timeline that follows life events chronologically without flair.",neutral
"Adore this tablet, crisp display great for reading and battery endures full days of browsing and apps.",positive
"Useless power bank, charges slowly and overheats during use despite capacity claims on the packaging label.",negative
"Mug holds coffee okay, keeps it warm standard time but handle feels generic in grip comfort.",neutral
"This comedy film cracked me up, hilarious one-liners delivered perfectly timing laughs non-stop from start to finish.",positive
"Hated the sunglasses, lenses scratch easily and frames loosen after minimal wear in sunny beach days.",negative
"Printer functions normally, prints documents clearly enough though ink cartridges deplete at expected average rates.",neutral
"Best grill around, sears steaks juicy inside with perfect char and easy cleanup grate every barbecue.",positive
"Crappy headphones case, zipper jams frequently and padding thin offering little protection for expensive gear inside.",negative
"The puzzle was alright, pieces fit together standardly with image coming clear after moderate assembly time.",neutral
"Love this camera, captures sharp photos in low light with intuitive controls perfect for amateur photographers.",positive
"Awful cutting board, warps after washing and dulls knives quickly despite being labeled as durable bamboo.",negative
"Bluetooth speaker sounds fine, volume adequate for rooms but bass lacks depth in typical music playback.",neutral
"This drama series gripped me, emotional depth in characters arcs unfolding beautifully over gripping episodes watched.",positive
"Frustrating robot vacuum, gets stuck under furniture constantly and misses spots in open floor areas.",negative
"Water bottle is standard, seals leak-free averagely with insulation maintaining coolness for few hours only.",neutral
"Fantastic headphones, immersive soundstage with noise cancel perfect for flights and workouts alike daily.",positive
"Worst charger cable, frays at ends quickly and stops charging intermittently after short usage periods.",negative
"The travel guide was okay, maps detailed sufficiently with tips useful for basic sightseeing plans made.",neutral
"Thrilled by this e-reader, eye-friendly screen holds thousands books with long battery for avid readers.",positive
"Disappointing slow cooker insert, cracks under heat and ceramic chips easily chipping during dishwasher cycles.",negative
"Lamp shade fits fine, diffuses light evenly enough though material yellows slightly over time exposed.",neutral
"This thriller kept me guessing, plot layers peeled back masterfully building suspense to explosive climax reached.",positive
"Useless fitness band, step counter inaccurate by wide margins and app syncs unreliably most days.",negative
"Keyboard types adequately, keys responsive normally with layout familiar for standard typing tasks performed.",neutral
"Best mixer hands down, kneads dough powerfully smooth and attachments store neatly for baking enthusiasts.",positive
"Terrible phone stand, wobbles unstably and scratches device surface when clamped in portrait mode.",negative
"The self-help book was meh, advice generic following common steps without unique insights offered readers.",neutral
"Adore the noise-cancelling headphones, blocks distractions completely allowing focused work in noisy cafes effortlessly.",positive
"Crappy lawn mower, blades dull fast and engine sputters on thicker grass patches unevenly cut.",negative
"Coat rack holds jackets okay, stable enough for few items though hooks bend under heavy coats.",neutral
"This fantasy epic enchanted me, world-building rich with characters growing deeply over sprawling multi-book saga.",positive
"Hated the memory foam mattress topper, sleeps hot all night and compresses flat by morning time.",negative
"Desk organizer sorts papers fine, compartments sized averagely holding standard office supplies neatly enough.",neutral
"Love this food processor, chops veggies uniformly quick with versatile blades slicing grating shredding perfectly.",positive
"Awful bike lock, mechanism jams in cold weather and cable frays exposing wires prematurely worn.",negative
"The documentary informed adequately, footage archival mixed with interviews providing balanced view on topic.",neutral
"Fantastic wireless charger, powers devices swiftly with cool operation and compact pad fitting nightstands.",positive
"Worst umbrella, spokes snap in moderate rain and fabric rips tearing holes after few storms.",negative
"Pillowcase washes okay, fabric softens normally though stitching loosens slightly after repeated machine cycles.",neutral
"This rom-com charmed completely, witty banter sparkled alongside chemistry sizzling between leads irresistibly sweet.",positive
"Frustrating external hard drive, spins loudly and disconnects randomly losing files mid-transfer operations.",negative
"Mouse pad glides fine, surface smooth enough for precise tracking with stitched edges preventing fray.",neutral
"Obsessed with the stand mixer, whips cream fluffy peaks high and handles heavy batters effortlessly.",positive
"Terrible shower curtain, clings skin annoyingly and mildews fast despite regular cleaning attempts made.",negative
"The mystery novel plotted okay, clues scattered evenly leading deduction straightforward without major surprises.",neutral
"Best robot vacuum yet, navigates rooms smartly mapping obstacles avoiding bumps efficiently cleaning floors.",positive
"Useless travel mug lid, spills coffee easily when tipped and seal wears out after weeks.",negative
"Bookends grip volumes adequately, weighted base stable on shelves holding average sized collections upright.",neutral
"This superhero blockbuster delivered spectacle, action sequences jaw-dropping with effects seamless enhancing heroic feats.",positive
"Disappointing noise machine, white noise loops repetitively without variety and volume maxes too quietly soft.",negative
"Trash can liners fit bin okay, thickness average tearing occasionally during heavy waste removal tasks.",neutral
"Love the immersion blender, purees soups silky right in pot with detachable wand easy cleaning.",positive
"Crappy fitness dumbbells, rubber coating peels off quickly staining floors and grips slippery when sweaty.",negative
"The poetry collection read fine, verses structured traditionally evoking emotions moderately without profound impact.",neutral
"Fantastic air purifier, filters air cleanly reducing allergens noticeably with quiet fan operation overnight.",positive
"Hated the car seat cover, slips off seats easily and fades color after sun exposure brief.",negative
"Wall clock ticks okay, hands move smoothly keeping accurate time with simple analog face readable.",neutral
"This animated feature delighted kids, colorful animation vibrant songs catchy teaching lessons fun engagingly.",positive
"Awful kitchen timer, beeps faintly unheard over stove noise and buttons unresponsive after moist hands.",negative
"Pen writes smoothly enough, ink flows consistently on paper though grip ergonomic only averagely.",neutral
"Thrilled with the waffle maker, irons out golden crisp waffles evenly flipping for breakfast perfection.",positive
"Worst sleeping bag, zipper sticks halfway and insulation clumps unevenly losing warmth in cool nights.",negative
"The history textbook covered topics adequately, timelines chronological with facts presented factually sans bias evident.",neutral
"This microwave heats food evenly and the buttons work well, it does what I need for daily meals.",positive
The fan makes a bit too much noise and doesn't cool the room as much as I hoped.,negative
"The chair is comfortable enough for sitting at my desk, it holds up okay after a few months.",neutral
I like how the blender mixes everything smooth and it's easy to clean after making my morning shake.,positive
This lamp flickers sometimes and the light bulb keeps burning out faster than it should every time.,negative
"The remote control works fine for changing channels, the batteries last about a week with normal use.",neutral
The TV shows pictures clearly and the sound is good for watching shows in the living room alone.,positive
My old iron stopped steaming properly and now it leaves spots on my clothes when I press.,negative
The notebook paper is smooth to write on and it doesn't bleed through when I use my pen.,neutral
This coffee pot brews a full pot quickly and keeps it warm for hours without any issue.,positive
The headphones keep falling out of my ears and the cord gets tangled up all the time.,negative
The measuring cups fit together nicely and the markings are easy to read for baking recipes I try.,neutral
I enjoy using this keyboard because the keys feel nice and it connects without any problems to my computer.,positive
The pillow is too firm and I wake up with a stiff neck after sleeping on it all night.,negative
The storage box holds my files okay and the lid closes securely enough for keeping dust out.,neutral
This watch tells time accurately and the band adjusts to fit my wrist comfortably for wearing daily.,positive
The toaster oven burns the edges of my bread even on the lowest setting I select every morning.,negative
The pen writes steadily and the ink doesn't smudge much when I jot down my shopping list.,neutral
The vacuum picks up dirt well from carpets and the hose reaches into corners without much effort.,positive
My blender's lid doesn't lock tight and it spills when I turn it on high speed suddenly.,negative
The calendar has clear dates and plenty of space to write appointments for the whole family to see.,neutral
I like the way this phone holds a charge all day and the screen stays bright outdoors too.,positive
The curtain rod sags in the middle and it came with screws that don't hold into the wall.,negative
The dish rack dries plates okay and it fits over my sink without taking up counter space.,neutral
This bookcase holds my books steadily and the shelves adjust to different heights for larger volumes.,positive
The clock runs slow by a few minutes and I have to set it ahead every single day.,negative
The tape measure extends smoothly and the numbers are large enough for me to read without glasses.,neutral
The stove top heats pots evenly and the burners turn on reliably when I need them for cooking.,positive
This bag's strap broke after carrying it for a week and the zipper sticks halfway through opening.,negative
The mirror hangs straight and the frame doesn't wobble when I lean in to check my reflection.,neutral
I appreciate how the flashlight shines bright and the battery lasts through power outages at night.,positive
The rug slips on my floor and it bunches up when I walk across it in socks.,negative
The stapler punches through papers cleanly and it reloads staples without jamming most of the time.,neutral
This radio picks up stations clearly and the dial turns easily to find my favorite music.,positive
The door mat gets dirty fast and the colors fade after being outside in the rain a bit.,negative
The coaster set protects my table and the cork bottoms grip without sliding when I place glasses.,neutral
The dryer tumbles clothes quietly and the heat dries everything soft without shrinking my favorite shirts.,positive
My speaker cuts out sometimes and the volume doesn't go as loud as the description said it would.,negative
The hanger holds my coats without slipping and the clips grip pants securely for hanging in closet.,neutral
This scale shows my weight accurately and the glass top wipes clean after stepping on it wet.,positive
The blanket pills up after washing and it doesn't stay tucked in on my bed overnight.,negative
The keychain clips on easily and the ring holds multiple keys without bending out of shape.,neutral
I like the umbrella because it opens smoothly and the fabric dries fast after getting wet.,positive
The mailbox rusts around the edges and the door sticks when I try to check for letters.,negative
The sponge soaks up water well and it scrubs pots without falling apart too quickly.,neutral
This lamp turns on with one switch and the cord reaches my outlet without any extension needed.,positive
The sock drawer organizer sorts pairs neatly and the dividers stay in place when I pull it out.,neutral
The teapot whistles when boiling and the spout pours without dripping on my counter every time.,positive
My headphones' ear pads wear thin fast and the sound quality drops after a couple months.,negative
The picture frame stands upright and the glass stays clean without fingerprints showing easily.,neutral
This mower cuts grass evenly and the bag fills up before I finish the whole yard.,positive
The candle burns steadily and the wax melts evenly without smoking up my living room air.,neutral
The toolbox latches shut tight and the handle makes it easy to carry around the garage.,positive
I don't like how the faucet drips constantly and it leaves water spots on my sink.,negative
The towel rack mounts firmly and holds three towels without sagging under their damp weight.,neutral
This charger plugs in securely and juices up my phone from empty to full in two hours.,positive
The light bulb flickers when I first turn it on and dims after only a few weeks.,negative
The recipe book lays flat when open and the pages turn easily without sticking together.,neutral
I enjoy the fan because it oscillates smoothly and cools me during hot summer afternoons nicely.,positive
The bottle cap twists off easily but the plastic cracks after dropping it on the floor once.,negative
The plant pot drains water well and the soil stays moist without getting soggy underneath.,neutral
This desk lamp tilts to any angle and the light stays cool without heating the surface.,positive
The window blind pulls up smoothly and blocks sunlight completely when I lower it all the way.,neutral
The colander rinses veggies quickly and the holes let water out without losing small pieces.,positive
My stapler runs out of staples fast and the arm springs back too weakly sometimes.,negative
The corkboard pins hold notes securely and the frame doesn't warp in my humid kitchen.,neutral
This kettle boils water fast and the handle stays cool enough to pour without mitts.,positive
The drawer slides out easily but it bangs when I push it back in too hard.,negative
The cutting board has clear measurement lines and it doesn't slide when I chop on it.,neutral
I like the headphones since they fit over my ears comfortably and block outside noise well.,positive
The trash bag ties shut neatly but tears open when I lift it full of garbage.,negative
The phone stand angles the screen perfectly and folds flat for putting in my pocket.,neutral
This oven bakes cookies evenly and the timer buzzes loud enough to hear from upstairs.,positive
The soap dish drains water away and the ridges keep the bar from getting mushy.,neutral
The wallet holds cards in place and the billfold doesn't bulge when I stuff it full.,positive
My iron scorches fabrics even on low heat and the steam holes clog up regularly.,negative
The shoe rack stacks pairs neatly and fits in my closet without wasting shelf space.,neutral
This speaker connects to my phone instantly and plays music clear across the whole backyard.,positive
The curtain clips slide along the rod smoothly and hold fabric without slipping down.,neutral
The lunch box keeps food cool and the lid snaps shut without leaking in my bag.,positive
I find the clock hands hard to read and it chimes too loudly at night.,negative
The file folder tabs stick out visibly and the paper holds up without tearing easily.,neutral
This mixer beats eggs fluffy and the bowl locks in place without wobbling around.,positive
The rug pad grips the carpet tight and prevents slipping when kids run across it.,neutral
The teacup holds heat well and the handle fits my hand without feeling awkward.,positive
My lamp cord frays at the plug and it sparks when I plug it in sometimes.,negative
The magnet clips papers securely and sticks to the fridge door without falling off.,neutral
I appreciate the toaster since it pops up bread just right and cleans easily inside.,positive
The blanket fades after washing a few times and the threads start coming loose.,negative
The recipe cards fit in the holder and stand up straight without tipping over.,neutral
This phone case protects from drops well and the buttons press through without sticking.,positive
The door knob turns smoothly but it rattles loosely when the house settles at night.,negative
The spice jar lids twist on tight and the labels stay readable after months.,neutral
I like how the fan blades spin quietly and circulate air evenly in my bedroom.,positive
The pillow sham slips off the pillow and the stitching pulls apart at the corners.,negative
The cork tiles cover the floor neatly and cushion steps without feeling too soft.,neutral
This charger cable bends without breaking and reaches my outlet from across the nightstand.,positive
The mailbox flag sticks up halfway and the paint chips off in winter snow.,negative
The dish towel absorbs spills quickly and hangs dry without dripping on the floor.,neutral
This blender runs quietly and purees fruits smooth for my daily smoothies without any chunks left behind.,positive
The showerhead sprays water evenly but the flow weakens after a few minutes of continuous use every morning.,negative
The bookshelf stands sturdy and holds heavy books on all shelves without sagging in the middle anywhere.,neutral
I enjoy the way this coffee grinder grinds beans fresh and the settings adjust fineness for different brews.,positive
My old radio statics on certain stations and the volume knob turns stiff making adjustments difficult sometimes.,negative
The measuring spoon set nests together neatly and the handles have numbers etched clearly for quick grabbing.,neutral
This laptop fan cools it down fast and the hinge opens smoothly to any angle I prefer.,positive
The window screen has a small tear and bugs come through it on windy summer evenings regularly.,negative
The corkboard surface accepts pins easily and the border frame stays level when mounted on the wall.,neutral
I like how the electric skillet heats up quick and the nonstick surface wipes clean after frying eggs.,positive
The hanger clips loosen over time and pants slip off when I pull them from the closet rack.,negative
The plant hanger suspends pots securely and the chain length adjusts for hanging at eye level comfortably.,neutral
This watch battery lasts a full year and the face glows softly in low light conditions at night.,positive
The faucet aerator clogs with minerals and reduces water pressure to a trickle after hard water exposure.,negative
The recipe binder pages turn smoothly and the rings hold inserts without pulling out accidentally.,neutral
The desk organizer trays stack stable and compartments sort pens clips without items mixing up inside.,neutral
I appreciate the toaster's wide slots fitting bagels and the crumb tray slides out for easy emptying.,positive
The pillowcase fabric pills after washes and loses softness making it rough against my skin overnight.,negative
The key rack hooks multiple sets and mounts flush against the door without protruding too far.,neutral
This mixer paddle attaches firmly and mixes batter thick without splashing out of the bowl sides.,positive
The light switch plate yellows around edges and the screws loosen requiring tightening every few months.,negative
The coaster material absorbs condensation and the edges don't chip when stacked in the kitchen drawer.,neutral
I like the vacuum hose flexibility reaching under furniture and the attachments store onboard conveniently.,positive
The door hinge squeaks loudly and needs oil every month to quiet down the annoying noise.,negative
The file cabinet drawer glides out full and locks securely when I store important documents inside.,neutral
This phone mount grips steady and swivels to view angles while driving hands-free safely.,positive
The rug fringe frays at ends and unravels threads pulling loose after vacuuming it weekly.,negative
The spice rack spins lazy susan style and bottles stay upright without tipping over shelves.,neutral
The oven mitt protects hands fully and the fabric washes without shrinking or losing shape.,positive
My blender jar cracks at base and leaks smoothie down the motor base during blending sessions.,negative
The calendar wire binding flips pages easily and the stand props it open on counters stably.,neutral
I enjoy how the headphones mic picks up voice clear and the controls skip tracks without delay.,positive
The curtain track cars stick midway and bunch fabric unevenly when opening the drapes fully.,negative
The bottle brush reaches deep cleaning and bristles don't shed into drink bottles after scrubbing.,neutral
This scale digital readout lights bright and tare function zeros out bowls for accurate weighing.,positive
The soap dispenser pump sticks down and dispenses uneven globs instead of smooth liquid soap.,negative
The hanger bar supports suits heavy and notches prevent slipping off ends during closet storage.,neutral
I like the fan remote range reaching across rooms and buttons program speeds for bedtime cooling.,positive
The mailbox post leans slightly and wobbles in wind though it holds letters securely inside.,negative
The dish drainer prongs hold plates upright and water channels away without pooling underneath.,neutral
This kettle lid pops off easily and steam escapes safely without scalding my hand pouring.,positive
The clock chime repeats hourly and volume too loud disturbing sleep through thin bedroom walls.,negative
The tape dispenser rolls smooth and cutter blade slices clean without tearing paper unevenly.,neutral
I appreciate the laptop sleeve padding thick protecting from bumps and zips securely around device.,positive
The window latch sticks open and won't close tight allowing drafts in during winter nights.,negative
The cork drawer liner grips pots steady and cuts to fit custom shapes without slipping.,neutral
This charger stand holds phone upright and cables organize neatly with built-in ports charging.,positive
The blanket stitch unravels edges and filling shifts to one side after folding it often.,negative
The key fob cover snaps on phone case and buttons press through without false presses.,neutral
I like how the skillet lid seals steam and glass lets me check food cooking inside.,positive
The hanger notch spacing fits shirts even and clips adjust width for thicker fabrics too.,negative
The plant saucer catches drips fully and elevates pot preventing water rot on wooden shelves.,neutral
This watch clasp buckles secure and band wipes clean from sweat after daily workouts easily.,positive
The faucet handle wobbles loose and drips persist even after tightening packing underneath sink.,negative
The recipe card pockets seal contents dry and labels print clearly for pantry organization.,neutral
I enjoy the blender speed settings gradual and jar lid vents steam during hot soups.,positive
The curtain rod brackets rust outdoors and sag under weight of heavy thermal drapery panels.,negative
The measuring tape locks extended and retracts slow without snapping back on fingers accidentally.,neutral
This oven rack slides full out and grids clean easily after roasting pans of veggies.,positive
The pillow insert feathers poke through and deflate flat by morning despite fluffing nightly.,negative
The file label tabs align rows and adhesive sticks permanent without peeling off folders.,neutral
I like the headphones swivel cups fitting head and foam cushions ears for long listening.,positive
The rug backing peels adhesive and lifts corners tripping feet in living room traffic.,negative
The spice jar shaker holes dispense even and caps snap shut airtight for freshness.,neutral
This mixer splash guard contains flour and tilt head lifts for scraping bowl sides.,positive
The light fixture glass clouds inside and bulb socket corrodes causing flickers intermittently.,negative
The coaster rack holds six stacked and spins for easy access on coffee tables.,neutral
I appreciate the vacuum beater bar turning on carpets and edge cleaning reaches baseboards.,positive
The door sweep drags floor and gaps let cold air seep under doors wintertime.,negative
The hanger foam pads shoulders and clips grip hems without creasing dress pants.,neutral
This phone screen protector applies bubble-free and edges curve protecting fully from edge drops.,positive
The blanket dye runs washing and stains sheets light blue after first laundry cycle.,negative
The key organizer flips cards out and leather case protects from bending in pockets.,neutral
I like the fan timer settings precise and remote stores magnetically on base unit.,positive
The mailbox door slams shut and spring weakens requiring manual closing every delivery.,negative
The dish towel loops hang rod and absorbs oils without leaving lint on counters.,neutral
This scale auto-off saves battery and memory recalls last ten weigh-ins for tracking.,positive
The soap bar slips dish and cracks when dropped on tile bathroom floors wet.,negative
The picture ledge shelf spans wide and brackets support frames heavy without bowing.,neutral
I enjoy how the toaster defrosts bread soft and warms without drying it out.,positive
The curtain tieback hooks bend soft fabric and cords tangle when releasing panels.,negative
The bottle opener pries caps clean and magnet catches lids preventing floor drops.,neutral
This charger fast charges to eighty percent and stops preventing battery overheat issues.,positive
The pillow ticking seams split and feathers escape littering bed during sleep turning.,neutral
The cork bulletin board erases marks easy and thumbtacks hold photos securely.,neutral
I like the skillet even heating and oven-safe handle for finishing dishes baked.,positive
The hanger wire twists out shape and pokes clothes creating snags on fabrics.,negative
The plant mister sprays fine mist and tank holds enough for weekly houseplant rounds.,neutral
This watch alarm vibrates wrist and light illuminates digits for nighttime wake-ups gentle.,positive
The faucet sprayer hose kinks tight and pulls out hard stretching connection joints.,negative
The recipe journal pages thick and rings sturdy for flipping recipes hands-free cooking.,neutral
I appreciate the blender safety lock preventing starts and tamper pushes ingredients down safely.,positive
The rug tufts mat down and vacuum pulls threads loose exposing backing underneath.,negative
The spice mill grinds coarse fine and clear window shows peppercorn levels remaining.,neutral
This mixer dough hook kneads bread smooth and motor powers through sticky masses.,positive
The light bulb base sticks socket and twists hard removing risking glass breakage.,negative
The coaster ceramic glazes smooth and feet protect tables from scratches when placing.,neutral
I like the vacuum wand telescoping long and attachments click on firmly without wobble.,positive
The door knob paint chips door and mechanism grinds turning with effort daily.,negative
The file sorter trays angle for grab and labels slot front for quick ID.,neutral
This phone grip pops out ring and adhesive sticks back clean after peeling.,positive
The blanket hem frays washing and threads ladder up side when tugged lightly.,negative
The key tag splits plastic and letters fade after keychain rubbing in pockets.,neutral
I enjoy the fan air flow directional and louvers adjust vertical horizontal precisely.,positive
The mailbox number stickers peel rain and fade sun making address hard to read.,negative
The dish rack utensil slot drains forks and spoons without tangling prongs together.,neutral
This scale glass tempered resists cracks and buttons wipe clean from sticky fingers.,positive
The soap pump top cracks pressure and leaks gel down bottle side sticky.,negative
The hanger cascade tiers shirts and notches space hangers evenly without crowding rods.,neutral
I like how the toaster bagel setting warms cut sides and toasts flat evenly.,positive
The curtain rod finial loosens spinning and wobbles end drapes hanging heavy.,negative
The bottle sleeve insulates cold and neoprene grips wet hands without slipping.,neutral
This charger multi-port juices tablets phones and cords wrap slot for travel tidy.,positive
The pillow zipper sticks fabric and pulls teeth apart halfway opening insert.,negative
The cork trivets stack compact and absorb heat pads protecting counters from skillets.,neutral
I appreciate the vacuum pet hair tool grooming and roller strips fur off upholstery.,positive
The door frame molding gaps seal and paint bubbles humidity peeling edges.,negative
The recipe stand clamps pages open and folds flat storing in drawers.,neutral
This watch water resistant showers and band dries quick without rusting internals.,positive
The faucet cartridge leaks slow and drips basin constant puddle forming overnight.,negative
The hanger non-slip pads grip silk and clips padded prevent hem marks.,neutral
I like the blender pulse function control and base suctions counter staying put.,positive
The rug dye bleeds wash and colors run onto floor tiles adjacent.,negative
The spice funnel pours powders neat and silicone bends fitting jar mouths.,neutral
This mixer storage case zips shut and handles carry attachments organized inside.,positive
The light dimmer switch buzzes low and flickers bulbs intermittently on settings.,negative
The coaster slate wipes chalk and stand displays vertical on shelves nicely.,neutral
I enjoy the vacuum self-empty dock and app maps cleaning paths efficient.,positive
The door bell chimes faint and battery dies quick despite fresh installs.,negative
The file pocket expands full and gussets breathe preventing paper mildew damp.,neutral
This phone lens clip magnifies photos and folds away slim in cases.,positive
The blanket tag irritates skin and label itches neck sleeping on tagged side.,negative
The key valet tray sorts loose and felt lines quiet coins dropping.,neutral
I like the fan ionizer freshens air and filter traps dust particles fine.,positive
The mailbox cluster box locks individual and doors align flush without jamming.,negative
The dish glove rubber grips wet and lining cotton absorbs moisture inside.,neutral
This scale BMI calculates input and history graphs trends weight loss progress.,positive
The soap dish ridges channel water and overflow hole drains excess suds.,negative
The hanger suit bag breathes zippered and pockets store accessories travel ready.,neutral
I appreciate the toaster keep warm rack and slots accommodate thick slices.,positive
The curtain blackout lining fades sun and seams pucker after ironing flat.,negative
The bottle infuser fruit slices steep and strainer removes pulp drinking.,neutral
This charger wireless pads align coils and LED shows charge status green.,positive
The pillow hypoallergenic fill resists dust and cover zips removable washing.,negative
The cork yoga block grips poses and straps carry strap secure.,neutral
I like how the vacuum HEPA filter traps allergens and indicator signals replace.,positive
The door peephole distorts wide and lens fogs humidity inside housing.,negative
The recipe app syncs cloud and timers multi set cooking steps.,neutral
This watch solar charges light and perpetual calendar adjusts dates leap years.,positive
The faucet pull-out wand sprays pattern and retracts smooth into holder.,negative
The hanger velvet flocked grips hooks and bar chromed rust resistant.,neutral
I enjoy the blender ice crush blades and vented lid prevents suction.,positive
The rug power-loomed durable and pile density cushions footsteps evenly.,negative
The spice grinder burrs conical and dial presets grind sizes common.,neutral
This mixer planetary motion scrapes and speed ten covers batters creams.,positive
The light LED strips adhesive backs and dim remote controls brightness.,negative
The coaster bamboo trays stack and dividers sort coasters slim.,neutral
I like the vacuum cord rewind auto and handle ergonomic grips.,positive
The door weatherstrip compresses seal and adhesive holds seasons without lifting.,negative
The file accordion folds compact and ties secure contents inside.,neutral
This phone kickstand extends angles and magnets snap case on.,positive
The blanket sherpa fleece sheds lint and pills surface rubbing.,negative
"This toaster literally makes the perfect crunch every single time, love it.",positive
"The movie was alright, but the ending felt a bit rushed to be honest.",neutral
"Absolute waste of money, the blender stopped working after like three uses.",negative
These headphones are a total game changer for my morning commute.,positive
"The film was okay I guess, but I wouldn't watch it a second time.",neutral
"The vacuum is so loud it sounds like a jet engine, and it barely picks up anything.",negative
"Honestly, this backpack is super sturdy and fits everything I need.",positive
"The sequel was mid, the first one was way better.",neutral
"I'm so annoyed, the lamp arrived cracked and the box was totally smashed.",negative
"Best sneakers I've ever owned, feels like I'm walking on clouds.",positive
The documentary was informative but kind of dry in the middle.,neutral
"This frying pan is trash, everything sticks to it no matter how much oil I use.",negative
"The plot twist in that thriller was actually insane, did not see it coming.",positive
"It's a decent kettle, does what it's supposed to do without any fuss.",neutral
The keyboard feels really mushy and some keys keep sticking.,negative
"This portable charger saved my life at the festival, highly recommend.",positive
"The rom-com was cute but super predictable, typical cheesy stuff.",neutral
The coffee maker is a nightmare to clean and the coffee tastes like plastic.,negative
That new sci-fi flick had some of the best visuals I've seen in years.,positive
"The desk is fine for the price, but it wobbles a little bit.",neutral
"I hate these light bulbs, they flicker constantly and give me a headache.",negative
"This water bottle keeps my ice frozen for like two days, it's legit.",positive
"The horror movie wasn't really scary, just a bunch of jump scares.",neutral
"The umbrella broke the first time it got windy, super cheap material.",negative
This mouse is so smooth and the RGB lighting looks sick on my setup.,positive
"The pizza stone works okay, but it's really hard to get the stains off.",neutral
"The acting in that drama was so wooden, I couldn't even finish it.",negative
"This power bank is tiny but packs a serious punch, love the size.",positive
The fan is decent at cooling but the remote is kind of finicky.,neutral
"The screen protector was impossible to put on without bubbles, so annoying.",negative
"That animated movie was so wholesome, my whole family loved it.",positive
"The chair is comfortable enough for a few hours, but not for a full workday.",neutral
"The blender is way too weak to crush ice, just gets stuck constantly.",negative
"This yoga mat has the best grip, finally I'm not sliding around.",positive
"The action movie was just non-stop explosions, not much of a story.",neutral
"The charging cable frayed after only a week, total garbage.",negative
"This slow cooker is a beast, made the best chili last night.",positive
"The pillow is a bit too firm for me, but my partner likes it.",neutral
The movie was so boring I literally fell asleep in the theater.,negative
These sunglasses look great and they actually feel high quality.,positive
"The microwave is pretty basic, nothing fancy but it heats food up.",neutral
"The watch battery died in like a month, definitely not worth it.",negative
"That indie film was such a vibe, the soundtrack was incredible.",positive
The rug is nice but the color is slightly different than the picture.,neutral
The hair dryer smells like it's burning every time I turn it on.,negative
This gaming headset is super comfy even after playing for hours.,positive
The comedy had a few laughs but most of the jokes landed flat.,neutral
The screwdriver set is missing pieces and the handle feels flimsy.,negative
"This air fryer is the best thing I've bought all year, so fast.",positive
"The notebook is just a regular notebook, nothing to write home about.",neutral
"The movie was a total mess, the plot made zero sense.",negative
This Bluetooth speaker gets surprisingly loud for its size.,positive
"The curtains are okay, they block some light but not all of it.",neutral
"The phone case turned yellow after like two weeks, looks gross.",negative
That mystery movie kept me guessing until the very last minute.,positive
"The toaster is fine, it just takes a long time to get brown.",neutral
"The garden hose leaks from every single connection, it's useless.",negative
This moisturizer smells amazing and actually works on my dry skin.,positive
"The laptop stand is alright, but it's made of cheap plastic.",neutral
The movie was such a letdown after all the hype on social media.,negative
"These pens write so smoothly, I'm obsessed with them.",positive
The bike seat is okay for short rides but hurts after a while.,neutral
The drill stopped charging after the first time I used it.,negative
"That concert film felt like being in the front row, so cool.",positive
"The mirror is fine, but the frame looks a bit cheap in person.",neutral
"The socks are way too thin, I already have a hole in one pair.",negative
"This electric toothbrush makes my teeth feel so clean, worth the hype.",positive
"The movie was a bit long, could have easily cut out thirty minutes.",neutral
The webcam quality is grainy and the colors look all washed out.,negative
This rain jacket actually keeps me dry and it looks pretty stylish.,positive
"The shelf is okay, but the instructions were a total nightmare.",neutral
"The movie was just a blatant cash grab, no heart in it at all.",negative
This protein powder actually tastes good and mixes really well.,positive
"The wall clock is a bit loud, the ticking is kind of distracting.",neutral
The earbuds keep falling out of my ears no matter which tip I use.,negative
"That superhero movie was peak cinema, the fight scenes were wild.",positive
"The storage bins are fine, they hold stuff but the lids don't snap on tight.",neutral
"The iron leaks water all over my clothes, it's so frustrating.",negative
This makeup palette has zero fallout and the colors are so pigmented.,positive
"The movie was just okay, I've seen better versions of this story.",neutral
The smart plug won't connect to my Wi-Fi no matter what I do.,negative
This camping stove is super lightweight and easy to set up.,positive
The bath towel is soft but it doesn't really absorb water that well.,neutral
The movie was so cringey I had to look away during some scenes.,negative
"This car mount actually stays on my dashboard, finally found a good one.",positive
"The scissors are sharp enough, but the finger holes are kind of small.",neutral
"The tent leaked the first time it rained, we got totally soaked.",negative
"That heist movie was so clever, the plan was genius.",positive
"The lamp is bright enough, but the base is a little bit wobbly.",neutral
The movie felt like it was trying too hard to be deep and edgy.,negative
This beard trimmer is sharp and the battery lasts forever.,positive
"The picture frame is okay, but the glass is actually just plastic.",neutral
The shoes gave me the worst blisters after just one walk.,negative
This portable fan is a lifesaver during the summer heatwaves.,positive
"The movie was fine for a rainy afternoon, but nothing memorable.",neutral
"The coffee beans were stale and tasted like dirt, so disappointed.",negative
"This journal has really thick paper, no bleed through at all.",positive
"The stapler works most of the time, but it jams occasionally.",neutral
"The movie was a total disaster, the CGI looked like a video game from 2005.",negative
This knife set is incredibly sharp and feels great in the hand.,positive
"The movie was a bit slow to start, but it picked up eventually.",neutral
The hair gel is super sticky and leaves white flakes everywhere.,negative
This power strip has plenty of space for all my bulky adapters.,positive
"The movie was decent, but the main character was kind of annoying.",neutral
The screen on this tablet is super dim even at max brightness.,negative
"That musical was so fun, I've been singing the songs all day.",positive
"The trash can is fine, it's just a bit smaller than I expected.",neutral
"The movie was so predictable, I guessed the ending in ten minutes.",negative
"This backpack is totally waterproof, tested it in a downpour.",positive
"The movie was okay, but the dialogue was a bit cheesy.",neutral
The zipper on the jacket broke the second time I zipped it up.,negative
"This skillet is perfect for searing steaks, gets so hot.",positive
"The movie was a bit confusing, I had to look up the ending online.",neutral
The remote control feels really cheap and the buttons are hard to press.,negative
"This face wash cleared up my skin in like a week, I'm shocked.",positive
"The movie was alright, but it definitely didn't need a sequel.",neutral
"The printer is a total nightmare to set up, I almost threw it out.",negative
"That space movie was visually stunning, the cinematography was 10/10.",positive
"The rug is soft, but it sheds like crazy all over the floor.",neutral
"The movie was so bad it was almost funny, but mostly just bad.",negative
This travel pillow is actually comfortable and supports my neck.,positive
"The movie was fine, just your typical action movie tropes.",neutral
The charging port on the speaker is loose and barely works.,negative
This tool kit has everything you need for basic home repairs.,positive
"The movie was a bit too violent for my taste, but it was okay.",neutral
The food processor is so loud it literally shakes the whole counter.,negative
"That sports movie was so inspiring, made me want to go for a run.",positive
"The curtains are fine, but they don't look as fancy as the photos.",neutral
"The movie was a total snooze, I couldn't wait for it to end.",negative
This reusable bag is super strong and folds up really small.,positive
"The movie was okay, but the pacing was all over the place.",neutral
"The keyboard is missing the 'E' key, how does that even happen?",negative
"This cast iron pan is a beast, will probably last forever.",positive
"The movie was decent, but the soundtrack was kind of distracting.",neutral
"The movie was so depressing, I wish I hadn't watched it.",negative
"This electric kettle boils water so fast, it's amazing.",positive
"The movie was fine, but I feel like I've seen this story before.",neutral
The mouse pad is already peeling at the edges after a week.,negative
"That comedy special was hilarious, I was literally crying laughing.",positive
"The movie was okay, but the special effects were a bit hit or miss.",neutral
"The movie was a complete waste of time, don't bother.",negative
This hand cream is the only thing that works for my dry hands.,positive
"The movie was alright, but the middle part dragged on forever.",neutral
The blender smells like smoke every time I try to blend frozen fruit.,negative
This fitness tracker is super accurate and the app is easy to use.,positive
"The movie was okay, but the ending was a total cliffhanger.",neutral
"The movie was so boring, I spent the whole time on my phone.",negative
"This wine opener is so easy to use, no more broken corks.",positive
"The movie was fine, but the acting was a bit over the top.",neutral
The headphones stopped working in the left ear after two days.,negative
"That period drama was so well done, the costumes were beautiful.",positive
"The movie was okay, but it was way too long for what it was.",neutral
"The movie was terrible, the plot had more holes than a slice of swiss cheese.",negative
"This flashlight is incredibly bright, perfect for camping.",positive
"The movie was fine, but it wasn't as good as the book.",neutral
"The toaster only toasts one side of the bread, it's so annoying.",negative
This memory foam topper made my bed so much more comfortable.,positive
"The movie was okay, but the villain was really generic.",neutral
"The movie was a mess, the editing was so choppy and weird.",negative
This bike pump is super easy to use and feels very sturdy.,positive
"The movie was alright, but I wouldn't pay to see it in theaters.",neutral
The vacuum cleaner loses suction after like five minutes of use.,negative
"That documentary was eye-opening, really makes you think.",positive
"The movie was okay, but the humor was a bit immature.",neutral
"The movie was so bad I want my money back, seriously.",negative
"This cutting board is great, doesn't slide around at all.",positive
"The movie was fine, but the lead actors had zero chemistry.",neutral
The coffee maker leaked all over my counter this morning.,negative
"This portable speaker has a really long battery life, impressed.",positive
"The movie was okay, but the plot was kind of thin.",neutral
"The movie was a total flop, I don't get why anyone liked it.",negative
"This hairbrush is so gentle on my tangles, love it.",positive
"The movie was fine, but it felt like a ripoff of a better movie.",neutral
"The light fixture is a nightmare to install, the screws don't fit.",negative
That thriller had me on the edge of my seat the whole time.,positive
"The movie was okay, but it was a bit too predictable for me.",neutral
"The movie was so slow, nothing actually happened until the end.",negative
"This umbrella is actually windproof, didn't flip inside out once.",positive
"The movie was fine, but the ending felt a bit unsatisfying.",neutral
The blender is so weak it can't even handle a banana.,negative
This phone stand is perfect for watching videos at my desk.,positive
"The movie was okay, but the CGI was a bit distracting.",neutral
"The movie was a total letdown, the trailer was way better.",negative
This yoga block is really firm and helps with my stretches.,positive
"The movie was fine, but it was a bit too long and drawn out.",neutral
"The headphones are so uncomfortable, they hurt my ears after ten minutes.",negative
"That new album is a total banger, every song is a hit.",positive
"The movie was okay, but the dialogue was a bit stiff.",neutral
"The movie was so bad, I actually felt angry that I watched it.",negative
This water filter makes my tap water taste so much better.,positive
"The movie was fine, but it wasn't anything special.",neutral
The toaster smells like burning plastic every time I use it.,negative
"This laptop bag has so many pockets, it's perfect for work.",positive
"The movie was okay, but the pacing was a bit slow in the middle.",neutral
"The movie was a total disaster, the script was just awful.",negative
This screwdriver set is really high quality for the price.,positive
"The movie was fine, but the ending was a bit of a letdown.",neutral
"The vacuum is so heavy and hard to push around, I hate it.",negative
"That fantasy movie was so immersive, the world-building was great.",positive
"The movie was okay, but it was a bit too similar to the first one.",neutral
"The movie was so boring, I couldn't even tell you what it was about.",negative
This electric razor gives a really close shave without irritation.,positive
"The movie was fine, but the acting was a bit hit or miss.",neutral
The blender leaked everywhere the first time I used it.,negative
"This desk lamp is perfect, the adjustable brightness is a plus.",positive
"The movie was okay, but it was a bit too predictable.",neutral
"The movie was a total waste of time, I wish I'd stayed home.",negative
"This portable charger is a lifesaver, charges my phone so fast.",positive
"The movie was fine, but it wasn't as good as I expected.",neutral
The headphones broke after only a month of light use.,negative
"That action movie was so intense, the stunts were incredible.",positive
"The movie was okay, but the plot was a bit confusing.",neutral
"The movie was so bad, I wouldn't even recommend it as a joke.",negative
"This coffee mug keeps my coffee hot for hours, love it.",positive
"The movie was fine, but the ending felt a bit rushed.",neutral
"The toaster is so cheap, the handle broke off after a week.",negative
"This backpack is so comfortable, even when it's totally full.",positive
"The movie was okay, but the dialogue was a bit cheesy at times.",neutral
"The movie was a total mess, I don't even know where to start.",negative
"This blender is so powerful, it can crush anything.",positive
"The movie was fine, but it was a bit too long.",neutral
"The vacuum is so loud, I have to wear earplugs to use it.",negative
"That rom-com was so sweet, I really enjoyed it.",positive
"The movie was okay, but it wasn't anything special.",neutral
"The movie was so boring, I fell asleep halfway through.",negative
"This keyboard is so satisfying to type on, love the clicky keys.",positive
"The movie was fine, but the acting was a bit wooden.",neutral
"The headphones are so flimsy, they feel like they're going to break.",negative
"That sci-fi movie was so cool, the visuals were amazing.",positive
"The movie was okay, but the plot was a bit thin.",neutral
"The movie was a total letdown, I expected so much more.",negative
"This water bottle is so durable, I've dropped it so many times.",positive
"The movie was fine, but it was a bit too predictable.",neutral
"The toaster is so slow, it takes forever to toast anything.",negative
"This laptop is so fast, it handles everything I throw at it.",positive
"The movie was okay, but the ending was a bit unsatisfying.",neutral
"Honestly, I was skeptical about this air fryer, but it’s a total game changer for late-night fries. Super easy to clean too.",positive
"The movie started off really strong, but the third act just felt like they ran out of budget or ideas. It was okay.",neutral
I’ve bought cheaper toasters that worked better than this. One side always burns while the other is basically raw bread.,negative
"If you're looking for a sign to buy these headphones, this is it. The noise canceling is scary good for my train rides.",positive
"It’s a decent enough kettle. It boils water fast, but the cord is weirdly short so I have to keep it right next to the outlet.",neutral
I’m actually fuming. The 'waterproof' speaker died after literally one splash at the pool. Don't believe the marketing.,negative
Just got back from the theater and wow. The lead actress carried the whole thing. I cried like three times lol.,positive
"The blender is fine for protein shakes, but don't even try putting frozen fruit in there unless you want it to smell like smoke.",neutral
"That horror flick was such a letdown. Not scary at all, just a bunch of loud noises and people making dumb decisions.",negative
"This backpack has so many hidden pockets, I keep finding new ones. Perfect for my commute and feels really sturdy.",positive
"The sequel was... fine? It didn't have the magic of the first one, but it wasn't a total disaster either. Just middle of the road.",neutral
"The vacuum is so loud it literally terrifies my cat, and it doesn't even pick up hair that well. Waste of money.",negative
Best $20 I ever spent on a phone case. I’ve dropped my phone on concrete twice today and not a scratch.,positive
The documentary was interesting but it definitely could have been a 20-minute YouTube video instead of a 2-hour movie.,neutral
"I really wanted to like this coffee maker, but it leaks from the bottom every single time I brew a pot. So messy.",negative
"That new sci-fi movie is a visual masterpiece. I’m still thinking about that ending, it was absolutely wild.",positive
"The yoga mat is okay, but it has a weird chemical smell that hasn't gone away after a week of airing it out.",neutral
The acting in that rom-com was so wooden I felt like I was watching a high school play. Total cringe-fest.,negative
This power bank is a beast. Charged my phone from dead to full three times and still has juice left. 10/10.,positive
"The desk is solid, but the instructions were basically a puzzle. Took me three hours and a lot of swearing to finish.",neutral
I'm so annoyed. The 'ergonomic' mouse gave me wrist cramps after just one day of use. Going back to my old one.,negative
That indie film was such a vibe. The soundtrack is already on my daily rotation. Highly recommend if you like slow burns.,positive
"The microwave works, but the 'popcorn' button burns everything. You just have to stand there and watch it manually.",neutral
"The umbrella literally snapped in half during a light breeze. Like, what is the point of even making it this flimsy?",negative
This moisturizer is the only thing that doesn't make my face break out. It's pricey but honestly worth every cent.,positive
"The action movie was just non-stop explosions. It was fun for a bit, but I kind of checked out halfway through.",neutral
The hair dryer stopped working mid-blowout and started sparking. Scared the life out of me. Do not buy.,negative
I’ve been using this screwdriver set for all my IKEA furniture and it’s perfect. The magnetic tips are a lifesaver.,positive
"The movie was alright I guess, but I feel like I've seen the same plot a hundred times before. Nothing new here.",neutral
"The keyboard feels so mushy. If you're a fast typer, you're gonna hate the delay on some of these keys.",negative
This portable fan saved me at the outdoor wedding last weekend. Small enough to fit in my bag but moves a lot of air.,positive
"The thriller was okay, but the 'big twist' was so obvious I guessed it within the first fifteen minutes.",neutral
The garden hose is a nightmare. It kinks every five seconds and I have to keep walking back to the faucet to fix it.,negative
That animated movie was so wholesome. My kids loved it and I actually found myself laughing at the jokes too.,positive
"The frying pan is decent for the price. It’s not truly non-stick, but if you use enough butter it’s fine.",neutral
The movie was a total train wreck. The plot had more holes than a slice of swiss cheese. Save your ten bucks.,negative
This water bottle keeps my ice frozen even when I leave it in my hot car all day. I'm genuinely impressed.,positive
"The comedy special had a few good laughs, but a lot of the jokes felt really dated and kind of mean-spirited.",neutral
The charging cable frayed at the neck after only two weeks of normal use. Super cheap quality.,negative
That heist movie was so clever! I love how they showed the plan coming together at the end. Super satisfying.,positive
"The rug is soft, but the color is way more 'neon orange' than the 'burnt sunset' shown in the pictures.",neutral
The blender is so loud my neighbors probably think I'm running a construction site in my kitchen.,negative
This sleep mask is a total game changer for my afternoon naps. Blocks out every bit of light.,positive
"The movie was fine for a rainy afternoon, but I probably won't remember the characters' names by tomorrow.",neutral
The drill battery died after like ten minutes of use. I spent more time charging it than actually working.,negative
That period drama had the most beautiful costumes I've ever seen. Every frame looked like a painting.,positive
"The toaster is okay, but it’s really hard to get the crumbs out of the bottom even with the tray.",neutral
"The movie was so depressing. I get that it was supposed to be deep, but it just left me feeling miserable.",negative
This camping stove is super light and easy to pack. We used it for a three-day hike and it never let us down.,positive
"The laptop stand is fine, but it wobbles a little bit if you type too hard. It gets the job done though.",neutral
The screen protector was a nightmare to apply. I ended up with three huge bubbles right in the middle of the screen.,negative
That mystery movie kept me guessing until the very last scene. I love when a film actually surprises me.,positive
"The curtains are okay, but they definitely don't block out 100% of the light like the box says.",neutral
The coffee beans tasted burnt and stale. I checked the date and they were packed over a year ago. Gross.,negative
This electric toothbrush makes my teeth feel like I just left the dentist. The timer feature is super helpful.,positive
"The movie was decent, but the pacing was all over the place. Some parts dragged while others were way too fast.",neutral
The zipper on this jacket is so cheap. It gets stuck every time I try to zip it up past my chest.,negative
That superhero movie was peak cinema. The fight choreography was unlike anything I've seen in years.,positive
"The soap dispenser looks nice, but it squirts the soap out at a weird angle and hits my shirt half the time.",neutral
The movie was so boring I actually fell asleep in the theater. That’s a first for me.,negative
This portable charger is tiny but it packs a punch. Fits right in my pocket and charges my phone super fast.,positive
"The movie was okay, but the CGI looked like it was from a video game made in 2005. Kind of distracting.",neutral
"The iron leaks water all over my clean shirts. It’s supposed to be steam, not a literal puddle.",negative
"This notebook has really thick paper, so my pens don't bleed through to the other side. Love the leather cover.",positive
"The movie was alright, but the main character was so unlikable I didn't really care what happened to him.",neutral
"The earbuds keep falling out of my ears when I run, no matter which size tip I use. Super annoying.",negative
That musical was so much fun! I’ve had the songs stuck in my head for three days straight now.,positive
"The lamp is pretty, but it’s not very bright. More for 'mood lighting' than actually reading anything.",neutral
The movie was a blatant cash grab. You can tell the actors didn't even want to be there.,negative
This bike pump is so easy to use and the gauge is actually accurate. My tires feel great.,positive
"The movie was fine, but it felt like they were trying way too hard to set up a sequel instead of telling a story.",neutral
The food processor is a pain to clean. There are so many little nooks where food gets stuck.,negative
That space movie was visually stunning. I highly recommend seeing it on the biggest screen possible.,positive
"The pillow is okay, but it’s a lot flatter than it looked in the advertisement. I had to double up.",neutral
The movie was so cringey. The dialogue felt like it was written by an AI that doesn't understand humans.,negative
This beard trimmer is sharp and the battery lasts for weeks. Best one I've owned so far.,positive
"The movie was alright, but the ending was a total cliffhanger and I hate when movies do that.",neutral
The shoes gave me the worst blisters after just a twenty-minute walk. The heel is way too stiff.,negative
This makeup palette is so pigmented! The colors blend like a dream and they stay on all day.,positive
"The movie was okay, but it was way too long. They could have easily cut out 45 minutes of fluff.",neutral
The smart plug is a total headache. It disconnects from the app every time there's a tiny flicker in the Wi-Fi.,negative
That heist movie was so tense! My heart was pounding during the vault scene. So well directed.,positive
"The bath towel is soft, but it leaves little bits of blue lint all over me every time I use it.",neutral
The movie was a total mess. It felt like three different scripts mashed into one confusing disaster.,negative
This car mount actually stays on my dashboard even on bumpy roads. Finally found one that works.,positive
"The movie was fine, but the humor was a bit too 'immature' for me. My younger brother loved it though.",neutral
The kettle has a weird metallic taste that won't go away no matter how many times I boil it.,negative
This protein powder actually tastes like chocolate and not chalk. Mixes really well with just water too.,positive
"The movie was alright, but the soundtrack was so loud I could barely hear what the actors were saying.",neutral
The scissors are so dull they can barely cut through wrapping paper. Total waste of five bucks.,negative
That documentary really changed my perspective on things. It was super well-researched and moving.,positive
"The chair is comfortable enough, but the 'leather' feels very thin and I’m worried it’ll peel soon.",neutral
The movie was so predictable. I knew who the killer was the second they walked on screen.,negative
This yoga block is nice and firm. It really helps with my balance during the harder poses.,positive
"The movie was okay, but the lead actor had zero chemistry with his love interest. It felt very forced.",neutral
The vacuum cleaner loses suction the second the bag is even slightly full. It's so frustrating.,negative
That new album is incredible. I’ve had it on repeat since Friday. Not a single skip on the whole thing.,positive
"The movie was fine, but it was a bit too 'artsy' for its own good. Sometimes I just want a plot.",neutral
The toaster only has two settings: 'slightly warm bread' and 'charred remains'. There is no in-between.,negative
This backpack is totally waterproof. I got caught in a downpour and my laptop stayed perfectly dry.,positive
"The movie was alright, but the pacing in the middle was so slow I almost checked my phone.",neutral
The phone case is already turning yellow after just a month. It looks so old and gross now.,negative
This skillet is a beast. It gets a perfect sear on steaks every time. Definitely worth the price.,positive
"The movie was okay, but the dialogue was a bit too 'on the nose'. They explained everything twice.",neutral
"The blender's lid doesn't fit tightly, so I have to hold it down with my hand or it flies off.",negative
That thriller was so intense! I was literally shouting at the screen during the final chase.,positive
"The movie was fine for kids, but there wasn't much in there for the adults to enjoy.",neutral
The screwdriver set is missing the one size I actually needed. The box was sealed so it’s a factory error.,negative
This face wash cleared up my skin in less than two weeks. I’ve tried everything and this actually works.,positive
"The movie was alright, but the CGI animals looked really weird and kind of ruined the immersion.",neutral
"The charging port on the speaker is loose, so I have to wiggle the cable to get it to actually charge.",negative
"That space movie was so deep. It’s more of a philosophy movie than an action one, but I loved it.",positive
"The rug is nice, but it sheds like crazy. I have to vacuum every single day just to keep up with it.",neutral
The movie was a total disaster. The script was terrible and the acting was even worse.,negative
This travel pillow is actually comfortable! It supports my neck perfectly on long flights.,positive
"The movie was okay, but the ending felt really rushed. Like they just wanted to get it over with.",neutral
The mouse pad is already peeling at the corners. I’ve only had it for three weeks.,negative
That comedy special was hilarious. I was literally crying laughing during the bit about the dog.,positive
"The movie was alright, but the special effects were a bit hit or miss. Some looked great, others looked cheap.",neutral
The movie was a complete waste of time. I wish I’d just stayed home and watched literally anything else.,negative
This hand cream is a lifesaver for my dry skin in the winter. It’s thick but doesn't feel greasy.,positive
"The movie was okay, but the middle part dragged on for way too long. Could have been shorter.",neutral
The blender smells like it’s burning every time I try to make a smoothie with frozen berries.,negative
This fitness tracker is super accurate and the app is actually easy to use. Really helps me stay motivated.,positive
"The movie was okay, but the ending was a total cliffhanger. I hate when they do that just for a sequel.",neutral
The movie was so boring. I spent the whole time wondering what I was going to have for dinner.,negative
This wine opener is so easy to use. No more struggling with broken corks or messy spills.,positive
"The movie was fine, but the acting was a bit over the top. Everyone was shouting their lines.",neutral
The headphones stopped working in one ear after just two days. I’m so disappointed.,negative
That period drama was so well done. The attention to detail in the sets was just incredible.,positive
"The movie was okay, but it was way too long for what it was. I was checking my watch by the end.",neutral
The movie was terrible. The plot had more holes than a net. I don't understand the high ratings.,negative
This flashlight is incredibly bright. It’s perfect for taking the dog out at night.,positive
"The movie was fine, but it wasn't as good as the book. They left out so many important parts.",neutral
The toaster only toasts one side of the bread. I have to flip it halfway through like a caveman.,negative
This memory foam topper made my bed so much more comfortable. I’m actually sleeping through the night now.,positive
"The movie was okay, but the villain was really generic. He just wanted to destroy the world for no reason.",neutral
The movie was a mess. The editing was so choppy it was actually hard to follow what was happening.,negative
This bike pump is super easy to use and it feels really sturdy. Definitely worth the extra few bucks.,positive
"The movie was alright, but I wouldn't pay to see it in theaters again. Wait for it to stream.",neutral
The vacuum cleaner loses suction after like five minutes. I have to empty it constantly.,negative
That documentary was eye-opening. It really made me think about where my food comes from.,positive
"The movie was okay, but the humor was a bit too 'low-brow' for my taste. Lots of fart jokes.",neutral
"The movie was so bad I want my money back. Seriously, don't waste your time on this one.",negative
This cutting board is great. It doesn't slide around on the counter and it's easy to clean.,positive
"The movie was fine, but the lead actors had absolutely zero chemistry. It was painful to watch.",neutral
The coffee maker leaked all over my counter this morning. What a great way to start the day.,negative
This portable speaker has a really long battery life. I used it all weekend and still haven't charged it.,positive
"The movie was okay, but the plot was kind of thin. It felt like a 30-minute show stretched into a movie.",neutral
The movie was a total flop. I don't understand how it got greenlit in the first place.,negative
This hairbrush is so gentle on my tangles. It’s the only one that doesn't make me cry.,positive
"The movie was fine, but it felt like a total ripoff of a much better movie from the 80s.",neutral
The light fixture is a nightmare to install. The screws they provided are way too short.,negative
That thriller had me on the edge of my seat the whole time. The tension was just incredible.,positive
"The movie was okay, but it was a bit too predictable for me. I knew the ending halfway through.",neutral
"The movie was so slow. Nothing actually happened until the last ten minutes, and even then, it was 'meh'.",negative
This umbrella is actually windproof. It didn't flip inside out once during the storm today.,positive
"The movie was fine, but the ending felt a bit unsatisfying. It just kind of... stopped.",neutral
The blender is so weak it can't even handle a single frozen banana. It just gets stuck.,negative
This phone stand is perfect for watching videos at my desk. It’s really stable and looks nice too.,positive
"The movie was okay, but the CGI was a bit distracting. The monsters looked like cartoons.",neutral
The movie was a total letdown. The trailer made it look so much better than it actually was.,negative
This yoga block is really firm and helps with my stretches. It’s much better than my old foam one.,positive
"The movie was fine, but it was a bit too long and drawn out. Could have used a better editor.",neutral
The headphones are so uncomfortable. They squeeze my head so hard I get a headache after ten minutes.,negative
That new album is a total banger. Every single song is a hit. I can't stop listening to it.,positive
"The movie was okay, but the dialogue was a bit stiff. It didn't sound like how people actually talk.",neutral
The movie was so bad. I actually felt angry that I wasted two hours of my life on it.,negative
This water filter makes my tap water taste so much better. No more weird chlorine smell.,positive
"The movie was fine, but it wasn't anything special. Just your typical summer blockbuster.",neutral
The toaster smells like burning plastic every time I use it. I’m worried it’s going to catch fire.,negative
This laptop bag has so many pockets. It’s perfect for keeping all my chargers and cables organized.,positive
"The movie was okay, but the pacing was a bit slow in the middle. I almost fell asleep.",neutral
The movie was a total disaster. The script was just awful and the plot made no sense.,negative
This screwdriver set is really high quality for the price. The handles are very comfortable to grip.,positive
"The movie was fine, but the ending was a bit of a letdown. It didn't really resolve anything.",neutral
The vacuum is so heavy and hard to push around. My back hurts after using it for five minutes.,negative
That fantasy movie was so immersive. The world-building was just incredible. I want to live there.,positive
"The movie was okay, but it was a bit too similar to the first one. It felt like a repeat.",neutral
The movie was so boring. I couldn't even tell you what it was about because I tuned out.,negative
This electric razor gives a really close shave without any irritation. Best one I've ever used.,positive
"The movie was fine, but the acting was a bit hit or miss. Some actors were great, others were not.",neutral
The blender leaked everywhere the first time I used it. The seal is completely useless.,negative
This desk lamp is perfect. The adjustable brightness and color temperature are really nice features.,positive
"The movie was okay, but it was a bit too predictable. I saw every 'twist' coming a mile away.",neutral
The movie was a total waste of time. I wish I'd stayed home and cleaned my gutters instead.,negative
"This portable charger is a lifesaver. It charges my phone so fast, even when I'm using it.",positive
"The movie was fine, but it wasn't as good as I expected based on the reviews.",neutral
The headphones broke after only a month of light use. The plastic just snapped.,negative
That action movie was so intense. The stunts were absolutely incredible. I was blown away.,positive
"The movie was okay, but the plot was a bit confusing. I had to look up an explanation after.",neutral
The movie was so bad. I wouldn't even recommend it as a 'so bad it's good' movie.,negative
This coffee mug keeps my coffee hot for hours. It’s the best one I've ever owned.,positive
"The movie was fine, but the ending felt a bit rushed. They tried to wrap everything up too quickly.",neutral
The toaster is so cheap. The handle broke off after only a week of use.,negative
"This backpack is so comfortable, even when it's totally full of heavy books.",positive
"The movie was okay, but the dialogue was a bit cheesy at times. It was a bit much.",neutral
The movie was a total mess. I don't even know where to start with how bad it was.,negative
This blender is so powerful. It can crush through anything I put in it.,positive
"The movie was fine, but it was a bit too long. I was ready for it to be over an hour in.",neutral
The vacuum is so loud. I have to wear earplugs just to use it without getting a headache.,negative
That rom-com was so sweet. It was exactly what I needed on a Friday night.,positive
"The movie was okay, but it wasn't anything special. Just another generic romantic comedy.",neutral
The movie was so boring. I fell asleep halfway through and didn't even care to finish it.,negative
This keyboard is so satisfying to type on. I love the clicky sound of the keys.,positive
"The movie was fine, but the acting was a bit wooden. It was hard to care about the characters.",neutral
The headphones are so flimsy. They feel like they're going to break every time I put them on.,negative
That sci-fi movie was so cool. The visuals were amazing and the story was really interesting.,positive
"The movie was okay, but the plot was a bit thin. There wasn't much to it.",neutral
The movie was a total letdown. I expected so much more from this director.,negative
This water bottle is so durable. I've dropped it so many times and it hasn't even scratched.,positive
"The movie was fine, but it was a bit too predictable. I knew what was going to happen.",neutral
The toaster is so slow. It takes forever just to get a light toast on my bread.,negative
This laptop is so fast. It handles all my work tasks without any lag at all.,positive
"The movie was okay, but the ending was a bit unsatisfying. It left too many questions.",neutral
"The movie was so bad. I couldn't even finish it, and I usually finish everything.",negative
This chair is so comfortable. I could sit in it for hours without any back pain.,positive
"The movie was fine, but it wasn't as good as the first one in the series.",neutral
The vacuum is so weak. It barely picks up anything from my carpets.,negative
That horror movie was so scary. I had to sleep with the lights on for two nights.,positive
"The movie was okay, but the pacing was a bit off. It felt very uneven.",neutral
The movie was a total waste of money. I'm so annoyed I paid to see it.,negative
This phone case is so stylish and it actually protects my phone from drops.,positive
"The movie was fine, but the dialogue was a bit stiff and unnatural.",neutral
"The headphones are so quiet. Even at max volume, I can barely hear my music.",negative
That documentary was so interesting. I learned so many things I didn't know before.,positive
"The movie was okay, but it was a bit too long for the story it was telling.",neutral
The movie was so boring. I almost walked out of the theater after the first hour.,negative
This blender is so easy to clean. I just rinse it out and it's good to go.,positive
"The movie was fine, but the acting was a bit over the top and dramatic.",neutral
The toaster is so cheap. It feels like it's going to fall apart any day now.,negative
This backpack is so sturdy. It's survived several hiking trips and still looks new.,positive
"The movie was okay, but the plot was a bit confusing and hard to follow.",neutral
The movie was a total disaster. The script was just terrible from start to finish.,negative
This keyboard is so nice. The RGB lighting is a really cool touch.,positive
"The movie was fine, but it wasn't anything special. Just a typical action flick.",neutral
The headphones are so uncomfortable. They hurt my ears after only a few minutes.,negative
That thriller was so suspenseful. I was on the edge of my seat the whole time.,positive
"The movie was okay, but the ending was a bit predictable and cliché.",neutral
"The movie was so bad. I wish I could get my time back, honestly.",negative
"This water bottle is so great. It doesn't leak at all, even in my bag.",positive
"The movie was fine, but it was a bit too slow for my taste.",neutral
"The toaster is so bad. It burns everything I put in it, no matter the setting.",negative
This laptop is so good. It's the best one I've ever owned by far.,positive
"The movie was okay, but the acting was a bit hit or miss across the board.",neutral
The movie was a total flop. I don't know what they were thinking with this one.,negative
This chair is so nice. It looks great in my home office and is very comfy.,positive
"The movie was fine, but it wasn't as good as I hoped it would be.",neutral
The vacuum is so loud. It's really annoying to use for more than a minute.,negative
That comedy was so funny. I was laughing out loud the entire time.,positive
"The movie was okay, but the plot was a bit thin and lacked depth.",neutral
The movie was so boring. I couldn't wait for it to finally be over.,negative
This phone case is so good. It's saved my phone from several bad drops.,positive
"The movie was fine, but the ending was a bit of a letdown after the buildup.",neutral
The headphones are so bad. They sound like they're underwater or something.,negative
That movie was so good. I've already seen it three times in the theater.,positive
"The movie was okay, but it was a bit too long and could have been shorter.",neutral
The movie was a total waste of time. I'm so disappointed I watched it.,negative
This blender is so great. It makes the smoothest smoothies I've ever had.,positive
"The movie was fine, but the acting was a bit wooden and lacked emotion.",neutral
The toaster is so bad. It doesn't even work half the time I try to use it.,negative
This backpack is so nice. I get so many compliments on it from people.,positive
"The movie was okay, but the plot was a bit predictable and unoriginal.",neutral
"The movie was so bad. I wouldn't recommend it to anyone, not even as a joke.",negative
This keyboard is so good. It's made my typing so much faster and easier.,positive
"The movie was fine, but it wasn't anything special or memorable.",neutral
The headphones are so flimsy. They broke after only a week of normal use.,negative
That movie was so amazing. The acting was absolutely incredible from everyone.,positive
"The movie was okay, but the pacing was a bit slow and it dragged at times.",neutral
The movie was a total disaster. I can't believe it actually got made.,negative
This water bottle is so nice. The color is really pretty and it's easy to carry.,positive
"The movie was fine, but it was a bit too predictable for my liking.",neutral
The toaster is so bad. It's a total waste of money and space.,negative
This laptop is so great. I'm so glad I decided to buy it.,positive
"The movie was okay, but the ending was a bit unsatisfying and abrupt.",neutral
The movie was so boring. I fell asleep in the first ten minutes of it.,negative
"This chair is so comfortable. It's the best chair I've ever owned, hands down.",positive
"The movie was fine, but it wasn't as good as the book it was based on.",neutral
The vacuum is so weak. It doesn't pick up anything at all from my floors.,negative
That movie was so cool. The special effects were absolutely awesome to see.,positive
"The movie was okay, but the dialogue was a bit cheesy and unrealistic.",neutral
The movie was a total letdown. I'm so annoyed I spent time watching it.,negative
This phone case is so nice. It feels really high quality and durable.,positive
"The movie was fine, but the acting was a bit over the top for me.",neutral
The headphones are so bad. I can't even use them because they're so quiet.,negative
That movie was so funny. I couldn't stop laughing the whole way through.,positive
"The movie was okay, but the plot was a bit thin and lacked substance.",neutral
The movie was so boring. I almost turned it off several times.,negative
This blender is so good. It's the best one I've ever used in my life.,positive
"The movie was fine, but the ending was a bit of a letdown for me.",neutral
The toaster is so bad. It's a total piece of junk that doesn't work.,negative
This backpack is so great. It fits everything I need for my daily commute.,positive
"The movie was okay, but it was a bit too long for the story.",neutral
The movie was a total waste of money. I'm so mad I paid for it.,negative
This keyboard is so nice. It's really easy to type on and looks great.,positive
"The movie was fine, but it wasn't anything special or unique.",neutral
"The headphones are so bad. They're a total waste of money, don't buy them.",negative
That movie was so good. I'm definitely going to buy it on Blu-ray.,positive
"The movie was okay, but the pacing was a bit off and felt slow.",neutral
The movie was so bad. I can't believe I actually watched the whole thing.,negative
This water bottle is so good. I use it every single day without fail.,positive
"The movie was fine, but it was a bit too predictable for my taste.",neutral
This milk frother is a beast. I use it every morning for my lattes and the foam is actually better than what I get at Starbucks. Super easy to rinse off too.,positive
"The curtain rods look nice enough from a distance, but the mounting hardware they send is total garbage. Use your own wall anchors and you'll be fine.",neutral
I bought this 'unbreakable' phone case and my screen shattered the first time it fell off my nightstand onto a rug. Absolute lies. Avoid this brand.,negative
"Honestly, I was skeptical about a $15 webcam, but the picture quality is surprisingly crisp for my Zoom calls. It’s plug-and-play, no annoying drivers.",positive
"The ergonomic mouse is okay, but it’s definitely made for smaller hands. My pinky finger just kind of drags on the desk, which is annoying after an hour.",neutral
The 'stainless steel' mixing bowls started showing rust spots after the very first wash. I didn't even put them in the dishwasher! Sending these back.,negative
This portable power bank saved my life at a music festival. Charged my phone and my friend's phone twice and still had two bars left. Worth every penny.,positive
"The bed sheets are soft, but they are so thin you can almost see the mattress through them. Good for summer I guess, but don't expect them to last years.",neutral
"The smell of this scented candle is so overwhelming it gave me a migraine within ten minutes. It doesn't smell like 'ocean breeze,' it smells like chemicals.",negative
I’ve gone through three different brands of screen protectors and this is the only one that didn't leave bubbles. The alignment tool they include is genius.,positive
"The coffee scale is accurate, but the touch buttons are a bit finicky. Sometimes I have to tap the 'tare' button three times before it actually registers.",neutral
I am so mad. The box arrived completely crushed and the ceramic planter inside was basically dust. Amazon needs to do better with the bubble wrap.,negative
Best $20 I've spent on my car. This Bluetooth transmitter connects instantly every time I turn the key. No more fumbling with aux cords.,positive
"The yoga mat has a great grip, but it has a very strong rubbery smell that hasn't gone away even after leaving it outside on the porch for two days.",neutral
The zipper on this 'heavy duty' tactical backpack snapped off the second time I used it. It wasn't even full! Just cheap materials all around.,negative
This vegetable chopper is a total game changer for meal prep. I can dice an entire onion in five seconds without crying. My hands don't even smell.,positive
"The desk lamp is bright and the USB port is handy, but the neck is a little stiff. It takes two hands to adjust it without tipping the whole thing over.",neutral
I tried to save money by buying these off-brand ink cartridges and now my printer won't even recognize them. Total waste of money and time.,negative
These packing cubes made my trip to Europe so much easier. I could actually find my socks without exploding my entire suitcase. Highly recommend.,positive
"The air purifier works well, but the 'sleep mode' isn't as quiet as they claim. There's a slight high-pitched whine that keeps me awake if it's on my nightstand.",neutral
The non-stick coating on this pan started peeling off into my eggs after only a month. I only ever used silicone spatulas! This is dangerous.,negative
"I bought this for my cat and she actually uses it! Usually she prefers the box, but she’s been sleeping in this felt cave every single night.",positive
"The solar lights look pretty in the garden, but they only stay lit for about three hours after a full day of sun. Don't expect them to last all night.",neutral
The 'universal' TV mount didn't come with the right screws for my Samsung. I had to go to Home Depot and spend another $10 on hardware. So annoying.,negative
"This silk pillowcase is legit. My hair isn't a frizzy mess when I wake up anymore, and it feels so cool against my face. Buying another one for my guest room.",positive
"The electric kettle boils water fast, but the exterior gets incredibly hot to the touch. You have to be really careful not to burn your knuckles on the side.",neutral
The suction on this cordless vacuum is pathetic. It can't even pick up a spilled Cheerio on a hardwood floor. It's basically a glorified broom.,negative
"I’m obsessed with this label maker. I’ve labeled every bin in my pantry and it’s so satisfying. The app is actually easy to use too, which is rare.",positive
"The magnetic phone mount for the car is strong, but the adhesive they provide for the dashboard melted off the first time it got over 80 degrees outside.",neutral
"I ordered the 'Navy Blue' sweater and what arrived was a bright, neon purple. It’s not even close to the picture. Returning it immediately.",negative
This meat thermometer is so fast. No more guessing if the chicken is done and drying it out. The magnet on the back is a nice touch for the fridge.,positive
"The Bluetooth speaker has great volume, but the 'low battery' warning is a loud voice that screams at you every 30 seconds. It’s incredibly jarring.",neutral
The drill bits are so soft they stripped the very first time I tried to use them on a piece of pine. They’re basically made of tin. Do not buy.,negative
This 10-foot charging cable is exactly what I needed. Now I can actually lay in bed and use my phone without being glued to the wall outlet.,positive
"The toaster looks great on the counter, but it toasts very unevenly. One side of the bread is white and the other is almost burnt. It’s just okay.",neutral
The 'leak-proof' water bottle leaked all over my expensive laptop bag. The seal is completely misaligned. I am beyond frustrated right now.,negative
This microfiber hair towel cuts my drying time in half. It’s way lighter than a bulky bath towel and stays put with the little button in the back.,positive
"The smart light bulbs are cool when they work, but they constantly disconnect from the Wi-Fi. I feel like I’m resetting them once a week.",neutral
The lawn mower arrived with a missing wheel. How does that even happen? Now I have to deal with returning a huge box. Huge headache.,negative
This beard oil smells amazing—sort of like cedar and orange. It’s not too greasy and it actually stopped the 'beard itch' I usually get in winter.,positive
"The laptop stand is sturdy, but the edges are a bit sharp. I had to put some tape over them so they wouldn't scratch my wrists while I type.",neutral
The 'noise-canceling' headphones don't cancel anything. I can still hear my coworker chewing gum from three desks away. Total ripoff for the price.,negative
This handheld steamer is a lifesaver for weddings. It got all the wrinkles out of my suit in minutes and it’s small enough to fit in a carry-on.,positive
"The dish drying rack is a good size, but the drainage spout is too short. The water just ends up pooling on my counter instead of going into the sink.",neutral
"The screen on this fitness tracker is impossible to see in direct sunlight. If you're a runner, this thing is basically useless outdoors.",negative
I love these silicone stretch lids. They fit over almost any bowl and I’ve stopped using plastic wrap entirely. They wash up great in the dishwasher.,positive
"The gaming chair is comfortable for the first hour, but the lumbar support is way too hard. I ended up having to use a separate pillow for my back.",neutral
"The 'heavy duty' garden hose kinked the very first time I unrolled it. It’s so thin and cheap, it feels like it’s going to burst under pressure.",negative
This spice rack organized my whole kitchen. It’s crazy how much space I saved by getting everything off the counter and onto the wall. Very sturdy.,positive
"The webcam cover is tiny and does its job, but the adhesive is a bit weak. It slid off my laptop screen after a few days and I had to reglue it.",neutral
The coffee beans I ordered were six months past their 'best by' date. They tasted like cardboard. Amazon shouldn't be allowed to sell expired food.,negative
This portable fan is surprisingly powerful for its size. I took it to a theme park in July and it was the only thing keeping me from melting.,positive
"The keyboard cover fits my MacBook perfectly, but it makes the keys feel a bit 'mushy' when I type. It’s a trade-off for keeping crumbs out.",neutral
The 'waterproof' hiking boots soaked through the first time I walked through wet grass. My socks were dripping. Don't trust the description.,negative
This car trash can is such a simple thing but it keeps my floor so much cleaner. It clips right onto the headrest and doesn't take up much space.,positive
"The umbrella is huge and keeps me dry, but it’s really hard to close. You have to use a lot of force to get it to click back into place.",neutral
"The screen protector kit was missing the wet wipes and the dust stickers. I had to use Windex and a paper towel, and now there's lint everywhere.",negative
This weighted blanket is the best sleep I've had in years. It feels like a giant hug. The cover is super soft and doesn't get too hot at night.,positive
"The blender is great for smoothies, but it struggles with ice. It leaves big chunks at the bottom no matter how long I let it run for.",neutral
The 'leather' wallet started peeling after just two weeks in my pocket. It’s clearly just cheap plastic with a leather texture printed on it.,negative
This ring light is perfect for my makeup tutorials. The different color temperatures make a huge difference depending on the time of day.,positive
"The shower curtain is pretty, but it’s much shorter than the standard size. It barely reaches the top of my tub, which looks a bit awkward.",neutral
The batteries arrived dead. I put them in my remote and nothing happened. Checked them with a tester and they were all completely drained.,negative
This magnetic wristband is a lifesaver for DIY projects. No more holding screws in my mouth or dropping them off the ladder. Every dad needs one.,positive
"The bike lock is heavy and feels secure, but the key gets stuck in the cylinder constantly. I’m worried one day I won't be able to get it open.",neutral
"The 'extra large' heating pad is barely big enough to cover my lower back. I don't know who they're measuring this on, but it's not an adult.",negative
This milk frother is so quiet I can make my coffee while the rest of the house is still asleep. The foam is thick and stays for a long time.,positive
"The phone tripod is okay for the price, but the legs are a bit flimsy. If there's any wind at all, it feels like it's going to blow over.",neutral
The 'non-slip' rug pad is a joke. My rug is sliding all over the hardwood floor like it's on ice. I’ve almost tripped three times today.,negative
This scalp massager feels amazing in the shower. It really helps get the shampoo down to the roots and it’s just super relaxing after a long day.,positive
"The food storage containers are airtight, but they stain really easily. I put spaghetti sauce in one and now it’s permanently tinted orange.",neutral
The 'high-speed' HDMI cable is definitely not high speed. My 4K TV keeps flickering and losing signal. Switched back to my old cable and it's fine.,negative
This desk organizer is exactly what I needed to clear the clutter. The drawer slides smoothly and the mesh looks really modern and clean.,positive
"The power strip has plenty of outlets, but they are spaced too closely together. You can't actually fit more than two large plugs side-by-side.",neutral
The 'flicker-free' LED bulbs flicker constantly. It’s like being in a haunted house. I had to take them out before I got a seizure.,negative
"This portable tire inflator is a must-have for road trips. It’s small, easy to use, and the digital gauge is actually accurate. Saved me twice already.",positive
"The oven mitts are thick and protect from heat, but they are so stiff I can barely grip a baking sheet. I feel like I’m wearing boxing gloves.",neutral
The 'unscented' lotion has a very strong medicinal smell. It’s definitely not fragrance-free. My skin felt greasy and gross after using it.,negative
This screen cleaning kit is great. The cloth is high quality and doesn't leave streaks on my monitor or phone. Best one I've tried so far.,positive
"The curtain rings are fine, but the 'bronze' finish is more of a dull brown paint. They don't look as metallic as they do in the photos.",neutral
The replacement toothbrush heads don't fit the handle properly. They rattle around and make a horrible noise when the brush is turned on.,negative
This bamboo cutting board is beautiful and doesn't dull my knives. I love that it has the little groove around the edge to catch juices.,positive
"The wall clock looks nice, but the 'silent' ticking is actually quite noticeable in a quiet room. It’s more of a soft 'thump' than a tick.",neutral
The 'heavy-duty' storage bins arrived with two of the lids cracked. The plastic is way thinner than the ones I usually buy at the hardware store.,negative
This electric salt and pepper grinder set is so fancy. It makes seasoning dinner feel like a luxury experience. The little light on the bottom is helpful.,positive
"The bath mat is soft and stays in place, but it takes forever to dry. If I shower in the morning, it’s still damp when I go to brush my teeth at night.",neutral
The 'ergonomic' pillow is as hard as a rock. I woke up with a stiff neck and a headache. It’s going back in the box today.,negative
This car vacuum has surprisingly good suction for being so small. It gets all the crumbs out of the car seat cracks where my kids eat.,positive
"The Bluetooth keyboard is a good size, but the 'A' key sticks occasionally. I have to be careful when I'm typing fast or I miss letters.",neutral
The 'waterproof' phone pouch leaked during a shallow swim. My phone is currently sitting in a bowl of rice. Do not trust this for your electronics.,negative
"This knife sharpener actually works! I was about to throw out my old kitchen knives, but this brought them back to life in just a few minutes.",positive
"The laundry hamper is huge and holds a lot, but the handles feel like they’re going to rip off if you actually fill it to the top.",neutral
The 'natural' dog treats made my poor pup so sick. I checked the ingredients and they're full of fillers and dyes. Never buying this brand again.,negative
"This sleep mask is a game changer for day sleepers. It’s contoured so it doesn't press on your eyelids, and it blocks out 100% of the light.",positive
"The smart plug was easy to set up, but the app requires way too many permissions. Why does a light switch need access to my contacts and location?",neutral
The 'anti-fog' mirror for the shower fogs up instantly. I’ve tried every trick and it just doesn't work. Waste of money for my morning shave.,negative
This spice jar set looks so aesthetic in my kitchen. The pre-printed labels are a nice touch and they even included a little funnel for filling.,positive
"The garden shears are sharp, but the locking mechanism is loose. It keeps sliding into the 'lock' position while I'm trying to prune my bushes.",neutral
The 'high-capacity' ink tank lasted for maybe 50 pages before running out. There is no way this is the amount of ink they advertised.,negative
"This portable neck fan was a lifesaver at the zoo. It looks a bit like headphones so it’s not too embarrassing to wear, and the battery lasts all day.",positive
"The rug is beautiful and soft, but the edges won't stay flat. I’ve had heavy books on the corners for a week and they still curl up.",neutral
"The 'shatterproof' ornaments arrived with half of them broken in the box. They are just thin glass, not plastic like the description said.",negative
"This electric screwdriver is perfect for small tasks around the house. It’s not powerful enough for major construction, but for IKEA furniture, it’s 10/10.",positive
"The humidifier is easy to fill, but it leaves a white dust all over my furniture. I guess I have to use distilled water, which is a hassle.",neutral
The 'stain-resistant' tablecloth stained the very first time someone spilled a little red wine. It soaked right in and wouldn't come out in the wash.,negative
This 4-pack of air tags holders is a great deal. They clip securely to my keys and dog collar and the leather feels surprisingly high quality.,positive
"The mop works well, but the handle is a bit short. I’m 5'10 and I have to hunch over a little bit to use it, which hurts my back after a while.",neutral
The 'fast charger' takes four hours to charge my phone. My old standard charger is actually faster than this. Total false advertising.,negative
"This bidet was so easy to install, even for someone who isn't handy. It’s a total life-changer—I feel so much cleaner and use way less toilet paper.",positive
"The flashlight is incredibly bright, but it gets very hot if you leave it on for more than five minutes. You can barely hold the front of it.",neutral
The 'permanent' markers wiped right off the plastic bins with just a damp cloth. They are definitely not permanent. Very disappointed.,negative
This silicone baking mat set is amazing. Cookies slide right off and I don't have to waste money on parchment paper anymore. Easy to clean too.,positive
"The umbrella is windproof as advertised, but it’s so heavy that my arm gets tired holding it up during a long walk. It’s a bit of a workout.",neutral
"The 'heavy duty' shelving unit is incredibly wobbly. I followed the instructions perfectly, but I wouldn't trust it to hold anything valuable.",negative
This scalp scrub smells like a spa and really helped with my dry winter skin. My hair feels so much lighter and cleaner after using it.,positive
"The wireless earbuds have great sound, but the touch controls are way too sensitive. Every time I adjust them in my ear, I accidentally hang up my call.",neutral
"The 'fleece' jacket is actually a very thin, scratchy polyester. It’s not warm at all and feels like something from a dollar store. Returning.",negative
This magnetic screen door is perfect for summer. My dog can go in and out as he pleases and it snaps shut behind him to keep the flies out.,positive
"The toaster oven works fine, but the timer bell is so quiet you can barely hear it from the next room. I’ve already burnt my toast twice.",neutral
"Love this toaster, heats evenly and hasn’t burned my bread once.",positive
"This movie was a fun way to kill a couple hours, nothing amazing though.",neutral
"The headphones stopped working after a week, pretty disappointed.",negative
"Really happy with this coffee maker, super easy to use every morning.",positive
The plot was okay but dragged in the middle a bit.,neutral
"Vacuum barely picks up anything on carpet, total waste of money.",negative
"Great water bottle, keeps drinks cold all day at work.",positive
The movie had some cool scenes but I probably won’t rewatch it.,neutral
This phone charger gets hot and feels unsafe.,negative
"Comfortable office chair, my back feels way better now.",positive
"The story was simple and predictable, but not bad.",neutral
Blender smells like burning plastic when I use it.,negative
These wireless earbuds sound great for the price.,positive
The acting was fine but the ending fell flat.,neutral
Keyboard keys started sticking after a month.,negative
"Nice soft bath towels, feels like a hotel.",positive
It was entertaining but forgettable.,neutral
The lamp arrived cracked and customer support was slow.,negative
"Solid mouse, very responsive for gaming.",positive
"The movie wasn’t terrible, just very average.",neutral
This air fryer takes forever to cook anything.,negative
"Love this desk, sturdy and easy to assemble.",positive
"Some scenes were cool, others felt pointless.",neutral
"Terrible build quality, the handle broke immediately.",negative
"Great yoga mat, doesn’t slip at all.",positive
The movie tried too hard to be funny.,neutral
Coffee grinder is super loud and messy.,negative
"Nice pair of sunglasses, lightweight and comfy.",positive
It was fine for a lazy Sunday watch.,neutral
Screen protector cracked within two days.,negative
"Really impressed with this slow cooker, meals taste amazing.",positive
The pacing felt off but the visuals were nice.,neutral
These socks shrank after one wash.,negative
"Solid bookshelf, holds all my heavy books.",positive
The movie had potential but didn’t go far enough.,neutral
Hair dryer barely blows any air.,negative
"Love this reusable grocery bag, very durable.",positive
"It wasn’t boring, just not memorable.",neutral
Remote control stopped responding randomly.,negative
"Comfortable running shoes, no blisters at all.",positive
The storyline was straightforward and safe.,neutral
This humidifier leaks water everywhere.,negative
"Great frying pan, nothing sticks even without oil.",positive
The movie felt way too long.,neutral
"Cheap plastic feel, definitely not worth it.",negative
"Nice alarm clock, easy to read at night.",positive
It was decent background noise.,neutral
Power bank charges super slowly.,negative
"Love this planner, keeps me organized all week.",positive
The movie was okay but overhyped.,neutral
Buttons fell off the jacket after a few wears.,negative
"Really good desk lamp, bright without hurting my eyes.",positive
"Some parts were interesting, others dragged.",neutral
Speaker distorts sound at medium volume.,negative
"Perfect size cutting board, very sturdy.",positive
It didn’t make me laugh or cry.,neutral
Terrible customer support experience.,negative
"Great luggage, rolled smoothly through the airport.",positive
"The movie was fine, not bad not great.",neutral
Fan makes a rattling noise constantly.,negative
"Love this throw blanket, super cozy.",positive
It passed the time but that’s about it.,neutral
The zipper broke almost immediately.,negative
"Solid phone case, already saved my phone once.",positive
The plot was easy to follow.,neutral
Doesn’t hold a charge like advertised.,negative
"Nice set of measuring cups, very accurate.",positive
The movie felt very formulaic.,neutral
Table wobbles even after tightening screws.,negative
Great Bluetooth speaker for outdoor use.,positive
"It wasn’t offensive, just bland.",neutral
Paint peeled off after one week.,negative
"Love this pet bed, my dog uses it nonstop.",positive
The movie had a few good moments.,neutral
Coffee mug cracked when I poured hot water.,negative
"Comfortable gaming controller, buttons feel great.",positive
The ending was predictable.,neutral
Lightbulb burned out way too fast.,negative
Excellent picture quality on this monitor.,positive
"It was a chill, low-effort watch.",neutral
Product arrived missing parts.,negative
"Really good cutting knife, very sharp.",positive
The story was simple and clean.,neutral
Smells weird and won’t go away.,negative
"Nice portable fan, perfect for travel.",positive
It didn’t stand out in any way.,neutral
"Terrible instructions, very confusing.",negative
"Love this candle, scent fills the room.",positive
The movie was just okay.,neutral
Chair cushion flattened within days.,negative
"Great backpack, fits my laptop perfectly.",positive
The movie was easy to watch.,neutral
"Cheap materials, feels flimsy.",negative
Excellent sound quality for these earbuds.,positive
"Nothing special, nothing awful.",neutral
Heater barely warms the room.,negative
"Really happy with this wall clock, looks stylish.",positive
The movie had nice visuals but weak story.,neutral
Scratches showed up immediately.,negative
"Good quality bedsheets, very soft.",positive
It didn’t leave much of an impression.,neutral
Stopped working right after the return window.,negative
Fantastic fitness tracker for daily use.,positive
The movie felt safe and generic.,neutral
Buttons are unresponsive half the time.,negative
"Love this spice rack, saves so much space.",positive
It was watchable but forgettable.,neutral
Battery drains overnight.,negative
"Nice compact microwave, heats evenly.",positive
The movie didn’t take any risks.,neutral
Very uncomfortable headphones.,negative
"Great picture frame, looks classy.",positive
It was fine for what it was.,neutral
Paint color looked nothing like the photos.,negative
"Really good yoga blocks, very supportive.",positive
The movie was pleasant but dull.,neutral
Cheap stitching started unraveling.,negative
"Solid extension cord, works as expected.",positive
The story was straightforward.,neutral
Doesn’t fit as advertised.,negative
"Love this mini projector, super fun for movie nights.",positive
"It wasn’t bad, just slow.",neutral
Product feels poorly made.,negative
"Great rolling pin, nice weight to it.",positive
The movie lacked energy.,neutral
Stopped syncing with my phone.,negative
"Nice travel pillow, actually comfortable.",positive
It didn’t keep my attention fully.,neutral
Buttons fell off quickly.,negative
"Really good ice cube tray, easy to use.",positive
The movie was harmless entertainment.,neutral
Handle cracked after light use.,negative
"Excellent desk organizer, very handy.",positive
It was okay but nothing new.,neutral
Charging cable frayed fast.,negative
"Love this shower curtain, brightens the bathroom.",positive
The movie felt unnecessary long.,neutral
Poor sound insulation.,negative
"Great baking sheet, nothing sticks.",positive
It wasn’t memorable at all.,neutral
Product arrived damaged.,negative
Really impressed with this power strip.,positive
The movie was average overall.,neutral
Very noisy and annoying.,negative
"Nice insulated lunch bag, keeps food fresh.",positive
It didn’t wow me.,neutral
Material feels cheap.,negative
Excellent non-slip doormat.,positive
The movie had decent acting.,neutral
Stopped working randomly.,negative
"Love this whiteboard, very easy to clean.",positive
It was serviceable.,neutral
Extremely uncomfortable to use.,negative
"Solid food storage containers, no leaks.",positive
The movie didn’t surprise me.,neutral
Motor burned out quickly.,negative
"Great car phone mount, holds steady.",positive
It was just fine.,neutral
Not worth the price at all.,negative
"Nice comfy slippers, very warm.",positive
The movie was calm but boring.,neutral
Cheap plastic smell.,negative
"Excellent step stool, very sturdy.",positive
It felt rushed.,neutral
Doesn’t work as described.,negative
"Love this desk mat, looks clean.",positive
The movie was simple.,neutral
Very poor build quality.,negative
Good quality picture album.,positive
It didn’t leave a strong impression.,neutral
Stopped charging after two weeks.,negative
"Really nice reusable straws, easy to clean.",positive
The movie was mild.,neutral
Parts didn’t line up properly.,negative
"Solid laundry hamper, holds a lot.",positive
It was okay for a one-time watch.,neutral
Screen flickers constantly.,negative
"Great food scale, very accurate.",positive
The movie didn’t do much.,neutral
Feels flimsy and weak.,negative
"Love this seat cushion, helps my posture.",positive
It was decent but slow.,neutral
Stopped working completely.,negative
"Nice soap dispenser, looks modern.",positive
The movie was predictable.,neutral
Very disappointing quality.,negative
"Excellent pet leash, strong and comfy.",positive
It didn’t stand out.,neutral
Bad stitching throughout.,negative
Really good meat thermometer.,positive
The movie was fine overall.,neutral
Cheap parts broke fast.,negative
"Great shoe rack, easy to set up.",positive
It was a neutral experience.,neutral
Doesn’t last long at all.,negative
"Love this insulated mug, keeps coffee hot.",positive
The movie had some nice moments.,neutral
Would not buy again.,negative
Solid paper shredder for home use.,positive
It was nothing special.,neutral
Extremely poor performance.,negative
"Nice soft pillow, sleeps great.",positive
The movie was average at best.,neutral
Fell apart quickly.,negative
"Great cutting scissors, very sharp.",positive
It was watchable.,neutral
Not reliable at all.,negative
Really happy with this laptop stand.,positive
The movie was simple entertainment.,neutral
Cheap feel overall.,negative
"Excellent phone stand, very stable.",positive
It didn’t impress me.,neutral
Stopped working mid-use.,negative
"Nice decorative plant, looks real.",positive
The movie was easy to follow.,neutral
Not durable whatsoever.,negative
"Great kitchen timer, loud and clear.",positive
It was fine for background viewing.,neutral
Very low quality product.,negative
Love this drawer organizer.,positive
The movie lacked depth.,neutral
Would not recommend.,negative
Solid reusable water filter.,positive
Terrible experience overall.,negative
I’ve been using this toaster every morning and it heats evenly without burning my bread.,positive
This movie was entertaining enough for a weekend watch but didn’t really stick with me afterward.,neutral
The blender stopped working after a few uses and smelled like burnt plastic.,negative
"Really happy with this coffee maker because it’s simple, fast, and reliable every morning.",positive
The movie had decent acting but the story felt slow and predictable overall.,neutral
This vacuum barely picks up dirt and feels weak even on the highest setting.,negative
I like this water bottle a lot since it keeps my drinks cold all day.,positive
The movie had a few fun moments but I wouldn’t go out of my way to recommend it.,neutral
The charging cable frayed quickly and now only works at certain angles.,negative
This office chair is surprisingly comfortable and helped reduce my back pain.,positive
The story was easy to follow but nothing about it felt original.,neutral
The headphones sounded okay at first but the left side stopped working.,negative
I’m impressed with these earbuds because the sound quality is great for the price.,positive
The movie looked nice visually but the ending felt rushed and unsatisfying.,neutral
The keyboard keys started sticking after a month of light use.,negative
"These towels are soft, absorbent, and still feel great after several washes.",positive
The movie was fine to watch once but not something I’d revisit.,neutral
The lamp arrived damaged and the packaging didn’t offer much protection.,negative
This mouse feels responsive and works perfectly for long gaming sessions.,positive
The movie wasn’t bad but didn’t really leave a lasting impression.,neutral
The air fryer takes way too long to cook food evenly.,negative
This desk feels sturdy and was easy to assemble without extra tools.,positive
Some scenes were interesting but others dragged on longer than needed.,neutral
The handle broke almost immediately and feels very cheaply made.,negative
This yoga mat has great grip and doesn’t slide during workouts.,positive
The movie tried too hard to be funny and the jokes didn’t land.,neutral
The coffee grinder is extremely loud and makes a mess every time.,negative
These sunglasses are lightweight and comfortable for all day wear.,positive
The movie was okay overall but definitely forgettable.,neutral
The screen protector cracked after just one small drop.,negative
I love this slow cooker because it makes meals easy and flavorful.,positive
The pacing of the movie felt off even though the visuals were nice.,neutral
These socks shrank after the first wash and barely fit anymore.,negative
This bookshelf holds a lot of weight and doesn’t wobble at all.,positive
The movie had potential but never really delivered on it.,neutral
The hair dryer barely blows air and takes forever to dry hair.,negative
This reusable grocery bag is durable and holds a surprising amount.,positive
The movie wasn’t boring but didn’t stand out either.,neutral
The remote randomly stops responding which is very frustrating.,negative
These running shoes feel supportive and comfortable even on long walks.,positive
The storyline was straightforward and didn’t offer many surprises.,neutral
The humidifier leaks water and leaves puddles on the floor.,negative
This frying pan heats evenly and nothing sticks to the surface.,positive
The movie felt much longer than it needed to be.,neutral
The materials feel cheap and not worth the price at all.,negative
This alarm clock is easy to read and simple to set up.,positive
The movie worked fine as background noise while doing other things.,neutral
The power bank charges devices very slowly compared to others.,negative
I really like this planner because it helps keep my week organized.,positive
The movie was decent but definitely overhyped by others.,neutral
The jacket buttons fell off after only a few wears.,negative
This desk lamp gives off great light without straining my eyes.,positive
Some parts of the movie were interesting but others dragged.,neutral
The speaker distorts badly once the volume goes past halfway.,negative
"This cutting board is thick, sturdy, and easy to clean.",positive
The movie didn’t make me laugh or feel much of anything.,neutral
Customer support was unhelpful and took forever to respond.,negative
This suitcase rolled smoothly and held up well during travel.,positive
The movie was fine but nothing memorable stood out.,neutral
The fan makes a constant rattling noise that’s hard to ignore.,negative
This blanket is incredibly cozy and perfect for cold evenings.,positive
The movie passed the time but that’s about it.,neutral
The zipper broke almost immediately after first use.,negative
This phone case fits well and already protected my phone once.,positive
The plot was easy to follow and very straightforward.,neutral
The battery doesn’t hold a charge nearly as long as advertised.,negative
These measuring cups feel sturdy and seem very accurate.,positive
The movie felt formulaic and played things very safe.,neutral
The table wobbles even after tightening all the screws.,negative
This Bluetooth speaker is great for outdoor use and sounds clear.,positive
The movie wasn’t offensive but also wasn’t exciting.,neutral
The paint started peeling off after just one week.,negative
My dog loves this pet bed and uses it every day.,positive
The movie had a few good scenes mixed with a lot of filler.,neutral
The mug cracked when I poured hot water into it.,negative
This controller feels comfortable and responsive during long sessions.,positive
The ending was predictable and didn’t surprise me.,neutral
The lightbulb burned out much faster than expected.,negative
This monitor has excellent picture quality and sharp colors.,positive
The movie was a chill watch but nothing special.,neutral
The product arrived missing important parts.,negative
This knife is very sharp and makes cooking easier.,positive
The story was simple and easy to understand.,neutral
The product smells strange and the odor never went away.,negative
This portable fan works well and is great for travel.,positive
The movie didn’t really stand out compared to similar ones.,neutral
The instructions were confusing and poorly written.,negative
This candle smells amazing and fills the whole room.,positive
The movie was just okay overall.,neutral
The chair cushion flattened after only a few days.,negative
This backpack fits my laptop perfectly and feels durable.,positive
The movie was easy to watch but forgettable.,neutral
The materials feel flimsy and poorly made.,negative
These earbuds sound great and stay comfortable for long use.,positive
There was nothing special about the movie either way.,neutral
The heater barely warms the room at all.,negative
This wall clock looks stylish and works perfectly.,positive
The movie had nice visuals but a weak story.,neutral
Scratches appeared on the surface almost immediately.,negative
These bedsheets are soft and still feel great after washing.,positive
The movie didn’t leave much of an impression.,neutral
The product stopped working right after the return window.,negative
This fitness tracker works well for daily activity tracking.,positive
The movie felt very generic and safe.,neutral
The buttons are unresponsive half the time.,negative
This spice rack saves space and looks great in my kitchen.,positive
The movie was watchable but forgettable.,neutral
The battery drains overnight even when not in use.,negative
This microwave heats evenly and fits well on the counter.,positive
The movie didn’t take many creative risks.,neutral
The headphones are uncomfortable and hurt after short use.,negative
This picture frame looks classy and well made.,positive
The movie was fine for what it was.,neutral
The color looked completely different than the photos.,negative
These yoga blocks feel sturdy and provide great support.,positive
The movie was pleasant but a bit dull.,neutral
The stitching started unraveling very quickly.,negative
This extension cord feels solid and works as expected.,positive
The story was straightforward without surprises.,neutral
The product doesn’t fit as advertised.,negative
This mini projector is fun and great for casual movie nights.,positive
The movie wasn’t bad but felt slow at times.,neutral
The product feels poorly made and cheap.,negative
This rolling pin has a nice weight and feels durable.,positive
The movie lacked energy throughout.,neutral
The device stopped syncing with my phone randomly.,negative
This travel pillow is actually comfortable and supportive.,positive
The movie didn’t fully keep my attention.,neutral
The buttons fell off much sooner than expected.,negative
This ice cube tray is easy to use and clean.,positive
The handle cracked after very light use.,negative
This desk organizer keeps everything neat and accessible.,positive
The movie was okay but nothing new.,neutral
The charging cable frayed after just a few weeks.,negative
This shower curtain looks great and brightens the bathroom.,positive
The movie felt unnecessarily long.,neutral
The product offers poor sound insulation.,negative
This baking sheet works perfectly and nothing sticks.,positive
The movie wasn’t memorable at all.,neutral
The item arrived damaged despite the packaging.,negative
This power strip works well and feels sturdy.,positive
The product is very noisy and annoying to use.,negative
This lunch bag keeps food fresh for hours.,positive
The movie didn’t really wow me.,neutral
The material feels cheap and thin.,negative
This doormat stays in place and doesn’t slip.,positive
The movie had decent acting but nothing special.,neutral
The device stopped working randomly.,negative
This whiteboard is easy to clean and very useful.,positive
The movie was serviceable but bland.,neutral
The product is extremely uncomfortable to use.,negative
These food containers seal well and never leak.,positive
The movie didn’t surprise me at all.,neutral
The motor burned out far too quickly.,negative
This car phone mount holds steady even on bumpy roads.,positive
The movie was just fine overall.,neutral
The product is not worth the price.,negative
These slippers are warm and comfortable around the house.,positive
The product has a strong cheap plastic smell.,negative
This step stool feels very sturdy and safe.,positive
The movie felt rushed in parts.,neutral
The product does not work as described.,negative
This desk mat looks clean and feels high quality.,positive
The movie was very simple.,neutral
The build quality is extremely poor.,negative
This photo album feels well made and sturdy.,positive
The movie didn’t leave a strong impression.,neutral
The device stopped charging after two weeks.,negative
These reusable straws are easy to clean and durable.,positive
The movie was mild and unexciting.,neutral
The parts didn’t line up during assembly.,negative
This laundry hamper holds a lot of clothes easily.,positive
The movie was okay for a one time watch.,neutral
The screen flickers constantly and is distracting.,negative
This food scale is accurate and easy to use.,positive
The movie didn’t really do much.,neutral
The product feels weak and flimsy.,negative
This seat cushion improved my posture noticeably.,positive
The movie was decent but slow.,neutral
The device stopped working completely.,negative
This soap dispenser looks modern and works well.,positive
The movie was predictable from the start.,neutral
The quality was very disappointing.,negative
This pet leash feels strong and comfortable to hold.,positive
The movie didn’t stand out at all.,neutral
The stitching was bad throughout the product.,negative
This meat thermometer works quickly and accurately.,positive
The parts broke much faster than expected.,negative
This shoe rack was easy to assemble and sturdy.,positive
The experience felt neutral overall.,neutral
The product doesn’t last long at all.,negative
This insulated mug keeps my coffee hot for hours.,positive
The movie had a few nice moments.,neutral
I would not buy this again.,negative
